GEOID,Aggravated Assault,Aircraft,Arson,Assembly or Gathering Violations,Auto Theft,Auto Theft Recovery,Ballistics,Biological Threat,Bomb Hoax,Burglary - No Property Taken,Commercial Burglary,Confidence Games,Counterfeiting,Criminal Harassment,Disorderly Conduct,Drug Violation,Embezzlement,Evading Fare,Explosives,Fire Related Reports,Firearm Discovery,Firearm Violations,Fraud,Gambling,HOME INVASION,HUMAN TRAFFICKING,HUMAN TRAFFICKING - INVOLUNTARY SERVITUDE,Harassment,Harbor Related Incidents,Homicide,INVESTIGATE PERSON,Investigate Person,Investigate Property,Landlord/Tenant Disputes,Larceny,Larceny From Motor Vehicle,License Plate Related Incidents,License Violation,Liquor Violation,Manslaughter,Medical Assistance,Miscellaneous Offenses,Missing Person Located,Missing Person Reported,Motor Vehicle Accident Response,Offenses Against Child / Family,Operating Under the Influence,Other,Other Burglary,Phone Call Complaints,Police Service Incidents,Prisoner Related Incidents,Property Found,Property Lost,Property Related Damage,Prostitution,Recovered Stolen Property,Residential Burglary,Restraining Order Violations,Robbery,Search Warrants,Service,Simple Assault,Towed,Vandalism,Verbal Disputes,Violations,Warrant Arrests,TOTAL
25017342400,0.0,0.0,0.0,0.0,1.0,0.0,0.0,0.0,0.0,0.0,0.0,0.0,0.0,0.0,0.0,0.0,0.0,0.0,0.0,0.0,0.0,0.0,0.0,0.0,0.0,0.0,0.0,0.0,0.0,0.0,0.0,3.0,0.0,0.0,0.0,0.0,0.0,0.0,0.0,0.0,0.0,3.0,0.0,0.0,7.0,0.0,0.0,1.0,0.0,0.0,0.0,0.0,0.0,0.0,0.0,0.0,0.0,0.0,0.0,0.0,0.0,0.0,0.0,0.0,1.0,0.0,1.0,1.0,18
25017358600,0.0,0.0,0.0,0.0,0.0,0.0,0.0,0.0,0.0,0.0,0.0,0.0,0.0,0.0,0.0,0.0,0.0,0.0,0.0,0.0,0.0,0.0,0.0,0.0,0.0,0.0,0.0,0.0,0.0,0.0,0.0,0.0,0.0,0.0,0.0,0.0,0.0,0.0,0.0,0.0,0.0,1.0,0.0,0.0,0.0,0.0,0.0,0.0,0.0,0.0,0.0,0.0,0.0,0.0,0.0,0.0,0.0,0.0,0.0,0.0,0.0,0.0,0.0,0.0,0.0,0.0,0.0,0.0,1
25017373600,0.0,0.0,0.0,0.0,0.0,0.0,0.0,0.0,0.0,0.0,0.0,0.0,0.0,0.0,0.0,0.0,0.0,1.0,0.0,0.0,0.0,0.0,0.0,0.0,0.0,0.0,0.0,0.0,0.0,0.0,0.0,1.0,11.0,0.0,0.0,0.0,0.0,0.0,0.0,0.0,0.0,0.0,1.0,0.0,3.0,0.0,0.0,1.0,0.0,0.0,1.0,0.0,0.0,0.0,0.0,0.0,0.0,0.0,0.0,0.0,0.0,0.0,0.0,2.0,0.0,0.0,1.0,0.0,22
25017373900,0.0,0.0,0.0,0.0,0.0,0.0,0.0,0.0,0.0,0.0,0.0,0.0,0.0,0.0,0.0,0.0,0.0,0.0,0.0,0.0,0.0,0.0,0.0,0.0,0.0,0.0,0.0,0.0,0.0,0.0,0.0,0.0,0.0,0.0,0.0,0.0,0.0,0.0,0.0,0.0,0.0,0.0,0.0,0.0,1.0,0.0,0.0,0.0,0.0,0.0,0.0,0.0,0.0,0.0,0.0,0.0,0.0,0.0,0.0,0.0,0.0,0.0,0.0,0.0,0.0,0.0,0.0,0.0,1
25021400100,0.0,0.0,0.0,0.0,2.0,0.0,0.0,0.0,0.0,0.0,0.0,0.0,0.0,0.0,0.0,0.0,0.0,0.0,0.0,0.0,0.0,0.0,0.0,0.0,0.0,0.0,0.0,0.0,0.0,0.0,0.0,2.0,0.0,0.0,3.0,0.0,0.0,0.0,0.0,0.0,6.0,11.0,1.0,0.0,21.0,0.0,0.0,2.0,0.0,0.0,0.0,0.0,0.0,2.0,0.0,0.0,0.0,0.0,0.0,0.0,0.0,0.0,0.0,11.0,3.0,1.0,0.0,1.0,66
25021400200,1.0,0.0,0.0,0.0,2.0,1.0,0.0,0.0,0.0,0.0,0.0,2.0,0.0,0.0,0.0,0.0,0.0,0.0,0.0,0.0,0.0,0.0,1.0,0.0,0.0,0.0,0.0,0.0,0.0,0.0,0.0,1.0,2.0,0.0,2.0,0.0,1.0,0.0,0.0,0.0,4.0,5.0,0.0,0.0,25.0,0.0,0.0,0.0,0.0,0.0,0.0,0.0,2.0,3.0,1.0,0.0,0.0,0.0,1.0,0.0,0.0,0.0,4.0,13.0,4.0,1.0,3.0,0.0,79
25021401200,0.0,0.0,0.0,0.0,0.0,0.0,0.0,0.0,0.0,0.0,0.0,0.0,1.0,0.0,0.0,0.0,0.0,0.0,0.0,0.0,0.0,0.0,0.0,0.0,0.0,0.0,0.0,2.0,0.0,0.0,0.0,0.0,0.0,0.0,0.0,0.0,0.0,0.0,0.0,0.0,0.0,0.0,0.0,0.0,0.0,0.0,0.0,0.0,0.0,0.0,0.0,0.0,0.0,0.0,0.0,0.0,0.0,0.0,0.0,0.0,0.0,0.0,0.0,0.0,1.0,0.0,0.0,0.0,4
25021402101,0.0,0.0,0.0,0.0,0.0,0.0,0.0,0.0,0.0,0.0,0.0,0.0,0.0,0.0,0.0,0.0,0.0,0.0,0.0,0.0,0.0,0.0,0.0,0.0,0.0,0.0,0.0,0.0,0.0,0.0,0.0,0.0,0.0,0.0,1.0,1.0,0.0,0.0,0.0,0.0,0.0,0.0,0.0,0.0,2.0,0.0,0.0,0.0,0.0,0.0,1.0,0.0,0.0,0.0,0.0,0.0,0.0,0.0,0.0,0.0,0.0,0.0,0.0,0.0,1.0,0.0,0.0,1.0,7
25021413100,0.0,0.0,0.0,0.0,0.0,0.0,0.0,0.0,0.0,0.0,0.0,0.0,0.0,0.0,0.0,0.0,0.0,0.0,0.0,0.0,0.0,0.0,0.0,0.0,0.0,0.0,0.0,0.0,0.0,0.0,0.0,0.0,0.0,0.0,0.0,0.0,0.0,0.0,0.0,0.0,0.0,1.0,0.0,0.0,0.0,0.0,0.0,0.0,0.0,0.0,0.0,0.0,0.0,0.0,0.0,0.0,0.0,0.0,0.0,0.0,0.0,0.0,0.0,0.0,0.0,0.0,0.0,0.0,1
25021416102,0.0,0.0,0.0,0.0,0.0,0.0,0.0,0.0,0.0,0.0,0.0,0.0,0.0,0.0,0.0,0.0,0.0,0.0,0.0,0.0,0.0,0.0,0.0,0.0,0.0,0.0,0.0,0.0,0.0,0.0,0.0,0.0,0.0,0.0,0.0,0.0,0.0,0.0,0.0,0.0,0.0,1.0,0.0,0.0,0.0,0.0,0.0,0.0,0.0,0.0,0.0,0.0,0.0,0.0,0.0,0.0,0.0,0.0,0.0,0.0,0.0,0.0,0.0,0.0,0.0,0.0,0.0,0.0,1
25025000100,41.0,0.0,0.0,3.0,40.0,8.0,4.0,0.0,0.0,0.0,12.0,22.0,16.0,6.0,8.0,76.0,13.0,4.0,0.0,21.0,3.0,11.0,59.0,0.0,0.0,0.0,0.0,64.0,0.0,1.0,0.0,184.0,77.0,7.0,259.0,91.0,9.0,9.0,4.0,0.0,210.0,358.0,135.0,91.0,400.0,4.0,10.0,157.0,10.0,1.0,15.0,0.0,35.0,88.0,11.0,0.0,3.0,34.0,14.0,29.0,2.0,6.0,125.0,103.0,202.0,96.0,34.0,34.0,3259
25025000201,11.0,0.0,0.0,1.0,14.0,1.0,1.0,0.0,1.0,0.0,0.0,7.0,6.0,0.0,1.0,30.0,0.0,2.0,0.0,10.0,1.0,6.0,36.0,0.0,0.0,0.0,0.0,13.0,0.0,2.0,0.0,59.0,40.0,1.0,62.0,46.0,3.0,0.0,0.0,0.0,80.0,116.0,10.0,8.0,177.0,0.0,3.0,46.0,2.0,0.0,7.0,0.0,13.0,24.0,3.0,11.0,0.0,42.0,2.0,0.0,4.0,1.0,31.0,115.0,36.0,25.0,10.0,24.0,1144
25025000202,20.0,0.0,0.0,4.0,17.0,6.0,2.0,0.0,0.0,0.0,1.0,9.0,40.0,0.0,7.0,38.0,0.0,12.0,1.0,3.0,6.0,4.0,20.0,0.0,1.0,0.0,0.0,23.0,0.0,0.0,0.0,79.0,49.0,8.0,64.0,53.0,2.0,0.0,1.0,0.0,86.0,149.0,16.0,8.0,197.0,3.0,1.0,60.0,0.0,0.0,14.0,1.0,16.0,25.0,15.0,0.0,4.0,64.0,9.0,12.0,19.0,2.0,59.0,96.0,68.0,60.0,22.0,16.0,1492
25025000301,4.0,0.0,0.0,2.0,7.0,2.0,0.0,0.0,0.0,0.0,3.0,7.0,3.0,1.0,3.0,16.0,1.0,1.0,0.0,7.0,1.0,0.0,22.0,0.0,0.0,0.0,0.0,15.0,0.0,0.0,0.0,53.0,28.0,2.0,29.0,31.0,1.0,2.0,0.0,0.0,57.0,79.0,9.0,4.0,123.0,0.0,2.0,28.0,2.0,1.0,3.0,0.0,6.0,23.0,5.0,7.0,1.0,13.0,3.0,0.0,0.0,1.0,18.0,72.0,28.0,18.0,7.0,7.0,758
25025000302,10.0,0.0,0.0,2.0,10.0,1.0,0.0,0.0,0.0,0.0,4.0,7.0,3.0,0.0,2.0,15.0,1.0,5.0,0.0,5.0,2.0,0.0,19.0,0.0,0.0,0.0,0.0,18.0,0.0,0.0,0.0,43.0,22.0,1.0,85.0,42.0,0.0,2.0,1.0,0.0,54.0,112.0,8.0,3.0,137.0,1.0,0.0,31.0,2.0,0.0,4.0,0.0,12.0,21.0,3.0,0.0,2.0,23.0,2.0,3.0,2.0,2.0,26.0,63.0,38.0,27.0,7.0,3.0,886
25025000401,8.0,0.0,1.0,0.0,18.0,2.0,0.0,0.0,0.0,0.0,0.0,10.0,5.0,4.0,1.0,11.0,1.0,0.0,0.0,12.0,3.0,0.0,43.0,0.0,0.0,0.0,0.0,21.0,0.0,0.0,0.0,59.0,32.0,5.0,51.0,50.0,2.0,0.0,0.0,0.0,97.0,114.0,17.0,10.0,124.0,1.0,0.0,32.0,1.0,0.0,4.0,1.0,11.0,19.0,4.0,0.0,2.0,48.0,0.0,4.0,0.0,2.0,25.0,133.0,51.0,16.0,2.0,2.0,1059
25025000402,17.0,0.0,0.0,19.0,9.0,2.0,2.0,0.0,2.0,0.0,4.0,18.0,13.0,2.0,18.0,19.0,1.0,7.0,0.0,14.0,1.0,4.0,37.0,0.0,1.0,0.0,0.0,24.0,0.0,0.0,0.0,86.0,76.0,4.0,107.0,42.0,1.0,5.0,1.0,0.0,101.0,153.0,18.0,10.0,182.0,2.0,2.0,67.0,0.0,0.0,5.0,0.0,22.0,55.0,6.0,0.0,1.0,97.0,4.0,7.0,0.0,3.0,41.0,81.0,59.0,16.0,18.0,7.0,1493
25025000502,7.0,0.0,0.0,2.0,8.0,0.0,0.0,0.0,0.0,0.0,3.0,15.0,6.0,0.0,5.0,13.0,4.0,4.0,0.0,6.0,1.0,0.0,28.0,0.0,0.0,0.0,0.0,14.0,0.0,0.0,0.0,61.0,35.0,5.0,63.0,49.0,3.0,26.0,11.0,0.0,111.0,123.0,12.0,6.0,119.0,1.0,1.0,33.0,2.0,0.0,9.0,0.0,18.0,35.0,5.0,1.0,3.0,15.0,3.0,9.0,2.0,3.0,32.0,174.0,42.0,20.0,14.0,5.0,1167
25025000503,5.0,0.0,0.0,0.0,9.0,2.0,0.0,0.0,0.0,0.0,0.0,10.0,2.0,0.0,3.0,5.0,0.0,0.0,0.0,10.0,5.0,0.0,21.0,0.0,0.0,0.0,0.0,17.0,0.0,0.0,0.0,30.0,17.0,3.0,37.0,49.0,0.0,2.0,0.0,0.0,40.0,77.0,2.0,0.0,64.0,0.0,1.0,17.0,1.0,0.0,7.0,0.0,8.0,10.0,4.0,0.0,0.0,25.0,1.0,1.0,0.0,0.0,10.0,128.0,27.0,12.0,4.0,4.0,670
25025000504,14.0,0.0,0.0,1.0,21.0,0.0,0.0,0.0,0.0,0.0,3.0,17.0,5.0,0.0,4.0,33.0,1.0,2.0,0.0,11.0,2.0,2.0,50.0,0.0,0.0,0.0,0.0,13.0,0.0,0.0,0.0,97.0,49.0,0.0,98.0,62.0,5.0,5.0,0.0,0.0,139.0,178.0,12.0,4.0,194.0,1.0,1.0,40.0,1.0,0.0,2.0,0.0,12.0,28.0,13.0,0.0,3.0,56.0,6.0,6.0,0.0,0.0,45.0,130.0,79.0,27.0,15.0,11.0,1498
25025000601,31.0,0.0,0.0,1.0,23.0,2.0,6.0,0.0,1.0,0.0,6.0,15.0,14.0,2.0,15.0,227.0,1.0,5.0,0.0,9.0,12.0,4.0,37.0,0.0,0.0,1.0,0.0,25.0,0.0,0.0,0.0,152.0,102.0,1.0,129.0,44.0,6.0,16.0,2.0,0.0,191.0,1153.0,21.0,9.0,219.0,2.0,4.0,80.0,3.0,0.0,33.0,6.0,105.0,68.0,6.0,1.0,6.0,37.0,12.0,14.0,25.0,0.0,92.0,91.0,98.0,27.0,26.0,40.0,3258
25025000602,66.0,0.0,2.0,7.0,20.0,4.0,5.0,0.0,4.0,0.0,8.0,21.0,7.0,4.0,34.0,101.0,0.0,3.0,0.0,22.0,2.0,25.0,36.0,0.0,2.0,0.0,0.0,44.0,0.0,0.0,0.0,186.0,60.0,5.0,174.0,28.0,3.0,7.0,2.0,0.0,273.0,380.0,161.0,111.0,213.0,6.0,5.0,166.0,7.0,2.0,13.0,2.0,31.0,49.0,9.0,0.0,9.0,69.0,9.0,29.0,2.0,3.0,203.0,109.0,118.0,102.0,30.0,45.0,3038
25025000701,16.0,0.0,0.0,0.0,16.0,1.0,1.0,0.0,0.0,0.0,2.0,15.0,6.0,1.0,1.0,19.0,0.0,1.0,0.0,14.0,0.0,1.0,40.0,0.0,0.0,0.0,0.0,28.0,0.0,0.0,0.0,77.0,42.0,6.0,105.0,32.0,9.0,0.0,0.0,0.0,82.0,178.0,4.0,5.0,150.0,0.0,0.0,43.0,1.0,0.0,8.0,0.0,10.0,29.0,9.0,1.0,2.0,67.0,2.0,7.0,0.0,2.0,27.0,138.0,56.0,41.0,9.0,7.0,1311
25025000703,54.0,0.0,1.0,1.0,34.0,5.0,2.0,0.0,0.0,0.0,13.0,25.0,15.0,2.0,7.0,35.0,7.0,3.0,0.0,6.0,1.0,2.0,40.0,0.0,1.0,0.0,0.0,12.0,0.0,0.0,0.0,84.0,56.0,1.0,276.0,59.0,3.0,57.0,9.0,0.0,140.0,204.0,8.0,4.0,211.0,1.0,2.0,71.0,3.0,1.0,11.0,1.0,28.0,85.0,5.0,0.0,10.0,65.0,3.0,19.0,3.0,1.0,107.0,90.0,105.0,22.0,25.0,24.0,2060
25025000704,19.0,0.0,1.0,1.0,30.0,2.0,0.0,0.0,0.0,0.0,1.0,27.0,6.0,1.0,6.0,28.0,2.0,3.0,0.0,19.0,2.0,6.0,67.0,0.0,0.0,0.0,0.0,22.0,0.0,1.0,0.0,87.0,48.0,3.0,199.0,36.0,0.0,18.0,2.0,0.0,150.0,210.0,14.0,11.0,143.0,1.0,2.0,78.0,3.0,0.0,13.0,0.0,19.0,61.0,9.0,0.0,4.0,52.0,2.0,14.0,2.0,2.0,60.0,142.0,82.0,27.0,12.0,11.0,1761
25025000802,66.0,0.0,1.0,28.0,64.0,12.0,3.0,0.0,2.0,0.0,16.0,37.0,18.0,4.0,35.0,66.0,5.0,9.0,0.0,39.0,3.0,4.0,81.0,0.0,0.0,3.0,0.0,36.0,0.0,0.0,0.0,188.0,118.0,11.0,331.0,85.0,10.0,63.0,8.0,0.0,266.0,511.0,27.0,17.0,396.0,4.0,9.0,142.0,15.0,3.0,13.0,1.0,40.0,110.0,27.0,24.0,13.0,206.0,14.0,40.0,6.0,1.0,175.0,162.0,220.0,79.0,70.0,27.0,3964
25025000803,7.0,0.0,0.0,0.0,3.0,0.0,0.0,0.0,6.0,0.0,3.0,1.0,3.0,0.0,6.0,9.0,0.0,1.0,0.0,3.0,1.0,1.0,11.0,0.0,0.0,0.0,0.0,2.0,0.0,0.0,0.0,45.0,44.0,0.0,42.0,1.0,0.0,31.0,9.0,0.0,69.0,209.0,3.0,1.0,117.0,13.0,0.0,21.0,1.0,0.0,9.0,0.0,5.0,30.0,1.0,1.0,1.0,2.0,1.0,4.0,9.0,0.0,35.0,23.0,13.0,3.0,4.0,7.0,811
25025010103,1.0,0.0,0.0,1.0,8.0,2.0,0.0,0.0,0.0,0.0,2.0,10.0,3.0,0.0,1.0,0.0,1.0,0.0,0.0,5.0,0.0,0.0,15.0,0.0,0.0,0.0,0.0,3.0,0.0,0.0,0.0,10.0,9.0,0.0,16.0,8.0,0.0,1.0,0.0,0.0,13.0,21.0,1.0,1.0,80.0,0.0,3.0,15.0,0.0,0.0,2.0,0.0,3.0,16.0,0.0,0.0,1.0,2.0,1.0,4.0,0.0,0.0,2.0,17.0,5.0,0.0,0.0,0.0,283
25025010104,14.0,0.0,0.0,1.0,16.0,6.0,1.0,0.0,0.0,0.0,4.0,18.0,7.0,0.0,3.0,18.0,2.0,3.0,0.0,9.0,0.0,0.0,34.0,0.0,0.0,0.0,0.0,13.0,0.0,0.0,0.0,65.0,44.0,0.0,157.0,234.0,1.0,16.0,4.0,0.0,88.0,135.0,3.0,2.0,183.0,0.0,3.0,55.0,3.0,0.0,3.0,0.0,23.0,56.0,3.0,0.0,8.0,23.0,0.0,20.0,0.0,0.0,55.0,63.0,109.0,13.0,5.0,16.0,1539
25025010203,96.0,1.0,0.0,0.0,47.0,5.0,3.0,0.0,1.0,0.0,20.0,47.0,18.0,1.0,103.0,38.0,14.0,7.0,0.0,11.0,8.0,9.0,86.0,0.0,0.0,0.0,0.0,19.0,0.0,4.0,0.0,150.0,323.0,2.0,809.0,84.0,2.0,108.0,36.0,0.0,191.0,275.0,26.0,15.0,241.0,1.0,3.0,163.0,3.0,0.0,23.0,5.0,47.0,212.0,8.0,0.0,23.0,47.0,4.0,42.0,2.0,5.0,316.0,114.0,121.0,36.0,17.0,91.0,4083
25025010204,17.0,0.0,0.0,1.0,19.0,2.0,0.0,0.0,0.0,0.0,11.0,20.0,4.0,0.0,10.0,17.0,1.0,1.0,0.0,5.0,1.0,1.0,38.0,0.0,0.0,0.0,0.0,9.0,0.0,0.0,0.0,67.0,28.0,0.0,238.0,55.0,0.0,20.0,5.0,0.0,71.0,123.0,8.0,4.0,131.0,0.0,1.0,63.0,2.0,0.0,4.0,0.0,9.0,51.0,5.0,0.0,8.0,25.0,0.0,4.0,0.0,0.0,41.0,32.0,49.0,9.0,2.0,20.0,1232
25025010300,9.0,0.0,0.0,7.0,15.0,2.0,1.0,0.0,1.0,0.0,0.0,12.0,1.0,1.0,1.0,8.0,1.0,1.0,0.0,5.0,1.0,2.0,19.0,0.0,0.0,0.0,0.0,13.0,0.0,0.0,0.0,48.0,23.0,1.0,77.0,16.0,0.0,1.0,0.0,0.0,46.0,90.0,3.0,1.0,118.0,1.0,1.0,31.0,1.0,0.0,5.0,0.0,3.0,45.0,2.0,0.0,5.0,5.0,1.0,7.0,2.0,0.0,25.0,21.0,23.0,10.0,2.0,8.0,722
25025010403,22.0,0.0,1.0,0.0,12.0,2.0,0.0,0.0,0.0,0.0,4.0,29.0,7.0,1.0,7.0,36.0,0.0,2.0,1.0,10.0,2.0,0.0,43.0,0.0,1.0,0.0,0.0,17.0,0.0,0.0,0.0,89.0,35.0,5.0,202.0,41.0,2.0,10.0,1.0,0.0,116.0,146.0,11.0,9.0,96.0,1.0,3.0,61.0,2.0,0.0,13.0,1.0,19.0,49.0,3.0,0.0,4.0,61.0,2.0,20.0,2.0,0.0,67.0,65.0,71.0,30.0,14.0,35.0,1483
25025010404,17.0,0.0,0.0,1.0,13.0,0.0,1.0,0.0,0.0,0.0,2.0,7.0,7.0,0.0,1.0,11.0,0.0,0.0,0.0,6.0,0.0,0.0,23.0,0.0,0.0,0.0,0.0,11.0,0.0,0.0,0.0,37.0,28.0,0.0,98.0,32.0,1.0,6.0,4.0,0.0,51.0,96.0,4.0,1.0,53.0,0.0,1.0,22.0,0.0,0.0,6.0,0.0,13.0,31.0,6.0,0.0,4.0,53.0,3.0,7.0,0.0,0.0,19.0,47.0,38.0,24.0,3.0,5.0,793
25025010405,31.0,0.0,0.0,0.0,15.0,3.0,1.0,0.0,0.0,0.0,6.0,26.0,4.0,1.0,2.0,26.0,4.0,2.0,0.0,5.0,1.0,4.0,24.0,0.0,0.0,0.0,0.0,20.0,0.0,0.0,0.0,78.0,31.0,0.0,279.0,32.0,0.0,11.0,4.0,0.0,93.0,155.0,14.0,9.0,157.0,0.0,2.0,75.0,2.0,0.0,12.0,1.0,12.0,78.0,6.0,0.0,3.0,15.0,3.0,20.0,2.0,0.0,56.0,13.0,43.0,30.0,5.0,22.0,1438
25025010408,16.0,0.0,1.0,1.0,14.0,1.0,0.0,0.0,0.0,0.0,3.0,7.0,5.0,0.0,6.0,6.0,0.0,0.0,0.0,4.0,0.0,2.0,9.0,0.0,0.0,0.0,0.0,12.0,0.0,0.0,0.0,37.0,23.0,2.0,101.0,16.0,1.0,0.0,0.0,0.0,44.0,61.0,0.0,0.0,21.0,0.0,1.0,35.0,2.0,1.0,4.0,3.0,8.0,13.0,3.0,0.0,4.0,23.0,0.0,10.0,0.0,2.0,29.0,39.0,35.0,16.0,3.0,12.0,636
25025010500,39.0,0.0,0.0,2.0,34.0,4.0,1.0,0.0,4.0,0.0,7.0,36.0,9.0,0.0,16.0,46.0,5.0,6.0,0.0,7.0,2.0,2.0,60.0,0.0,0.0,0.0,0.0,12.0,0.0,1.0,0.0,110.0,75.0,2.0,364.0,200.0,1.0,9.0,0.0,0.0,162.0,250.0,3.0,4.0,244.0,0.0,3.0,94.0,9.0,1.0,24.0,0.0,35.0,136.0,11.0,11.0,16.0,53.0,2.0,26.0,1.0,0.0,113.0,91.0,110.0,25.0,27.0,53.0,2558
25025010600,93.0,0.0,2.0,7.0,56.0,10.0,5.0,0.0,3.0,0.0,28.0,145.0,42.0,1.0,31.0,68.0,18.0,13.0,0.0,10.0,3.0,14.0,117.0,0.0,0.0,0.0,0.0,43.0,0.0,0.0,0.0,247.0,155.0,0.0,2355.0,153.0,0.0,56.0,9.0,0.0,284.0,611.0,16.0,7.0,288.0,2.0,6.0,200.0,14.0,3.0,30.0,6.0,84.0,350.0,10.0,5.0,55.0,40.0,11.0,60.0,4.0,2.0,284.0,129.0,107.0,41.0,18.0,158.0,6509
25025010701,21.0,0.0,1.0,5.0,34.0,1.0,1.0,0.0,0.0,0.0,43.0,21.0,10.0,2.0,4.0,28.0,12.0,3.0,0.0,10.0,2.0,2.0,59.0,0.0,1.0,0.0,0.0,18.0,0.0,0.0,1.0,82.0,46.0,2.0,696.0,132.0,0.0,25.0,4.0,0.0,60.0,251.0,4.0,2.0,133.0,0.0,2.0,69.0,3.0,0.0,11.0,1.0,36.0,61.0,5.0,0.0,18.0,36.0,2.0,20.0,0.0,2.0,64.0,163.0,84.0,14.0,14.0,50.0,2371
25025010702,89.0,0.0,2.0,9.0,48.0,6.0,3.0,0.0,6.0,0.0,59.0,85.0,46.0,1.0,46.0,45.0,13.0,3.0,0.0,11.0,3.0,10.0,88.0,0.0,0.0,0.0,0.0,36.0,0.0,0.0,0.0,214.0,115.0,0.0,1528.0,138.0,3.0,27.0,36.0,0.0,220.0,387.0,12.0,4.0,240.0,0.0,7.0,219.0,13.0,2.0,33.0,0.0,102.0,216.0,6.0,0.0,30.0,18.0,6.0,61.0,2.0,3.0,248.0,179.0,175.0,24.0,20.0,109.0,5006
25025010801,6.0,0.0,0.0,0.0,22.0,7.0,0.0,0.0,0.0,0.0,0.0,8.0,3.0,2.0,5.0,4.0,0.0,0.0,0.0,6.0,1.0,0.0,24.0,0.0,0.0,0.0,0.0,5.0,0.0,0.0,0.0,26.0,36.0,1.0,46.0,77.0,1.0,0.0,0.0,0.0,42.0,63.0,2.0,1.0,105.0,0.0,1.0,28.0,0.0,0.0,4.0,0.0,16.0,18.0,7.0,0.0,10.0,12.0,0.0,6.0,0.0,0.0,16.0,124.0,45.0,13.0,7.0,4.0,804
25025010802,2.0,0.0,0.0,2.0,23.0,1.0,0.0,0.0,0.0,0.0,6.0,8.0,2.0,1.0,2.0,15.0,0.0,0.0,1.0,8.0,1.0,0.0,27.0,0.0,0.0,0.0,0.0,9.0,0.0,0.0,0.0,19.0,36.0,2.0,79.0,98.0,3.0,5.0,0.0,0.0,31.0,88.0,2.0,3.0,60.0,0.0,4.0,19.0,3.0,0.0,2.0,0.0,18.0,27.0,3.0,0.0,5.0,27.0,1.0,6.0,2.0,1.0,8.0,132.0,59.0,4.0,4.0,5.0,864
25025020101,7.0,0.0,1.0,0.0,26.0,4.0,1.0,0.0,0.0,0.0,14.0,14.0,3.0,1.0,2.0,6.0,3.0,0.0,0.0,9.0,0.0,1.0,56.0,0.0,0.0,0.0,0.0,17.0,0.0,0.0,0.0,66.0,112.0,2.0,147.0,163.0,1.0,6.0,0.0,0.0,72.0,139.0,6.0,4.0,104.0,0.0,1.0,42.0,1.0,0.0,4.0,0.0,27.0,36.0,7.0,0.0,7.0,19.0,12.0,5.0,0.0,1.0,27.0,337.0,80.0,13.0,8.0,9.0,1623
25025020200,8.0,0.0,0.0,1.0,12.0,1.0,0.0,0.0,0.0,0.0,9.0,11.0,4.0,2.0,7.0,3.0,0.0,2.0,0.0,6.0,2.0,1.0,37.0,0.0,0.0,0.0,0.0,13.0,0.0,0.0,0.0,55.0,39.0,1.0,137.0,74.0,1.0,10.0,1.0,0.0,78.0,126.0,6.0,4.0,105.0,0.0,1.0,25.0,0.0,0.0,2.0,1.0,16.0,23.0,6.0,0.0,0.0,17.0,3.0,6.0,0.0,1.0,16.0,184.0,53.0,6.0,7.0,7.0,1130
25025020301,34.0,0.0,0.0,14.0,12.0,1.0,2.0,0.0,2.0,0.0,2.0,7.0,4.0,1.0,34.0,20.0,0.0,5.0,0.0,9.0,1.0,2.0,36.0,0.0,0.0,0.0,0.0,16.0,0.0,0.0,0.0,92.0,27.0,0.0,172.0,21.0,2.0,6.0,0.0,0.0,128.0,181.0,12.0,12.0,118.0,0.0,0.0,95.0,2.0,0.0,18.0,5.0,15.0,84.0,1.0,0.0,5.0,6.0,7.0,7.0,0.0,1.0,117.0,7.0,16.0,5.0,13.0,74.0,1451
25025020302,6.0,0.0,0.0,0.0,4.0,0.0,1.0,0.0,0.0,0.0,3.0,4.0,2.0,0.0,3.0,15.0,0.0,1.0,0.0,4.0,1.0,1.0,28.0,0.0,0.0,0.0,0.0,6.0,0.0,0.0,0.0,26.0,25.0,1.0,48.0,27.0,0.0,5.0,0.0,0.0,37.0,89.0,0.0,0.0,29.0,1.0,0.0,20.0,0.0,0.0,2.0,0.0,6.0,13.0,2.0,0.0,0.0,11.0,1.0,1.0,1.0,0.0,20.0,88.0,32.0,7.0,3.0,8.0,582
25025020303,101.0,0.0,1.0,3.0,16.0,6.0,2.0,0.0,2.0,0.0,25.0,63.0,14.0,1.0,79.0,80.0,3.0,8.0,0.0,14.0,7.0,4.0,99.0,0.0,0.0,0.0,0.0,36.0,1.0,2.0,0.0,176.0,590.0,6.0,342.0,82.0,2.0,104.0,10.0,0.0,271.0,521.0,40.0,34.0,279.0,1.0,3.0,184.0,7.0,0.0,35.0,12.0,39.0,176.0,3.0,0.0,8.0,12.0,13.0,30.0,5.0,1.0,338.0,45.0,137.0,24.0,24.0,74.0,4195
25025030100,7.0,0.0,0.0,1.0,4.0,1.0,0.0,0.0,0.0,0.0,2.0,6.0,2.0,0.0,5.0,16.0,0.0,2.0,0.0,5.0,0.0,1.0,14.0,0.0,0.0,0.0,0.0,13.0,0.0,0.0,0.0,28.0,23.0,1.0,47.0,20.0,0.0,4.0,4.0,0.0,57.0,51.0,2.0,1.0,59.0,0.0,0.0,17.0,1.0,0.0,1.0,1.0,4.0,16.0,0.0,0.0,1.0,13.0,5.0,1.0,0.0,0.0,14.0,120.0,23.0,4.0,1.0,3.0,601
25025030200,15.0,0.0,0.0,1.0,7.0,2.0,0.0,0.0,0.0,0.0,9.0,10.0,2.0,0.0,8.0,15.0,0.0,0.0,0.0,5.0,0.0,2.0,23.0,0.0,0.0,0.0,0.0,6.0,0.0,0.0,0.0,54.0,30.0,4.0,71.0,25.0,1.0,20.0,1.0,0.0,53.0,76.0,3.0,3.0,113.0,0.0,2.0,46.0,1.0,0.0,3.0,0.0,9.0,25.0,2.0,0.0,5.0,23.0,5.0,8.0,2.0,0.0,31.0,95.0,36.0,16.0,2.0,16.0,886
25025030300,198.0,0.0,3.0,39.0,64.0,16.0,5.0,2.0,7.0,0.0,72.0,158.0,29.0,4.0,130.0,395.0,17.0,16.0,0.0,26.0,22.0,24.0,250.0,0.0,1.0,0.0,0.0,85.0,6.0,0.0,0.0,393.0,241.0,3.0,1360.0,316.0,2.0,171.0,34.0,0.0,676.0,2356.0,33.0,27.0,536.0,5.0,9.0,375.0,9.0,1.0,116.0,22.0,318.0,740.0,19.0,0.0,25.0,20.0,20.0,130.0,51.0,4.0,599.0,113.0,261.0,40.0,36.0,416.0,11046
25025030400,15.0,0.0,0.0,0.0,12.0,0.0,2.0,0.0,0.0,0.0,9.0,11.0,7.0,0.0,7.0,16.0,1.0,0.0,0.0,14.0,0.0,2.0,14.0,0.0,0.0,0.0,0.0,17.0,0.0,0.0,0.0,45.0,65.0,1.0,114.0,27.0,2.0,31.0,1.0,0.0,96.0,129.0,0.0,0.0,102.0,0.0,2.0,37.0,3.0,0.0,2.0,0.0,17.0,42.0,2.0,1.0,2.0,15.0,13.0,16.0,0.0,0.0,45.0,176.0,49.0,10.0,0.0,19.0,1191
25025030500,7.0,0.0,0.0,3.0,16.0,4.0,0.0,0.0,1.0,0.0,8.0,15.0,3.0,0.0,6.0,18.0,2.0,0.0,0.0,11.0,0.0,0.0,15.0,0.0,0.0,0.0,0.0,12.0,19.0,0.0,0.0,30.0,107.0,2.0,54.0,18.0,2.0,13.0,5.0,0.0,41.0,67.0,1.0,2.0,71.0,0.0,1.0,29.0,2.0,1.0,4.0,0.0,12.0,20.0,2.0,0.0,1.0,7.0,2.0,8.0,1.0,1.0,21.0,89.0,29.0,5.0,1.0,9.0,798
25025040100,14.0,0.0,0.0,0.0,14.0,2.0,0.0,0.0,0.0,0.0,3.0,7.0,2.0,0.0,2.0,17.0,2.0,2.0,0.0,6.0,2.0,1.0,19.0,0.0,0.0,0.0,0.0,13.0,2.0,0.0,0.0,37.0,23.0,0.0,64.0,54.0,0.0,8.0,1.0,0.0,67.0,102.0,13.0,13.0,124.0,0.0,3.0,22.0,0.0,1.0,0.0,0.0,9.0,24.0,1.0,0.0,2.0,8.0,0.0,7.0,0.0,0.0,19.0,109.0,34.0,11.0,13.0,6.0,883
25025040200,23.0,0.0,0.0,0.0,12.0,0.0,0.0,0.0,0.0,0.0,2.0,11.0,4.0,0.0,8.0,204.0,0.0,1.0,0.0,7.0,4.0,9.0,22.0,0.0,0.0,0.0,0.0,12.0,0.0,0.0,0.0,120.0,27.0,0.0,57.0,37.0,1.0,1.0,0.0,0.0,98.0,426.0,12.0,12.0,61.0,6.0,0.0,58.0,2.0,0.0,192.0,1.0,20.0,34.0,0.0,0.0,6.0,17.0,8.0,15.0,16.0,1.0,58.0,22.0,57.0,55.0,11.0,25.0,1775
25025040300,38.0,0.0,0.0,1.0,18.0,5.0,0.0,0.0,2.0,0.0,3.0,17.0,4.0,0.0,7.0,53.0,0.0,2.0,0.0,13.0,0.0,7.0,34.0,0.0,0.0,0.0,0.0,21.0,0.0,0.0,0.0,104.0,61.0,3.0,124.0,78.0,2.0,1.0,0.0,0.0,106.0,217.0,21.0,15.0,116.0,4.0,1.0,68.0,3.0,0.0,5.0,1.0,9.0,25.0,5.0,0.0,4.0,13.0,6.0,13.0,3.0,0.0,84.0,127.0,91.0,42.0,11.0,26.0,1614
25025040401,16.0,0.0,0.0,0.0,25.0,6.0,2.0,0.0,2.0,0.0,6.0,17.0,3.0,1.0,8.0,46.0,0.0,0.0,0.0,7.0,3.0,2.0,20.0,0.0,0.0,0.0,0.0,16.0,0.0,0.0,0.0,93.0,32.0,0.0,81.0,57.0,1.0,4.0,0.0,0.0,106.0,150.0,10.0,8.0,179.0,1.0,2.0,59.0,3.0,0.0,2.0,0.0,15.0,35.0,4.0,0.0,5.0,21.0,8.0,29.0,3.0,0.0,64.0,57.0,72.0,29.0,10.0,22.0,1342
25025040600,16.0,0.0,2.0,1.0,27.0,3.0,4.0,0.0,0.0,0.0,3.0,7.0,5.0,0.0,6.0,22.0,3.0,2.0,0.0,10.0,3.0,2.0,29.0,0.0,0.0,0.0,0.0,28.0,0.0,1.0,0.0,58.0,40.0,3.0,71.0,74.0,1.0,2.0,2.0,0.0,87.0,190.0,5.0,2.0,463.0,2.0,4.0,50.0,5.0,0.0,11.0,0.0,9.0,24.0,9.0,0.0,3.0,18.0,5.0,8.0,2.0,4.0,31.0,99.0,86.0,20.0,24.0,11.0,1597
25025040801,43.0,0.0,1.0,5.0,25.0,4.0,6.0,0.0,0.0,0.0,1.0,16.0,4.0,0.0,8.0,49.0,1.0,3.0,1.0,16.0,3.0,8.0,42.0,0.0,0.0,0.0,0.0,31.0,5.0,0.0,0.0,170.0,73.0,2.0,124.0,66.0,0.0,5.0,0.0,0.0,174.0,272.0,21.0,19.0,110.0,6.0,2.0,94.0,1.0,1.0,7.0,1.0,17.0,58.0,7.0,0.0,4.0,16.0,12.0,21.0,4.0,5.0,75.0,30.0,128.0,61.0,17.0,24.0,1899
25025050101,49.0,0.0,0.0,1.0,28.0,17.0,3.0,0.0,1.0,0.0,1.0,7.0,3.0,0.0,16.0,149.0,0.0,3.0,0.0,18.0,3.0,27.0,36.0,0.0,1.0,0.0,0.0,40.0,0.0,2.0,0.0,129.0,49.0,5.0,73.0,90.0,9.0,0.0,0.0,0.0,198.0,269.0,55.0,33.0,176.0,3.0,10.0,120.0,1.0,0.0,24.0,0.0,15.0,22.0,7.0,0.0,3.0,33.0,8.0,29.0,6.0,4.0,92.0,95.0,126.0,92.0,42.0,53.0,2276
25025050200,73.0,0.0,1.0,2.0,25.0,10.0,4.0,0.0,0.0,0.0,4.0,13.0,9.0,1.0,22.0,127.0,2.0,2.0,0.0,11.0,3.0,7.0,32.0,0.0,0.0,0.0,0.0,19.0,2.0,2.0,0.0,156.0,60.0,5.0,331.0,53.0,4.0,19.0,5.0,0.0,247.0,300.0,33.0,23.0,195.0,5.0,11.0,130.0,2.0,0.0,27.0,2.0,20.0,51.0,7.0,0.0,9.0,64.0,11.0,56.0,3.0,2.0,133.0,82.0,121.0,69.0,48.0,58.0,2713
25025050300,31.0,0.0,1.0,2.0,17.0,4.0,3.0,0.0,1.0,0.0,5.0,4.0,3.0,0.0,10.0,83.0,1.0,2.0,1.0,9.0,1.0,10.0,26.0,0.0,0.0,0.0,0.0,16.0,2.0,0.0,0.0,84.0,36.0,0.0,71.0,23.0,0.0,5.0,3.0,0.0,158.0,194.0,33.0,21.0,74.0,4.0,5.0,76.0,4.0,0.0,12.0,0.0,19.0,25.0,2.0,0.0,5.0,25.0,6.0,15.0,1.0,2.0,73.0,54.0,61.0,64.0,21.0,36.0,1444
25025050400,34.0,0.0,0.0,0.0,8.0,4.0,0.0,0.0,0.0,0.0,3.0,8.0,10.0,0.0,9.0,37.0,1.0,1.0,1.0,7.0,2.0,9.0,21.0,0.0,1.0,0.0,0.0,17.0,0.0,4.0,0.0,46.0,16.0,1.0,60.0,22.0,2.0,5.0,7.0,0.0,106.0,110.0,9.0,8.0,64.0,0.0,2.0,51.0,0.0,0.0,17.0,0.0,11.0,25.0,2.0,0.0,5.0,19.0,7.0,20.0,1.0,2.0,63.0,71.0,42.0,27.0,13.0,29.0,1040
25025050500,9.0,0.0,0.0,1.0,9.0,1.0,0.0,0.0,0.0,0.0,1.0,3.0,2.0,0.0,0.0,24.0,0.0,0.0,0.0,2.0,0.0,3.0,5.0,0.0,0.0,0.0,0.0,8.0,0.0,0.0,0.0,30.0,10.0,4.0,24.0,20.0,1.0,0.0,0.0,0.0,41.0,64.0,8.0,8.0,19.0,3.0,0.0,27.0,1.0,0.0,3.0,0.0,1.0,7.0,3.0,0.0,0.0,16.0,4.0,4.0,0.0,1.0,17.0,27.0,54.0,19.0,6.0,10.0,500
25025050600,41.0,0.0,0.0,0.0,10.0,5.0,2.0,0.0,0.0,0.0,1.0,11.0,9.0,3.0,11.0,257.0,2.0,4.0,0.0,7.0,7.0,5.0,31.0,0.0,0.0,0.0,0.0,24.0,0.0,0.0,0.0,143.0,45.0,3.0,73.0,26.0,7.0,28.0,2.0,0.0,178.0,771.0,22.0,11.0,167.0,2.0,5.0,86.0,2.0,0.0,50.0,5.0,70.0,58.0,7.0,0.0,4.0,23.0,16.0,33.0,16.0,1.0,76.0,64.0,128.0,31.0,50.0,68.0,2701
25025050700,43.0,0.0,2.0,5.0,20.0,5.0,3.0,0.0,2.0,0.0,5.0,11.0,1.0,1.0,14.0,77.0,1.0,3.0,0.0,16.0,2.0,3.0,35.0,0.0,0.0,0.0,0.0,26.0,0.0,1.0,0.0,89.0,41.0,9.0,76.0,46.0,9.0,19.0,2.0,0.0,144.0,205.0,15.0,9.0,158.0,6.0,6.0,90.0,2.0,0.0,18.0,1.0,14.0,30.0,2.0,0.0,5.0,51.0,4.0,44.0,1.0,5.0,92.0,123.0,105.0,65.0,36.0,29.0,1827
25025050901,49.0,0.0,0.0,4.0,22.0,9.0,1.0,0.0,0.0,0.0,8.0,5.0,7.0,3.0,16.0,97.0,0.0,0.0,0.0,13.0,6.0,10.0,25.0,0.0,0.0,0.0,0.0,25.0,0.0,2.0,0.0,103.0,45.0,9.0,71.0,56.0,5.0,6.0,2.0,0.0,141.0,229.0,23.0,11.0,286.0,0.0,6.0,83.0,2.0,0.0,9.0,0.0,9.0,27.0,8.0,0.0,4.0,32.0,2.0,40.0,0.0,5.0,102.0,75.0,85.0,70.0,55.0,24.0,1927
25025051000,24.0,0.0,1.0,0.0,41.0,22.0,0.0,0.0,0.0,0.0,9.0,6.0,3.0,0.0,7.0,53.0,3.0,4.0,0.0,14.0,2.0,3.0,18.0,0.0,1.0,0.0,0.0,35.0,0.0,1.0,0.0,120.0,38.0,5.0,59.0,56.0,13.0,2.0,0.0,0.0,202.0,223.0,17.0,8.0,301.0,2.0,9.0,87.0,1.0,0.0,9.0,0.0,12.0,12.0,4.0,0.0,3.0,22.0,6.0,12.0,2.0,3.0,60.0,43.0,98.0,81.0,43.0,15.0,1815
25025051101,36.0,0.0,0.0,4.0,26.0,5.0,5.0,0.0,1.0,0.0,13.0,13.0,7.0,0.0,13.0,87.0,4.0,1.0,1.0,14.0,3.0,7.0,37.0,0.0,0.0,0.0,0.0,35.0,1.0,0.0,0.0,129.0,51.0,7.0,78.0,53.0,10.0,5.0,1.0,1.0,207.0,288.0,19.0,12.0,254.0,4.0,5.0,96.0,0.0,0.0,16.0,0.0,13.0,34.0,6.0,0.0,7.0,27.0,7.0,18.0,6.0,5.0,113.0,38.0,106.0,92.0,33.0,35.0,2089
25025051200,8.0,0.0,0.0,0.0,7.0,3.0,2.0,0.0,0.0,0.0,1.0,4.0,3.0,0.0,0.0,17.0,0.0,0.0,0.0,4.0,0.0,2.0,19.0,0.0,0.0,0.0,0.0,14.0,2.0,0.0,0.0,40.0,27.0,3.0,31.0,19.0,2.0,1.0,0.0,0.0,90.0,101.0,11.0,5.0,40.0,1.0,2.0,38.0,1.0,0.0,10.0,0.0,12.0,11.0,6.0,1.0,3.0,14.0,6.0,7.0,1.0,3.0,24.0,62.0,59.0,25.0,5.0,16.0,763
25025060101,4.0,0.0,0.0,1.0,20.0,1.0,1.0,0.0,1.0,0.0,8.0,12.0,2.0,0.0,2.0,19.0,1.0,1.0,0.0,11.0,2.0,2.0,16.0,0.0,0.0,0.0,0.0,15.0,2.0,0.0,0.0,35.0,30.0,1.0,42.0,56.0,2.0,0.0,0.0,0.0,67.0,81.0,3.0,3.0,68.0,0.0,1.0,25.0,1.0,0.0,2.0,1.0,11.0,13.0,3.0,0.0,0.0,23.0,10.0,5.0,3.0,1.0,20.0,131.0,54.0,21.0,3.0,14.0,851
25025060200,6.0,0.0,0.0,3.0,11.0,1.0,1.0,0.0,0.0,0.0,4.0,6.0,1.0,0.0,1.0,4.0,0.0,0.0,1.0,1.0,0.0,0.0,7.0,0.0,0.0,0.0,0.0,14.0,0.0,0.0,0.0,19.0,16.0,0.0,21.0,38.0,3.0,1.0,0.0,0.0,26.0,44.0,1.0,1.0,67.0,0.0,2.0,17.0,0.0,0.0,2.0,0.0,8.0,5.0,3.0,0.0,1.0,8.0,3.0,1.0,0.0,1.0,11.0,75.0,27.0,11.0,0.0,4.0,477
25025060301,3.0,0.0,0.0,1.0,14.0,2.0,1.0,0.0,0.0,0.0,4.0,8.0,1.0,0.0,2.0,9.0,1.0,0.0,0.0,8.0,1.0,2.0,20.0,0.0,0.0,0.0,0.0,11.0,3.0,0.0,0.0,50.0,18.0,2.0,48.0,37.0,8.0,2.0,0.0,0.0,69.0,91.0,2.0,3.0,120.0,0.0,0.0,29.0,1.0,0.0,3.0,0.0,12.0,9.0,3.0,0.0,1.0,24.0,4.0,2.0,0.0,2.0,21.0,125.0,51.0,10.0,4.0,2.0,844
25025060400,21.0,0.0,0.0,1.0,38.0,4.0,5.0,0.0,1.0,0.0,2.0,7.0,2.0,0.0,18.0,34.0,2.0,1.0,0.0,14.0,7.0,2.0,31.0,0.0,0.0,0.0,0.0,24.0,0.0,0.0,0.0,91.0,45.0,2.0,100.0,128.0,1.0,4.0,5.0,0.0,116.0,146.0,11.0,3.0,162.0,3.0,3.0,84.0,0.0,1.0,11.0,1.0,12.0,17.0,9.0,0.0,9.0,31.0,4.0,10.0,0.0,2.0,71.0,211.0,102.0,20.0,9.0,12.0,1650
25025060501,45.0,0.0,0.0,1.0,48.0,4.0,3.0,0.0,0.0,0.0,21.0,31.0,19.0,0.0,17.0,30.0,7.0,4.0,0.0,11.0,3.0,3.0,46.0,0.0,0.0,0.0,0.0,27.0,0.0,0.0,0.0,102.0,68.0,5.0,185.0,106.0,3.0,66.0,6.0,0.0,133.0,212.0,10.0,8.0,262.0,0.0,1.0,146.0,2.0,1.0,7.0,3.0,31.0,76.0,9.0,0.0,10.0,27.0,5.0,34.0,1.0,1.0,125.0,233.0,105.0,21.0,16.0,32.0,2372
25025060600,42.0,0.0,0.0,7.0,44.0,7.0,4.0,0.0,1.0,0.0,12.0,37.0,7.0,2.0,36.0,21.0,8.0,5.0,0.0,16.0,2.0,4.0,40.0,0.0,0.0,0.0,0.0,33.0,16.0,0.0,0.0,155.0,113.0,2.0,251.0,90.0,3.0,132.0,10.0,0.0,154.0,422.0,6.0,3.0,383.0,3.0,6.0,103.0,6.0,0.0,89.0,4.0,48.0,189.0,13.0,0.0,5.0,18.0,4.0,9.0,2.0,1.0,158.0,184.0,114.0,20.0,12.0,67.0,3123
25025060700,50.0,0.0,0.0,0.0,15.0,4.0,16.0,0.0,0.0,0.0,2.0,9.0,2.0,0.0,9.0,60.0,1.0,0.0,0.0,9.0,5.0,15.0,12.0,0.0,1.0,0.0,0.0,34.0,0.0,1.0,2.0,89.0,55.0,2.0,49.0,25.0,0.0,7.0,2.0,0.0,109.0,117.0,35.0,20.0,67.0,9.0,0.0,82.0,0.0,0.0,2.0,2.0,4.0,38.0,4.0,0.0,7.0,15.0,5.0,11.0,6.0,1.0,83.0,26.0,80.0,80.0,5.0,22.0,1306
25025060800,38.0,0.0,4.0,5.0,34.0,5.0,8.0,0.0,0.0,0.0,4.0,19.0,6.0,2.0,13.0,78.0,2.0,1.0,0.0,9.0,7.0,6.0,22.0,0.0,1.0,0.0,0.0,39.0,0.0,0.0,0.0,157.0,66.0,1.0,168.0,106.0,6.0,2.0,0.0,0.0,189.0,218.0,21.0,17.0,241.0,5.0,2.0,107.0,3.0,2.0,11.0,0.0,19.0,42.0,9.0,1.0,4.0,36.0,6.0,20.0,2.0,1.0,91.0,215.0,169.0,40.0,17.0,35.0,2332
25025061000,52.0,0.0,0.0,0.0,24.0,5.0,5.0,0.0,0.0,0.0,1.0,13.0,6.0,2.0,12.0,91.0,0.0,3.0,0.0,6.0,1.0,10.0,26.0,0.0,1.0,0.0,0.0,26.0,0.0,1.0,0.0,137.0,34.0,1.0,87.0,43.0,4.0,0.0,1.0,0.0,192.0,184.0,24.0,14.0,113.0,20.0,0.0,118.0,1.0,0.0,12.0,0.0,12.0,21.0,4.0,0.0,6.0,26.0,8.0,14.0,5.0,0.0,109.0,65.0,114.0,153.0,12.0,38.0,1857
25025061101,67.0,0.0,0.0,0.0,19.0,4.0,11.0,0.0,0.0,0.0,1.0,12.0,7.0,0.0,11.0,105.0,0.0,1.0,1.0,10.0,3.0,17.0,25.0,0.0,0.0,0.0,0.0,34.0,0.0,1.0,0.0,166.0,47.0,0.0,67.0,39.0,3.0,0.0,1.0,0.0,198.0,294.0,28.0,20.0,73.0,10.0,0.0,128.0,1.0,0.0,8.0,1.0,3.0,25.0,6.0,0.0,1.0,32.0,18.0,30.0,13.0,3.0,92.0,25.0,101.0,124.0,10.0,30.0,1926
25025061200,70.0,0.0,0.0,3.0,94.0,74.0,5.0,0.0,1.0,0.0,26.0,68.0,26.0,1.0,10.0,576.0,4.0,4.0,0.0,19.0,14.0,9.0,65.0,0.0,1.0,0.0,0.0,39.0,0.0,1.0,0.0,325.0,154.0,1.0,278.0,211.0,23.0,39.0,3.0,0.0,328.0,1258.0,13.0,7.0,507.0,4.0,9.0,153.0,3.0,1.0,21.0,8.0,133.0,111.0,12.0,3.0,19.0,85.0,8.0,61.0,10.0,6.0,139.0,243.0,208.0,61.0,36.0,84.0,5675
25025070101,501.0,0.0,2.0,82.0,107.0,16.0,6.0,1.0,12.0,0.0,128.0,211.0,93.0,4.0,315.0,1449.0,31.0,37.0,0.0,54.0,14.0,125.0,425.0,0.0,0.0,0.0,1.0,98.0,1.0,2.0,1.0,661.0,337.0,2.0,2959.0,344.0,2.0,221.0,56.0,0.0,822.0,1798.0,43.0,26.0,931.0,8.0,16.0,1260.0,14.0,1.0,361.0,17.0,199.0,862.0,33.0,9.0,97.0,56.0,26.0,367.0,10.0,5.0,1085.0,134.0,488.0,72.0,148.0,1115.0,18301
25025070200,162.0,0.0,0.0,13.0,61.0,11.0,1.0,0.0,2.0,0.0,18.0,67.0,12.0,1.0,114.0,233.0,3.0,10.0,0.0,10.0,3.0,23.0,68.0,0.0,0.0,0.0,0.0,17.0,0.0,3.0,0.0,174.0,65.0,2.0,495.0,199.0,5.0,180.0,30.0,0.0,282.0,460.0,18.0,14.0,368.0,0.0,7.0,229.0,8.0,0.0,53.0,3.0,45.0,278.0,12.0,19.0,23.0,10.0,8.0,100.0,7.0,0.0,375.0,90.0,152.0,29.0,50.0,174.0,4796
25025070300,57.0,0.0,0.0,22.0,83.0,12.0,3.0,0.0,1.0,0.0,24.0,51.0,16.0,3.0,23.0,40.0,5.0,13.0,0.0,13.0,4.0,11.0,66.0,0.0,0.0,0.0,0.0,43.0,0.0,0.0,0.0,148.0,134.0,3.0,366.0,209.0,4.0,50.0,5.0,0.0,173.0,296.0,9.0,3.0,275.0,2.0,3.0,147.0,8.0,0.0,14.0,1.0,40.0,156.0,10.0,22.0,20.0,44.0,13.0,26.0,0.0,0.0,145.0,232.0,195.0,30.0,34.0,65.0,3372
25025070402,24.0,0.0,0.0,2.0,19.0,1.0,1.0,0.0,0.0,0.0,11.0,15.0,5.0,0.0,6.0,20.0,1.0,0.0,0.0,6.0,0.0,2.0,33.0,0.0,0.0,0.0,0.0,13.0,0.0,0.0,0.0,53.0,32.0,0.0,252.0,45.0,1.0,6.0,1.0,0.0,76.0,207.0,6.0,5.0,177.0,2.0,2.0,61.0,12.0,0.0,4.0,0.0,19.0,58.0,9.0,1.0,13.0,8.0,5.0,20.0,0.0,1.0,64.0,36.0,64.0,34.0,23.0,22.0,1478
25025070500,40.0,0.0,1.0,2.0,54.0,8.0,9.0,0.0,0.0,0.0,15.0,34.0,14.0,2.0,18.0,74.0,3.0,1.0,0.0,17.0,2.0,18.0,74.0,0.0,1.0,0.0,0.0,35.0,0.0,1.0,0.0,179.0,90.0,2.0,255.0,111.0,4.0,18.0,4.0,1.0,166.0,324.0,41.0,22.0,163.0,2.0,2.0,149.0,8.0,1.0,13.0,2.0,49.0,86.0,11.0,0.0,10.0,58.0,35.0,37.0,3.0,5.0,116.0,188.0,153.0,78.0,45.0,49.0,2903
25025070600,30.0,0.0,1.0,0.0,17.0,1.0,0.0,0.0,1.0,0.0,1.0,9.0,4.0,0.0,31.0,7.0,0.0,0.0,0.0,2.0,2.0,7.0,16.0,0.0,0.0,0.0,0.0,11.0,0.0,0.0,0.0,42.0,31.0,0.0,65.0,68.0,2.0,1.0,2.0,0.0,74.0,90.0,11.0,13.0,47.0,1.0,1.0,73.0,1.0,0.0,2.0,0.0,18.0,14.0,4.0,0.0,7.0,30.0,1.0,9.0,1.0,0.0,78.0,113.0,36.0,4.0,5.0,13.0,997
25025070700,10.0,0.0,0.0,2.0,32.0,5.0,0.0,0.0,0.0,0.0,6.0,16.0,3.0,0.0,8.0,16.0,1.0,3.0,0.0,5.0,1.0,0.0,17.0,0.0,0.0,0.0,0.0,16.0,0.0,0.0,0.0,56.0,25.0,0.0,115.0,64.0,0.0,26.0,0.0,0.0,62.0,111.0,9.0,7.0,66.0,3.0,2.0,39.0,0.0,0.0,3.0,2.0,17.0,57.0,4.0,0.0,4.0,23.0,10.0,9.0,0.0,0.0,62.0,133.0,61.0,26.0,5.0,16.0,1158
25025070800,23.0,0.0,1.0,2.0,27.0,9.0,3.0,0.0,0.0,0.0,4.0,7.0,7.0,0.0,3.0,81.0,0.0,2.0,0.0,7.0,2.0,11.0,31.0,0.0,0.0,0.0,0.0,13.0,0.0,0.0,0.0,63.0,36.0,2.0,140.0,77.0,0.0,8.0,1.0,0.0,61.0,142.0,14.0,8.0,76.0,1.0,2.0,48.0,1.0,0.0,7.0,1.0,21.0,38.0,5.0,0.0,7.0,61.0,2.0,22.0,2.0,1.0,38.0,117.0,71.0,22.0,24.0,35.0,1387
25025070900,41.0,0.0,1.0,2.0,35.0,2.0,7.0,0.0,0.0,0.0,3.0,16.0,22.0,1.0,7.0,153.0,1.0,2.0,0.0,7.0,5.0,7.0,68.0,0.0,2.0,0.0,0.0,30.0,0.0,1.0,0.0,166.0,64.0,5.0,157.0,119.0,5.0,0.0,1.0,0.0,190.0,323.0,102.0,86.0,128.0,8.0,4.0,108.0,3.0,0.0,19.0,1.0,28.0,50.0,9.0,0.0,10.0,57.0,9.0,41.0,6.0,0.0,89.0,93.0,137.0,121.0,42.0,70.0,2664
25025071101,175.0,0.0,1.0,3.0,64.0,11.0,7.0,0.0,2.0,0.0,10.0,53.0,21.0,1.0,117.0,917.0,2.0,8.0,0.0,12.0,1.0,37.0,82.0,0.0,0.0,0.0,0.0,61.0,0.0,0.0,0.0,315.0,67.0,2.0,791.0,204.0,1.0,10.0,2.0,0.0,363.0,865.0,61.0,39.0,332.0,9.0,1.0,544.0,14.0,0.0,97.0,16.0,47.0,198.0,7.0,0.0,75.0,63.0,24.0,94.0,7.0,2.0,442.0,174.0,167.0,97.0,53.0,427.0,7195
25025071201,56.0,0.0,2.0,2.0,29.0,9.0,6.0,0.0,0.0,0.0,4.0,44.0,14.0,1.0,66.0,210.0,3.0,4.0,0.0,18.0,18.0,16.0,95.0,0.0,1.0,0.0,0.0,53.0,0.0,0.0,0.0,199.0,71.0,4.0,311.0,85.0,1.0,10.0,2.0,0.0,320.0,2147.0,84.0,55.0,239.0,8.0,8.0,179.0,5.0,0.0,43.0,9.0,176.0,191.0,12.0,1.0,13.0,21.0,11.0,31.0,12.0,3.0,229.0,70.0,141.0,85.0,24.0,173.0,5624
25025080100,266.0,0.0,0.0,3.0,131.0,39.0,15.0,0.0,1.0,0.0,28.0,35.0,16.0,1.0,57.0,1521.0,7.0,14.0,1.0,23.0,13.0,39.0,63.0,0.0,0.0,0.0,0.0,52.0,0.0,7.0,0.0,246.0,145.0,7.0,413.0,192.0,6.0,16.0,22.0,0.0,531.0,914.0,43.0,33.0,864.0,7.0,9.0,512.0,15.0,0.0,130.0,11.0,46.0,187.0,13.0,38.0,52.0,44.0,25.0,130.0,6.0,2.0,356.0,89.0,263.0,122.0,158.0,544.0,8523
25025080300,101.0,0.0,1.0,2.0,37.0,17.0,19.0,0.0,0.0,0.0,8.0,14.0,3.0,1.0,11.0,112.0,2.0,3.0,1.0,9.0,7.0,21.0,23.0,0.0,0.0,0.0,0.0,47.0,0.0,5.0,0.0,133.0,105.0,10.0,111.0,78.0,0.0,1.0,20.0,0.0,186.0,381.0,418.0,245.0,301.0,2.0,3.0,227.0,14.0,0.0,22.0,0.0,18.0,66.0,9.0,3.0,19.0,35.0,17.0,40.0,12.0,3.0,139.0,57.0,131.0,172.0,127.0,92.0,3641
25025080401,158.0,0.0,1.0,3.0,41.0,12.0,20.0,0.0,2.0,0.0,33.0,23.0,16.0,1.0,22.0,271.0,1.0,3.0,1.0,20.0,7.0,41.0,77.0,0.0,1.0,0.0,0.0,47.0,0.0,2.0,0.0,203.0,88.0,2.0,259.0,131.0,5.0,6.0,187.0,0.0,234.0,545.0,48.0,36.0,405.0,2.0,5.0,396.0,3.0,0.0,36.0,1.0,26.0,103.0,8.0,3.0,14.0,37.0,25.0,91.0,12.0,4.0,196.0,60.0,218.0,158.0,125.0,154.0,4629
25025080500,116.0,0.0,0.0,0.0,36.0,5.0,10.0,0.0,0.0,0.0,8.0,24.0,7.0,0.0,18.0,140.0,1.0,2.0,0.0,18.0,11.0,25.0,57.0,0.0,1.0,0.0,0.0,40.0,1.0,3.0,0.0,152.0,34.0,4.0,106.0,43.0,2.0,5.0,18.0,0.0,187.0,334.0,33.0,20.0,208.0,7.0,2.0,165.0,2.0,0.0,21.0,3.0,18.0,74.0,3.0,1.0,18.0,26.0,24.0,53.0,7.0,1.0,174.0,55.0,128.0,132.0,64.0,68.0,2715
25025080601,157.0,0.0,2.0,7.0,24.0,11.0,20.0,0.0,2.0,0.0,6.0,23.0,21.0,1.0,57.0,744.0,1.0,3.0,0.0,15.0,58.0,53.0,74.0,0.0,2.0,0.0,0.0,64.0,0.0,3.0,0.0,377.0,223.0,1.0,307.0,72.0,3.0,6.0,443.0,1.0,471.0,2348.0,38.0,20.0,350.0,5.0,8.0,494.0,5.0,0.0,85.0,8.0,296.0,253.0,10.0,2.0,17.0,18.0,28.0,74.0,74.0,4.0,223.0,66.0,140.0,147.0,98.0,216.0,8279
25025080801,106.0,0.0,2.0,18.0,27.0,7.0,28.0,0.0,0.0,0.0,3.0,16.0,3.0,2.0,29.0,79.0,1.0,3.0,0.0,7.0,1.0,37.0,53.0,0.0,1.0,0.0,0.0,34.0,0.0,1.0,0.0,137.0,63.0,1.0,109.0,45.0,0.0,4.0,39.0,0.0,180.0,281.0,25.0,20.0,243.0,7.0,2.0,180.0,5.0,0.0,13.0,1.0,10.0,40.0,3.0,0.0,11.0,16.0,14.0,32.0,4.0,1.0,156.0,38.0,127.0,160.0,35.0,58.0,2518
25025080900,42.0,0.0,0.0,188.0,20.0,4.0,1.0,0.0,0.0,0.0,1.0,20.0,15.0,0.0,20.0,17.0,2.0,6.0,0.0,12.0,4.0,1.0,38.0,0.0,0.0,0.0,0.0,19.0,0.0,4.0,0.0,97.0,84.0,4.0,255.0,41.0,0.0,16.0,27.0,0.0,204.0,244.0,104.0,58.0,161.0,0.0,2.0,72.0,2.0,0.0,4.0,0.0,17.0,65.0,5.0,0.0,6.0,84.0,3.0,26.0,3.0,1.0,69.0,37.0,88.0,40.0,24.0,33.0,2290
25025081001,53.0,0.0,1.0,115.0,38.0,4.0,4.0,0.0,3.0,0.0,8.0,21.0,17.0,4.0,23.0,35.0,1.0,4.0,0.0,27.0,1.0,11.0,65.0,0.0,4.0,0.0,0.0,47.0,0.0,2.0,0.0,227.0,100.0,5.0,387.0,64.0,1.0,9.0,5.0,0.0,212.0,392.0,52.0,35.0,341.0,12.0,0.0,168.0,7.0,0.0,19.0,5.0,20.0,117.0,3.0,0.0,13.0,83.0,17.0,30.0,2.0,1.0,131.0,45.0,90.0,99.0,32.0,43.0,3255
25025081100,22.0,0.0,1.0,92.0,19.0,1.0,4.0,0.0,0.0,0.0,9.0,7.0,10.0,0.0,8.0,18.0,0.0,0.0,0.0,13.0,1.0,1.0,44.0,0.0,0.0,0.0,0.0,14.0,0.0,0.0,0.0,83.0,94.0,3.0,152.0,77.0,0.0,2.0,7.0,0.0,174.0,239.0,28.0,18.0,215.0,0.0,1.0,61.0,5.0,0.0,3.0,1.0,15.0,28.0,5.0,0.0,5.0,92.0,4.0,25.0,2.0,0.0,71.0,111.0,89.0,48.0,18.0,14.0,1954
25025081200,89.0,0.0,0.0,5.0,31.0,8.0,37.0,0.0,0.0,0.0,4.0,14.0,18.0,1.0,12.0,142.0,1.0,3.0,1.0,15.0,9.0,34.0,33.0,1.0,1.0,0.0,0.0,39.0,0.0,2.0,0.0,136.0,105.0,7.0,167.0,74.0,1.0,0.0,2.0,0.0,196.0,365.0,59.0,37.0,170.0,6.0,4.0,165.0,6.0,0.0,23.0,1.0,22.0,70.0,5.0,1.0,15.0,45.0,8.0,68.0,10.0,0.0,156.0,68.0,134.0,152.0,41.0,82.0,2901
25025081300,163.0,0.0,1.0,5.0,80.0,16.0,16.0,0.0,0.0,2.0,20.0,28.0,30.0,2.0,44.0,364.0,2.0,5.0,1.0,23.0,8.0,29.0,79.0,0.0,0.0,0.0,0.0,79.0,0.0,4.0,0.0,300.0,157.0,11.0,362.0,163.0,8.0,2.0,13.0,1.0,548.0,760.0,108.0,74.0,554.0,12.0,8.0,389.0,3.0,0.0,38.0,3.0,39.0,124.0,13.0,0.0,19.0,76.0,17.0,75.0,19.0,3.0,290.0,94.0,262.0,279.0,138.0,202.0,6165
25025081400,92.0,0.0,4.0,34.0,48.0,13.0,8.0,0.0,0.0,0.0,5.0,19.0,11.0,1.0,33.0,53.0,1.0,2.0,0.0,22.0,5.0,14.0,55.0,0.0,2.0,0.0,0.0,44.0,0.0,0.0,0.0,132.0,91.0,5.0,184.0,106.0,2.0,3.0,4.0,0.0,146.0,347.0,45.0,24.0,312.0,5.0,2.0,182.0,7.0,0.0,10.0,2.0,17.0,64.0,3.0,0.0,5.0,80.0,27.0,28.0,9.0,3.0,160.0,66.0,127.0,117.0,73.0,39.0,2893
25025081500,40.0,0.0,0.0,0.0,21.0,10.0,14.0,0.0,0.0,0.0,2.0,9.0,3.0,0.0,4.0,41.0,0.0,1.0,0.0,10.0,3.0,11.0,29.0,0.0,0.0,0.0,0.0,20.0,0.0,0.0,0.0,96.0,54.0,2.0,66.0,67.0,3.0,0.0,1.0,0.0,139.0,301.0,97.0,70.0,197.0,2.0,2.0,84.0,3.0,0.0,4.0,1.0,3.0,25.0,2.0,0.0,5.0,24.0,2.0,14.0,5.0,0.0,88.0,33.0,81.0,147.0,30.0,19.0,1885
25025081700,178.0,0.0,0.0,5.0,60.0,10.0,38.0,0.0,0.0,0.0,3.0,29.0,15.0,1.0,23.0,125.0,3.0,6.0,1.0,27.0,10.0,37.0,78.0,0.0,1.0,0.0,0.0,81.0,0.0,2.0,0.0,244.0,142.0,27.0,196.0,127.0,9.0,8.0,16.0,0.0,294.0,531.0,65.0,34.0,397.0,4.0,4.0,283.0,1.0,0.0,21.0,11.0,25.0,116.0,7.0,1.0,22.0,63.0,37.0,43.0,15.0,6.0,276.0,40.0,218.0,344.0,154.0,80.0,4594
25025081800,100.0,0.0,1.0,9.0,52.0,15.0,9.0,0.0,0.0,0.0,8.0,11.0,6.0,1.0,8.0,93.0,0.0,5.0,0.0,19.0,3.0,23.0,52.0,0.0,1.0,0.0,0.0,47.0,0.0,1.0,0.0,151.0,100.0,21.0,125.0,105.0,4.0,2.0,6.0,0.0,196.0,437.0,67.0,50.0,258.0,3.0,5.0,175.0,8.0,0.0,18.0,3.0,17.0,60.0,4.0,2.0,15.0,65.0,20.0,64.0,11.0,3.0,141.0,66.0,142.0,289.0,54.0,80.0,3231
25025081900,122.0,0.0,1.0,4.0,61.0,14.0,23.0,0.0,1.0,0.0,5.0,28.0,4.0,3.0,12.0,98.0,1.0,3.0,0.0,16.0,7.0,23.0,61.0,0.0,4.0,0.0,0.0,70.0,0.0,6.0,0.0,199.0,101.0,24.0,218.0,92.0,5.0,0.0,1.0,0.0,244.0,515.0,84.0,57.0,289.0,7.0,3.0,235.0,5.0,0.0,13.0,2.0,11.0,76.0,4.0,0.0,14.0,58.0,36.0,34.0,15.0,0.0,167.0,62.0,206.0,292.0,72.0,73.0,3781
25025082000,75.0,0.0,1.0,4.0,55.0,12.0,11.0,0.0,0.0,0.0,9.0,21.0,14.0,1.0,12.0,72.0,0.0,3.0,0.0,17.0,10.0,25.0,44.0,0.0,0.0,0.0,0.0,45.0,0.0,3.0,0.0,157.0,103.0,22.0,108.0,83.0,1.0,4.0,0.0,0.0,201.0,431.0,56.0,33.0,340.0,6.0,6.0,149.0,3.0,0.0,9.0,0.0,9.0,56.0,4.0,1.0,12.0,50.0,17.0,36.0,12.0,3.0,147.0,48.0,110.0,218.0,84.0,48.0,3001
25025082100,139.0,0.0,3.0,2.0,65.0,11.0,16.0,0.0,0.0,0.0,9.0,15.0,11.0,1.0,24.0,119.0,0.0,1.0,1.0,16.0,12.0,30.0,75.0,1.0,2.0,0.0,0.0,64.0,0.0,5.0,0.0,208.0,141.0,13.0,119.0,94.0,12.0,0.0,3.0,0.0,282.0,565.0,96.0,50.0,367.0,9.0,6.0,211.0,4.0,0.0,26.0,3.0,10.0,70.0,2.0,0.0,15.0,65.0,29.0,69.0,24.0,0.0,207.0,157.0,231.0,323.0,87.0,80.0,4200
25025090100,225.0,0.0,2.0,5.0,104.0,29.0,33.0,0.0,2.0,0.0,24.0,32.0,23.0,1.0,41.0,190.0,3.0,5.0,0.0,35.0,15.0,71.0,94.0,0.0,1.0,0.0,1.0,70.0,0.0,13.0,0.0,299.0,180.0,44.0,214.0,133.0,9.0,4.0,3.0,0.0,332.0,708.0,89.0,71.0,736.0,17.0,9.0,308.0,4.0,2.0,40.0,3.0,19.0,140.0,12.0,0.0,27.0,85.0,34.0,127.0,28.0,5.0,285.0,115.0,308.0,381.0,138.0,126.0,6054
25025090200,91.0,0.0,3.0,5.0,50.0,19.0,18.0,0.0,0.0,0.0,6.0,19.0,6.0,1.0,14.0,72.0,3.0,2.0,0.0,17.0,7.0,40.0,40.0,0.0,1.0,0.0,0.0,34.0,0.0,6.0,0.0,142.0,86.0,9.0,210.0,70.0,6.0,0.0,2.0,0.0,179.0,371.0,48.0,32.0,406.0,7.0,5.0,152.0,1.0,0.0,16.0,1.0,11.0,71.0,3.0,0.0,14.0,45.0,10.0,47.0,16.0,3.0,142.0,51.0,148.0,212.0,70.0,69.0,3109
25025090300,151.0,0.0,1.0,3.0,46.0,16.0,28.0,0.0,2.0,0.0,6.0,19.0,8.0,2.0,25.0,134.0,0.0,3.0,0.0,16.0,8.0,28.0,41.0,0.0,1.0,0.0,0.0,60.0,0.0,7.0,0.0,222.0,124.0,12.0,135.0,93.0,3.0,3.0,2.0,0.0,188.0,460.0,75.0,41.0,365.0,14.0,2.0,220.0,4.0,1.0,21.0,1.0,7.0,54.0,6.0,0.0,14.0,51.0,39.0,66.0,16.0,5.0,228.0,59.0,185.0,273.0,59.0,86.0,3739
25025090400,115.0,0.0,2.0,2.0,76.0,20.0,24.0,0.0,1.0,0.0,8.0,23.0,4.0,3.0,14.0,80.0,0.0,1.0,0.0,20.0,7.0,34.0,53.0,0.0,1.0,0.0,0.0,63.0,0.0,5.0,0.0,157.0,129.0,22.0,101.0,104.0,10.0,0.0,0.0,0.0,216.0,520.0,98.0,64.0,305.0,10.0,1.0,206.0,3.0,0.0,13.0,1.0,15.0,36.0,8.0,0.0,22.0,69.0,16.0,47.0,19.0,5.0,163.0,54.0,177.0,289.0,83.0,71.0,3590
25025090600,67.0,0.0,0.0,0.0,48.0,16.0,12.0,0.0,0.0,0.0,22.0,6.0,4.0,2.0,8.0,67.0,0.0,1.0,0.0,14.0,5.0,13.0,42.0,0.0,0.0,0.0,0.0,25.0,0.0,1.0,0.0,99.0,60.0,10.0,62.0,67.0,5.0,0.0,6.0,0.0,152.0,289.0,46.0,33.0,302.0,5.0,4.0,119.0,2.0,0.0,19.0,3.0,9.0,42.0,1.0,2.0,2.0,18.0,13.0,22.0,10.0,2.0,97.0,32.0,115.0,147.0,48.0,47.0,2243
25025090700,82.0,0.0,2.0,5.0,87.0,21.0,5.0,0.0,0.0,0.0,27.0,72.0,20.0,1.0,10.0,187.0,17.0,4.0,0.0,25.0,9.0,24.0,84.0,0.0,1.0,0.0,0.0,31.0,0.0,1.0,0.0,232.0,84.0,14.0,744.0,200.0,8.0,22.0,0.0,0.0,321.0,609.0,22.0,18.0,694.0,4.0,6.0,213.0,12.0,0.0,32.0,4.0,43.0,188.0,12.0,9.0,31.0,69.0,7.0,45.0,5.0,5.0,201.0,157.0,196.0,83.0,64.0,199.0,5268
25025090901,34.0,0.0,0.0,4.0,7.0,0.0,6.0,0.0,3.0,0.0,1.0,13.0,3.0,0.0,77.0,11.0,0.0,1.0,0.0,8.0,3.0,10.0,32.0,0.0,0.0,0.0,0.0,25.0,3.0,1.0,0.0,78.0,27.0,0.0,65.0,10.0,0.0,1.0,13.0,0.0,118.0,111.0,46.0,36.0,31.0,3.0,0.0,85.0,3.0,0.0,6.0,0.0,10.0,24.0,1.0,0.0,3.0,22.0,3.0,2.0,1.0,1.0,86.0,5.0,31.0,43.0,3.0,13.0,1123
25025091001,40.0,0.0,0.0,1.0,52.0,9.0,7.0,0.0,0.0,0.0,18.0,20.0,11.0,1.0,10.0,122.0,6.0,2.0,0.0,13.0,2.0,9.0,37.0,0.0,0.0,0.0,0.0,14.0,1.0,0.0,0.0,99.0,56.0,2.0,138.0,93.0,4.0,12.0,1.0,0.0,156.0,267.0,18.0,10.0,288.0,2.0,1.0,104.0,1.0,0.0,18.0,1.0,14.0,68.0,4.0,15.0,11.0,40.0,4.0,36.0,2.0,2.0,85.0,72.0,108.0,58.0,64.0,64.0,2293
25025091100,33.0,0.0,0.0,4.0,45.0,10.0,3.0,0.0,0.0,0.0,7.0,22.0,6.0,0.0,9.0,104.0,2.0,0.0,0.0,20.0,2.0,2.0,43.0,0.0,0.0,0.0,0.0,28.0,0.0,0.0,0.0,113.0,70.0,11.0,227.0,118.0,8.0,7.0,3.0,0.0,181.0,256.0,18.0,12.0,275.0,0.0,8.0,97.0,1.0,0.0,13.0,0.0,15.0,55.0,12.0,3.0,8.0,49.0,6.0,23.0,2.0,2.0,91.0,195.0,104.0,126.0,33.0,42.0,2524
25025091200,79.0,0.0,0.0,2.0,50.0,11.0,10.0,0.0,0.0,0.0,12.0,17.0,20.0,1.0,9.0,177.0,0.0,1.0,0.0,11.0,6.0,32.0,42.0,0.0,2.0,0.0,0.0,27.0,0.0,6.0,0.0,127.0,100.0,4.0,175.0,107.0,4.0,8.0,4.0,0.0,200.0,349.0,37.0,35.0,493.0,6.0,11.0,139.0,2.0,0.0,26.0,3.0,11.0,55.0,4.0,2.0,18.0,49.0,11.0,40.0,4.0,2.0,131.0,101.0,175.0,135.0,74.0,97.0,3254
25025091300,73.0,0.0,0.0,1.0,37.0,5.0,23.0,0.0,0.0,0.0,5.0,9.0,13.0,0.0,10.0,79.0,0.0,1.0,0.0,16.0,4.0,29.0,34.0,0.0,2.0,0.0,0.0,21.0,2.0,6.0,0.0,79.0,51.0,7.0,50.0,67.0,5.0,0.0,5.0,0.0,133.0,302.0,31.0,27.0,213.0,4.0,4.0,136.0,2.0,0.0,11.0,1.0,5.0,26.0,4.0,0.0,11.0,26.0,7.0,26.0,14.0,1.0,80.0,30.0,111.0,142.0,59.0,44.0,2084
25025091400,73.0,0.0,1.0,1.0,46.0,14.0,10.0,0.0,0.0,0.0,4.0,22.0,15.0,1.0,8.0,108.0,1.0,2.0,0.0,11.0,6.0,18.0,39.0,0.0,1.0,0.0,0.0,30.0,0.0,2.0,0.0,121.0,66.0,4.0,129.0,61.0,2.0,0.0,2.0,0.0,197.0,335.0,58.0,46.0,269.0,4.0,3.0,137.0,3.0,0.0,9.0,1.0,16.0,60.0,5.0,0.0,15.0,25.0,15.0,27.0,13.0,2.0,112.0,36.0,132.0,186.0,67.0,61.0,2632
25025091500,108.0,0.0,0.0,5.0,75.0,9.0,30.0,0.0,0.0,0.0,4.0,29.0,8.0,0.0,14.0,489.0,0.0,4.0,5.0,23.0,29.0,44.0,54.0,0.0,2.0,0.0,0.0,61.0,0.0,8.0,0.0,385.0,130.0,21.0,118.0,93.0,11.0,5.0,5.0,0.0,268.0,578.0,99.0,67.0,355.0,11.0,6.0,215.0,5.0,0.0,48.0,2.0,19.0,75.0,8.0,4.0,22.0,94.0,27.0,39.0,18.0,2.0,187.0,120.0,213.0,311.0,71.0,90.0,4723
25025091600,76.0,0.0,0.0,1.0,65.0,19.0,16.0,0.0,2.0,0.0,8.0,19.0,13.0,2.0,12.0,128.0,1.0,1.0,0.0,11.0,4.0,15.0,42.0,1.0,1.0,0.0,0.0,34.0,0.0,3.0,0.0,147.0,81.0,7.0,164.0,86.0,19.0,7.0,3.0,0.0,200.0,365.0,43.0,34.0,405.0,10.0,5.0,161.0,3.0,0.0,42.0,2.0,17.0,79.0,6.0,13.0,17.0,62.0,31.0,58.0,2.0,5.0,132.0,74.0,171.0,176.0,60.0,115.0,3276
25025091700,82.0,0.0,0.0,3.0,43.0,12.0,36.0,0.0,0.0,0.0,2.0,27.0,8.0,1.0,7.0,50.0,1.0,0.0,0.0,19.0,6.0,18.0,40.0,0.0,0.0,0.0,0.0,39.0,0.0,3.0,0.0,195.0,111.0,18.0,147.0,62.0,10.0,2.0,0.0,0.0,277.0,402.0,96.0,64.0,267.0,12.0,3.0,163.0,0.0,0.0,26.0,1.0,12.0,53.0,9.0,0.0,10.0,58.0,35.0,34.0,13.0,3.0,159.0,63.0,169.0,365.0,30.0,67.0,3333
25025091800,111.0,0.0,1.0,4.0,71.0,11.0,25.0,0.0,0.0,0.0,23.0,28.0,6.0,2.0,22.0,84.0,3.0,3.0,0.0,24.0,6.0,20.0,52.0,0.0,3.0,0.0,0.0,35.0,0.0,2.0,0.0,256.0,113.0,16.0,173.0,71.0,13.0,5.0,1.0,0.0,310.0,557.0,94.0,66.0,364.0,5.0,6.0,234.0,5.0,0.0,25.0,2.0,13.0,91.0,1.0,0.0,14.0,85.0,39.0,44.0,8.0,4.0,232.0,58.0,251.0,317.0,85.0,118.0,4212
25025091900,128.0,0.0,3.0,1.0,74.0,15.0,31.0,0.0,0.0,0.0,15.0,30.0,11.0,1.0,16.0,91.0,0.0,6.0,0.0,32.0,11.0,37.0,66.0,0.0,0.0,0.0,0.0,58.0,0.0,5.0,0.0,253.0,126.0,36.0,118.0,101.0,11.0,5.0,0.0,1.0,308.0,628.0,146.0,112.0,460.0,12.0,10.0,246.0,2.0,0.0,38.0,4.0,12.0,68.0,7.0,0.0,19.0,72.0,43.0,38.0,13.0,2.0,217.0,75.0,274.0,384.0,86.0,68.0,4626
25025092000,129.0,0.0,2.0,5.0,63.0,13.0,35.0,0.0,1.0,0.0,10.0,57.0,17.0,1.0,18.0,112.0,0.0,2.0,0.0,26.0,9.0,31.0,72.0,0.0,2.0,1.0,0.0,48.0,0.0,4.0,0.0,262.0,143.0,26.0,163.0,107.0,11.0,7.0,0.0,0.0,351.0,545.0,128.0,93.0,415.0,5.0,7.0,254.0,5.0,0.0,31.0,6.0,23.0,92.0,7.0,0.0,19.0,63.0,48.0,83.0,8.0,3.0,218.0,114.0,270.0,328.0,78.0,118.0,4689
25025092101,98.0,0.0,0.0,4.0,99.0,30.0,19.0,0.0,0.0,0.0,16.0,40.0,42.0,1.0,24.0,440.0,1.0,4.0,0.0,30.0,27.0,28.0,93.0,0.0,1.0,0.0,0.0,69.0,0.0,1.0,0.0,440.0,360.0,20.0,307.0,145.0,37.0,11.0,5.0,0.0,502.0,2743.0,102.0,75.0,709.0,12.0,6.0,312.0,1.0,0.0,39.0,3.0,153.0,149.0,14.0,13.0,28.0,78.0,35.0,83.0,22.0,5.0,233.0,197.0,279.0,261.0,123.0,169.0,8738
25025092200,110.0,0.0,3.0,2.0,54.0,8.0,29.0,0.0,0.0,0.0,16.0,43.0,60.0,0.0,24.0,204.0,11.0,6.0,0.0,21.0,8.0,35.0,61.0,0.0,1.0,0.0,0.0,44.0,0.0,6.0,0.0,231.0,149.0,22.0,322.0,95.0,15.0,10.0,10.0,0.0,262.0,442.0,51.0,27.0,452.0,9.0,9.0,243.0,3.0,0.0,53.0,2.0,25.0,148.0,6.0,5.0,28.0,56.0,21.0,65.0,12.0,4.0,232.0,79.0,177.0,158.0,136.0,146.0,4451
25025092300,115.0,0.0,0.0,2.0,54.0,13.0,18.0,0.0,0.0,0.0,16.0,21.0,33.0,1.0,30.0,115.0,2.0,1.0,0.0,17.0,12.0,34.0,52.0,0.0,2.0,0.0,0.0,55.0,0.0,3.0,0.0,255.0,136.0,31.0,244.0,71.0,9.0,4.0,1.0,0.0,281.0,590.0,286.0,238.0,355.0,9.0,5.0,314.0,0.0,0.0,39.0,3.0,13.0,94.0,6.0,4.0,13.0,55.0,42.0,50.0,13.0,2.0,257.0,69.0,222.0,280.0,96.0,85.0,4768
25025092400,184.0,0.0,0.0,3.0,101.0,19.0,40.0,0.0,0.0,0.0,23.0,40.0,18.0,0.0,24.0,120.0,1.0,5.0,0.0,37.0,10.0,50.0,66.0,0.0,4.0,0.0,0.0,72.0,0.0,6.0,0.0,380.0,222.0,64.0,142.0,107.0,11.0,2.0,14.0,0.0,392.0,852.0,168.0,102.0,576.0,16.0,13.0,350.0,6.0,0.0,38.0,4.0,17.0,133.0,11.0,0.0,25.0,88.0,41.0,58.0,34.0,3.0,284.0,98.0,290.0,460.0,111.0,99.0,6034
25025100100,214.0,0.0,4.0,4.0,70.0,21.0,38.0,0.0,0.0,0.0,6.0,41.0,11.0,1.0,15.0,887.0,3.0,3.0,0.0,42.0,27.0,62.0,85.0,0.0,3.0,0.0,0.0,84.0,0.0,4.0,0.0,500.0,266.0,28.0,207.0,129.0,9.0,26.0,34.0,0.0,502.0,2248.0,112.0,84.0,495.0,13.0,5.0,398.0,7.0,1.0,69.0,13.0,77.0,201.0,5.0,0.0,20.0,75.0,53.0,70.0,95.0,8.0,293.0,93.0,278.0,511.0,164.0,106.0,8820
25025100200,111.0,0.0,3.0,3.0,56.0,12.0,14.0,0.0,0.0,0.0,6.0,16.0,17.0,0.0,18.0,71.0,0.0,6.0,0.0,15.0,7.0,25.0,59.0,0.0,1.0,1.0,1.0,53.0,0.0,0.0,0.0,203.0,126.0,27.0,156.0,70.0,8.0,1.0,1.0,0.0,153.0,477.0,115.0,90.0,260.0,11.0,6.0,154.0,4.0,0.0,35.0,1.0,10.0,74.0,10.0,0.0,13.0,63.0,32.0,47.0,21.0,3.0,170.0,36.0,150.0,255.0,83.0,63.0,3423
25025100300,103.0,0.0,1.0,5.0,44.0,11.0,28.0,0.0,0.0,0.0,14.0,20.0,15.0,2.0,13.0,69.0,1.0,0.0,0.0,25.0,7.0,20.0,60.0,0.0,0.0,0.0,0.0,43.0,0.0,4.0,0.0,163.0,129.0,32.0,79.0,85.0,11.0,4.0,2.0,0.0,179.0,357.0,80.0,57.0,327.0,12.0,3.0,146.0,3.0,0.0,36.0,3.0,11.0,84.0,3.0,0.0,11.0,50.0,20.0,23.0,17.0,6.0,120.0,54.0,136.0,268.0,83.0,36.0,3115
25025100400,116.0,0.0,1.0,2.0,52.0,13.0,17.0,0.0,0.0,0.0,9.0,36.0,31.0,1.0,12.0,78.0,1.0,8.0,0.0,21.0,4.0,27.0,72.0,0.0,1.0,0.0,0.0,65.0,0.0,2.0,0.0,251.0,125.0,25.0,164.0,109.0,4.0,1.0,1.0,0.0,289.0,540.0,219.0,158.0,364.0,5.0,3.0,235.0,2.0,1.0,24.0,2.0,21.0,108.0,8.0,1.0,11.0,68.0,45.0,47.0,6.0,6.0,204.0,72.0,269.0,337.0,63.0,56.0,4413
25025100500,171.0,0.0,2.0,2.0,100.0,23.0,32.0,0.0,1.0,0.0,18.0,49.0,22.0,1.0,58.0,193.0,0.0,1.0,0.0,40.0,16.0,69.0,101.0,1.0,0.0,0.0,0.0,83.0,0.0,9.0,1.0,395.0,222.0,27.0,260.0,144.0,13.0,13.0,13.0,0.0,395.0,813.0,183.0,125.0,719.0,14.0,11.0,352.0,8.0,1.0,56.0,4.0,50.0,128.0,13.0,2.0,21.0,113.0,48.0,170.0,17.0,6.0,372.0,180.0,370.0,480.0,140.0,124.0,6995
25025100601,38.0,0.0,0.0,1.0,25.0,9.0,5.0,0.0,0.0,0.0,0.0,25.0,5.0,2.0,6.0,47.0,0.0,1.0,1.0,22.0,1.0,6.0,41.0,0.0,0.0,0.0,0.0,23.0,0.0,4.0,0.0,125.0,58.0,13.0,58.0,78.0,8.0,0.0,1.0,0.0,171.0,256.0,28.0,24.0,226.0,4.0,6.0,102.0,1.0,1.0,12.0,0.0,14.0,48.0,7.0,1.0,6.0,55.0,15.0,15.0,7.0,2.0,85.0,103.0,134.0,165.0,21.0,29.0,2141
25025100603,24.0,0.0,0.0,0.0,36.0,4.0,3.0,0.0,0.0,0.0,14.0,14.0,15.0,4.0,7.0,49.0,4.0,7.0,1.0,7.0,4.0,3.0,22.0,0.0,1.0,0.0,0.0,27.0,0.0,0.0,0.0,88.0,46.0,7.0,109.0,57.0,8.0,18.0,2.0,0.0,135.0,174.0,10.0,10.0,199.0,1.0,0.0,79.0,3.0,0.0,7.0,0.0,25.0,49.0,3.0,3.0,3.0,20.0,10.0,5.0,0.0,2.0,49.0,23.0,69.0,54.0,25.0,21.0,1560
25025100700,28.0,0.0,0.0,1.0,28.0,11.0,2.0,0.0,0.0,0.0,16.0,27.0,26.0,0.0,9.0,101.0,9.0,3.0,0.0,19.0,7.0,7.0,52.0,0.0,0.0,0.0,0.0,27.0,1.0,2.0,0.0,110.0,60.0,6.0,161.0,79.0,9.0,9.0,0.0,0.0,204.0,236.0,13.0,5.0,274.0,1.0,3.0,91.0,0.0,0.0,7.0,1.0,17.0,58.0,8.0,1.0,10.0,16.0,17.0,21.0,1.0,1.0,54.0,50.0,96.0,88.0,49.0,47.0,2179
25025100800,34.0,0.0,0.0,0.0,41.0,6.0,4.0,0.0,0.0,0.0,5.0,27.0,16.0,0.0,7.0,67.0,2.0,0.0,0.0,18.0,1.0,6.0,34.0,0.0,1.0,0.0,0.0,35.0,0.0,1.0,0.0,155.0,100.0,10.0,132.0,94.0,8.0,5.0,0.0,1.0,223.0,296.0,41.0,29.0,320.0,3.0,3.0,118.0,3.0,0.0,6.0,2.0,23.0,55.0,12.0,0.0,12.0,52.0,14.0,19.0,1.0,5.0,99.0,59.0,124.0,158.0,48.0,31.0,2566
25025100900,58.0,0.0,0.0,3.0,40.0,5.0,11.0,0.0,3.0,0.0,7.0,35.0,5.0,0.0,15.0,49.0,3.0,1.0,0.0,19.0,6.0,13.0,51.0,0.0,0.0,0.0,0.0,38.0,0.0,2.0,0.0,199.0,87.0,11.0,182.0,54.0,8.0,0.0,0.0,0.0,196.0,462.0,74.0,51.0,295.0,9.0,7.0,137.0,2.0,0.0,20.0,2.0,13.0,59.0,6.0,0.0,8.0,51.0,17.0,20.0,3.0,4.0,133.0,34.0,121.0,146.0,38.0,24.0,2837
25025101001,128.0,0.0,0.0,4.0,72.0,26.0,13.0,0.0,0.0,0.0,13.0,43.0,35.0,0.0,21.0,128.0,4.0,6.0,0.0,36.0,9.0,31.0,113.0,1.0,0.0,0.0,0.0,80.0,0.0,6.0,0.0,327.0,182.0,26.0,235.0,89.0,4.0,9.0,42.0,0.0,311.0,583.0,135.0,100.0,498.0,6.0,9.0,261.0,4.0,1.0,26.0,0.0,29.0,177.0,12.0,0.0,14.0,79.0,34.0,87.0,19.0,4.0,221.0,75.0,245.0,333.0,58.0,81.0,5085
25025101002,121.0,0.0,0.0,4.0,44.0,15.0,17.0,0.0,0.0,0.0,23.0,26.0,11.0,0.0,20.0,97.0,2.0,5.0,0.0,22.0,9.0,41.0,81.0,0.0,0.0,0.0,0.0,64.0,0.0,7.0,0.0,278.0,195.0,20.0,121.0,89.0,9.0,12.0,10.0,1.0,278.0,510.0,73.0,51.0,323.0,5.0,8.0,185.0,7.0,0.0,49.0,1.0,13.0,127.0,10.0,0.0,16.0,67.0,31.0,39.0,20.0,5.0,174.0,48.0,192.0,325.0,84.0,53.0,4038
25025101101,63.0,0.0,1.0,2.0,42.0,13.0,9.0,0.0,0.0,0.0,8.0,11.0,9.0,0.0,4.0,46.0,0.0,7.0,0.0,15.0,3.0,20.0,50.0,0.0,1.0,0.0,0.0,42.0,0.0,9.0,0.0,169.0,80.0,38.0,70.0,65.0,5.0,0.0,1.0,0.0,172.0,347.0,40.0,38.0,225.0,6.0,1.0,146.0,5.0,0.0,18.0,0.0,10.0,72.0,2.0,0.0,7.0,35.0,15.0,34.0,12.0,2.0,105.0,65.0,141.0,229.0,39.0,32.0,2581
25025101102,197.0,0.0,0.0,0.0,64.0,20.0,32.0,0.0,1.0,0.0,28.0,30.0,15.0,2.0,19.0,79.0,1.0,6.0,0.0,31.0,11.0,37.0,88.0,0.0,1.0,0.0,0.0,80.0,0.0,14.0,0.0,371.0,145.0,51.0,192.0,99.0,14.0,2.0,34.0,0.0,319.0,787.0,143.0,100.0,401.0,17.0,3.0,336.0,1.0,0.0,58.0,3.0,24.0,141.0,13.0,0.0,19.0,81.0,30.0,106.0,12.0,6.0,316.0,89.0,297.0,466.0,93.0,97.0,5622
25025110103,47.0,0.0,3.0,3.0,56.0,7.0,7.0,0.0,0.0,0.0,11.0,25.0,11.0,0.0,9.0,131.0,0.0,2.0,0.0,21.0,1.0,8.0,43.0,0.0,0.0,0.0,0.0,33.0,0.0,1.0,0.0,134.0,94.0,10.0,92.0,120.0,5.0,18.0,1.0,0.0,186.0,366.0,32.0,21.0,375.0,1.0,1.0,140.0,5.0,1.0,29.0,3.0,25.0,60.0,16.0,0.0,11.0,53.0,8.0,37.0,10.0,1.0,97.0,156.0,138.0,92.0,59.0,37.0,2853
25025110201,20.0,0.0,0.0,1.0,23.0,0.0,2.0,0.0,1.0,0.0,4.0,6.0,0.0,1.0,7.0,33.0,0.0,1.0,0.0,7.0,4.0,5.0,31.0,0.0,3.0,0.0,0.0,45.0,0.0,0.0,0.0,88.0,42.0,9.0,45.0,59.0,5.0,0.0,0.0,0.0,133.0,215.0,26.0,19.0,194.0,6.0,0.0,86.0,1.0,0.0,5.0,0.0,17.0,35.0,3.0,0.0,3.0,16.0,20.0,13.0,2.0,0.0,53.0,23.0,52.0,79.0,22.0,10.0,1475
25025110301,34.0,0.0,0.0,1.0,22.0,3.0,2.0,0.0,0.0,0.0,14.0,9.0,15.0,0.0,11.0,40.0,14.0,2.0,0.0,11.0,1.0,9.0,39.0,0.0,0.0,0.0,0.0,15.0,0.0,0.0,0.0,85.0,62.0,4.0,152.0,49.0,4.0,6.0,0.0,0.0,128.0,249.0,7.0,4.0,291.0,1.0,4.0,93.0,0.0,0.0,2.0,0.0,10.0,70.0,6.0,1.0,3.0,25.0,3.0,11.0,0.0,1.0,77.0,29.0,55.0,74.0,65.0,15.0,1828
25025110401,44.0,0.0,3.0,1.0,34.0,3.0,2.0,0.0,0.0,0.0,1.0,14.0,5.0,1.0,13.0,59.0,0.0,1.0,0.0,10.0,2.0,5.0,41.0,0.0,0.0,0.0,0.0,23.0,0.0,0.0,0.0,122.0,50.0,1.0,40.0,67.0,4.0,2.0,0.0,0.0,177.0,258.0,32.0,19.0,173.0,0.0,2.0,116.0,5.0,1.0,11.0,0.0,9.0,38.0,7.0,0.0,3.0,24.0,5.0,23.0,6.0,2.0,97.0,74.0,101.0,98.0,28.0,15.0,1872
25025110403,21.0,0.0,0.0,3.0,17.0,1.0,2.0,0.0,0.0,0.0,1.0,15.0,2.0,0.0,2.0,57.0,0.0,0.0,0.0,12.0,5.0,3.0,31.0,0.0,1.0,0.0,0.0,30.0,0.0,0.0,0.0,89.0,42.0,7.0,55.0,36.0,2.0,0.0,0.0,0.0,135.0,201.0,33.0,20.0,203.0,1.0,2.0,80.0,0.0,0.0,11.0,0.0,17.0,33.0,6.0,0.0,2.0,20.0,4.0,5.0,7.0,0.0,47.0,28.0,49.0,64.0,23.0,10.0,1435
25025110501,18.0,0.0,0.0,0.0,11.0,0.0,2.0,0.0,0.0,0.0,1.0,14.0,6.0,1.0,2.0,51.0,2.0,0.0,0.0,9.0,1.0,1.0,32.0,0.0,0.0,0.0,0.0,13.0,0.0,0.0,0.0,53.0,24.0,6.0,49.0,32.0,1.0,0.0,0.0,0.0,81.0,93.0,11.0,7.0,111.0,0.0,2.0,59.0,1.0,2.0,7.0,0.0,11.0,21.0,5.0,0.0,3.0,16.0,3.0,4.0,3.0,3.0,24.0,15.0,30.0,34.0,16.0,13.0,904
25025110502,37.0,0.0,2.0,1.0,31.0,3.0,0.0,0.0,0.0,0.0,21.0,23.0,13.0,0.0,7.0,120.0,0.0,4.0,0.0,20.0,2.0,11.0,61.0,0.0,0.0,0.0,0.0,34.0,0.0,0.0,0.0,135.0,45.0,12.0,119.0,41.0,2.0,16.0,4.0,0.0,197.0,248.0,29.0,10.0,334.0,2.0,4.0,114.0,4.0,0.0,26.0,1.0,21.0,55.0,5.0,0.0,5.0,25.0,12.0,37.0,9.0,2.0,69.0,60.0,110.0,61.0,39.0,23.0,2266
25025110601,1.0,0.0,0.0,0.0,2.0,0.0,0.0,0.0,0.0,0.0,1.0,10.0,0.0,0.0,1.0,7.0,1.0,0.0,0.0,3.0,2.0,0.0,23.0,0.0,0.0,0.0,0.0,6.0,0.0,0.0,0.0,18.0,13.0,2.0,8.0,17.0,0.0,0.0,0.0,0.0,47.0,34.0,2.0,1.0,34.0,0.0,1.0,14.0,0.0,0.0,6.0,0.0,10.0,9.0,1.0,0.0,1.0,2.0,0.0,0.0,0.0,1.0,7.0,4.0,11.0,7.0,4.0,3.0,314
25025110607,14.0,0.0,0.0,1.0,6.0,2.0,0.0,0.0,0.0,0.0,5.0,13.0,7.0,0.0,1.0,29.0,1.0,0.0,0.0,9.0,4.0,1.0,24.0,0.0,0.0,0.0,0.0,29.0,0.0,0.0,0.0,74.0,29.0,1.0,51.0,45.0,3.0,0.0,1.0,0.0,124.0,108.0,17.0,4.0,181.0,1.0,2.0,74.0,1.0,2.0,17.0,0.0,14.0,23.0,7.0,0.0,0.0,16.0,2.0,6.0,0.0,3.0,35.0,36.0,38.0,23.0,23.0,7.0,1114
25025120103,7.0,0.0,0.0,0.0,9.0,0.0,0.0,0.0,0.0,0.0,3.0,8.0,5.0,0.0,1.0,7.0,1.0,0.0,0.0,3.0,1.0,0.0,10.0,0.0,0.0,0.0,0.0,5.0,0.0,0.0,0.0,26.0,21.0,1.0,57.0,22.0,0.0,1.0,0.0,0.0,40.0,68.0,8.0,2.0,45.0,0.0,1.0,25.0,0.0,0.0,1.0,0.0,12.0,12.0,2.0,0.0,3.0,13.0,3.0,4.0,0.0,0.0,15.0,22.0,14.0,16.0,9.0,6.0,509
25025120104,8.0,0.0,0.0,1.0,7.0,0.0,3.0,0.0,0.0,0.0,0.0,2.0,3.0,1.0,0.0,8.0,0.0,0.0,0.0,7.0,2.0,0.0,10.0,0.0,0.0,0.0,0.0,9.0,0.0,0.0,0.0,30.0,17.0,0.0,30.0,22.0,1.0,0.0,1.0,0.0,36.0,55.0,5.0,3.0,44.0,0.0,0.0,29.0,2.0,0.0,3.0,1.0,10.0,8.0,3.0,0.0,1.0,12.0,1.0,2.0,1.0,0.0,8.0,45.0,26.0,11.0,5.0,3.0,476
25025120105,1.0,0.0,0.0,0.0,1.0,0.0,1.0,0.0,0.0,0.0,1.0,7.0,1.0,0.0,0.0,3.0,0.0,0.0,0.0,9.0,0.0,0.0,19.0,0.0,0.0,0.0,0.0,5.0,0.0,0.0,0.0,29.0,20.0,2.0,16.0,13.0,0.0,0.0,0.0,0.0,30.0,39.0,1.0,1.0,30.0,1.0,0.0,11.0,0.0,0.0,1.0,0.0,5.0,8.0,1.0,0.0,0.0,4.0,0.0,1.0,1.0,0.0,4.0,5.0,14.0,9.0,8.0,2.0,304
25025120201,28.0,0.0,1.0,1.0,37.0,7.0,4.0,0.0,0.0,0.0,10.0,22.0,6.0,1.0,12.0,65.0,1.0,1.0,0.0,20.0,0.0,11.0,30.0,0.0,0.0,0.0,0.0,22.0,0.0,1.0,0.0,90.0,68.0,6.0,98.0,74.0,5.0,7.0,0.0,0.0,134.0,242.0,10.0,6.0,280.0,3.0,4.0,91.0,2.0,0.0,6.0,2.0,25.0,35.0,7.0,0.0,5.0,54.0,7.0,11.0,3.0,2.0,79.0,138.0,103.0,59.0,30.0,18.0,1984
25025120301,52.0,0.0,0.0,2.0,53.0,4.0,9.0,0.0,0.0,0.0,10.0,30.0,15.0,2.0,16.0,516.0,1.0,5.0,1.0,14.0,9.0,14.0,59.0,3.0,1.0,0.0,0.0,38.0,0.0,0.0,0.0,147.0,200.0,3.0,170.0,155.0,7.0,10.0,2.0,0.0,295.0,1149.0,31.0,21.0,347.0,2.0,5.0,159.0,14.0,0.0,23.0,7.0,115.0,97.0,13.0,0.0,9.0,110.0,17.0,31.0,24.0,1.0,99.0,142.0,138.0,91.0,83.0,70.0,4641
25025120400,26.0,0.0,0.0,2.0,40.0,5.0,3.0,0.0,1.0,0.0,9.0,41.0,30.0,2.0,5.0,43.0,3.0,0.0,0.0,13.0,3.0,2.0,57.0,0.0,0.0,0.0,0.0,30.0,0.0,2.0,0.0,158.0,106.0,5.0,251.0,150.0,4.0,8.0,1.0,0.0,273.0,333.0,44.0,27.0,333.0,0.0,7.0,101.0,3.0,1.0,21.0,0.0,51.0,54.0,9.0,0.0,17.0,127.0,8.0,22.0,2.0,7.0,108.0,167.0,101.0,52.0,41.0,40.0,2949
25025120500,47.0,0.0,1.0,1.0,20.0,7.0,12.0,0.0,0.0,0.0,8.0,6.0,8.0,0.0,10.0,95.0,0.0,4.0,0.0,12.0,2.0,15.0,27.0,0.0,1.0,0.0,0.0,23.0,0.0,10.0,0.0,76.0,67.0,9.0,129.0,86.0,1.0,3.0,3.0,0.0,110.0,250.0,17.0,7.0,139.0,3.0,3.0,121.0,2.0,0.0,11.0,0.0,26.0,37.0,6.0,0.0,7.0,39.0,4.0,36.0,5.0,1.0,68.0,74.0,66.0,45.0,36.0,55.0,1851
25025120600,10.0,0.0,0.0,3.0,20.0,1.0,1.0,0.0,0.0,0.0,2.0,13.0,7.0,1.0,6.0,25.0,0.0,5.0,0.0,4.0,0.0,9.0,20.0,0.0,0.0,0.0,0.0,12.0,0.0,0.0,0.0,46.0,50.0,8.0,123.0,92.0,1.0,0.0,1.0,0.0,48.0,122.0,4.0,0.0,91.0,0.0,1.0,37.0,2.0,0.0,6.0,0.0,12.0,16.0,2.0,0.0,11.0,43.0,1.0,9.0,7.0,0.0,22.0,126.0,44.0,20.0,10.0,28.0,1122
25025120700,15.0,0.0,1.0,0.0,18.0,5.0,1.0,0.0,0.0,0.0,2.0,2.0,4.0,0.0,2.0,6.0,1.0,0.0,0.0,6.0,2.0,1.0,10.0,0.0,0.0,0.0,0.0,7.0,0.0,0.0,0.0,44.0,44.0,1.0,56.0,55.0,1.0,1.0,1.0,0.0,69.0,95.0,25.0,20.0,89.0,3.0,1.0,38.0,0.0,0.0,7.0,0.0,8.0,12.0,9.0,0.0,0.0,28.0,4.0,9.0,1.0,1.0,18.0,46.0,30.0,23.0,12.0,13.0,847
25025130100,18.0,0.0,1.0,3.0,12.0,1.0,1.0,0.0,0.0,0.0,4.0,22.0,6.0,1.0,9.0,11.0,4.0,0.0,0.0,13.0,6.0,6.0,51.0,0.0,0.0,1.0,0.0,27.0,0.0,0.0,0.0,109.0,47.0,1.0,103.0,47.0,0.0,0.0,0.0,0.0,174.0,222.0,17.0,8.0,130.0,3.0,3.0,83.0,2.0,0.0,24.0,0.0,18.0,26.0,14.0,0.0,1.0,21.0,1.0,10.0,0.0,3.0,59.0,11.0,46.0,40.0,12.0,7.0,1439
25025130200,16.0,0.0,0.0,0.0,8.0,0.0,1.0,0.0,0.0,0.0,5.0,23.0,13.0,3.0,4.0,25.0,1.0,0.0,0.0,15.0,5.0,3.0,42.0,0.0,0.0,0.0,0.0,24.0,0.0,0.0,0.0,88.0,52.0,2.0,76.0,45.0,3.0,4.0,0.0,0.0,188.0,185.0,22.0,14.0,234.0,1.0,2.0,56.0,2.0,0.0,16.0,0.0,16.0,30.0,4.0,0.0,1.0,14.0,2.0,5.0,1.0,4.0,55.0,14.0,35.0,29.0,18.0,6.0,1412
25025130300,12.0,0.0,0.0,0.0,11.0,1.0,1.0,0.0,0.0,0.0,4.0,15.0,8.0,0.0,3.0,310.0,0.0,1.0,0.0,3.0,29.0,1.0,37.0,0.0,1.0,0.0,1.0,21.0,0.0,0.0,0.0,146.0,70.0,4.0,73.0,46.0,2.0,4.0,1.0,0.0,190.0,938.0,7.0,0.0,203.0,1.0,2.0,55.0,3.0,1.0,20.0,1.0,86.0,32.0,6.0,0.0,0.0,24.0,7.0,1.0,30.0,1.0,23.0,18.0,57.0,43.0,20.0,19.0,2593
25025130402,26.0,0.0,1.0,0.0,18.0,3.0,1.0,0.0,0.0,0.0,20.0,20.0,12.0,1.0,2.0,36.0,4.0,9.0,0.0,14.0,2.0,1.0,34.0,0.0,0.0,0.0,0.0,36.0,0.0,1.0,0.0,137.0,51.0,3.0,79.0,39.0,3.0,6.0,1.0,0.0,236.0,244.0,22.0,9.0,169.0,3.0,2.0,91.0,1.0,0.0,18.0,1.0,25.0,46.0,9.0,0.0,4.0,18.0,4.0,11.0,9.0,5.0,70.0,20.0,67.0,43.0,20.0,7.0,1714
25025130404,12.0,0.0,0.0,7.0,15.0,2.0,1.0,0.0,0.0,0.0,7.0,17.0,3.0,1.0,24.0,72.0,1.0,0.0,0.0,10.0,2.0,6.0,28.0,0.0,2.0,0.0,0.0,30.0,0.0,0.0,0.0,85.0,33.0,9.0,51.0,36.0,4.0,1.0,1.0,0.0,162.0,165.0,24.0,16.0,121.0,0.0,2.0,80.0,4.0,1.0,8.0,0.0,10.0,22.0,8.0,0.0,1.0,22.0,4.0,3.0,4.0,0.0,35.0,14.0,69.0,41.0,21.0,13.0,1310
25025130406,26.0,0.0,0.0,0.0,13.0,4.0,1.0,0.0,0.0,0.0,1.0,14.0,5.0,1.0,16.0,59.0,0.0,0.0,0.0,9.0,2.0,1.0,62.0,0.0,1.0,0.0,0.0,55.0,0.0,0.0,0.0,151.0,44.0,6.0,73.0,61.0,4.0,1.0,2.0,0.0,232.0,294.0,55.0,23.0,75.0,2.0,2.0,96.0,2.0,0.0,23.0,0.0,14.0,45.0,5.0,0.0,2.0,35.0,7.0,4.0,2.0,1.0,73.0,14.0,88.0,115.0,15.0,17.0,1853
25025140102,37.0,0.0,0.0,2.0,24.0,7.0,2.0,0.0,0.0,0.0,19.0,25.0,9.0,0.0,3.0,41.0,3.0,2.0,1.0,18.0,4.0,7.0,69.0,0.0,1.0,0.0,0.0,49.0,0.0,0.0,0.0,150.0,82.0,22.0,76.0,68.0,6.0,1.0,0.0,0.0,221.0,312.0,71.0,45.0,191.0,7.0,2.0,117.0,0.0,0.0,9.0,1.0,11.0,49.0,5.0,0.0,3.0,41.0,13.0,16.0,7.0,4.0,88.0,40.0,85.0,140.0,19.0,13.0,2238
25025140105,17.0,0.0,0.0,2.0,11.0,4.0,1.0,0.0,0.0,0.0,6.0,23.0,9.0,0.0,5.0,59.0,1.0,3.0,0.0,12.0,5.0,1.0,32.0,0.0,1.0,0.0,0.0,40.0,0.0,0.0,0.0,106.0,53.0,3.0,88.0,50.0,5.0,4.0,1.0,0.0,172.0,190.0,63.0,32.0,251.0,1.0,1.0,86.0,1.0,0.0,8.0,1.0,12.0,55.0,7.0,0.0,6.0,15.0,4.0,12.0,8.0,4.0,55.0,36.0,74.0,98.0,39.0,11.0,1784
25025140106,16.0,0.0,0.0,0.0,12.0,1.0,2.0,0.0,0.0,0.0,1.0,10.0,3.0,0.0,4.0,13.0,0.0,0.0,0.0,2.0,1.0,3.0,28.0,0.0,0.0,0.0,0.0,26.0,0.0,0.0,0.0,86.0,14.0,4.0,28.0,10.0,3.0,0.0,0.0,1.0,80.0,135.0,22.0,15.0,71.0,4.0,4.0,59.0,3.0,0.0,5.0,0.0,4.0,34.0,3.0,0.0,5.0,22.0,6.0,6.0,5.0,0.0,38.0,10.0,40.0,76.0,19.0,4.0,938
25025140107,24.0,0.0,1.0,2.0,11.0,2.0,3.0,0.0,0.0,0.0,0.0,13.0,2.0,0.0,0.0,33.0,1.0,0.0,0.0,9.0,0.0,7.0,28.0,0.0,1.0,0.0,0.0,33.0,0.0,0.0,0.0,84.0,41.0,9.0,45.0,22.0,3.0,0.0,0.0,0.0,137.0,156.0,36.0,21.0,152.0,4.0,2.0,77.0,3.0,2.0,2.0,0.0,17.0,33.0,1.0,0.0,3.0,28.0,9.0,9.0,7.0,1.0,39.0,27.0,67.0,52.0,18.0,15.0,1292
25025140201,22.0,0.0,0.0,0.0,16.0,5.0,0.0,0.0,0.0,0.0,18.0,15.0,8.0,0.0,10.0,78.0,3.0,1.0,0.0,12.0,1.0,1.0,36.0,0.0,0.0,0.0,0.0,28.0,0.0,0.0,0.0,90.0,44.0,10.0,95.0,32.0,4.0,1.0,0.0,0.0,119.0,202.0,7.0,3.0,153.0,1.0,3.0,72.0,1.0,0.0,5.0,0.0,14.0,35.0,6.0,1.0,5.0,24.0,8.0,13.0,2.0,3.0,40.0,12.0,46.0,48.0,20.0,20.0,1393
25025140202,47.0,0.0,0.0,4.0,36.0,6.0,4.0,0.0,0.0,0.0,6.0,27.0,5.0,1.0,6.0,31.0,2.0,1.0,1.0,16.0,4.0,2.0,65.0,0.0,2.0,0.0,0.0,68.0,0.0,1.0,0.0,155.0,95.0,4.0,80.0,88.0,0.0,1.0,0.0,0.0,417.0,280.0,74.0,26.0,143.0,8.0,1.0,122.0,7.0,0.0,6.0,0.0,22.0,47.0,7.0,0.0,7.0,66.0,16.0,21.0,5.0,3.0,82.0,25.0,133.0,127.0,13.0,24.0,2440
25025140300,90.0,1.0,0.0,8.0,65.0,23.0,9.0,0.0,1.0,0.0,25.0,41.0,33.0,3.0,25.0,401.0,16.0,8.0,0.0,45.0,20.0,12.0,117.0,0.0,3.0,0.0,0.0,83.0,0.0,4.0,0.0,360.0,723.0,35.0,414.0,129.0,13.0,17.0,1.0,0.0,469.0,1680.0,89.0,56.0,749.0,8.0,6.0,311.0,10.0,0.0,32.0,0.0,147.0,237.0,16.0,0.0,23.0,70.0,24.0,50.0,29.0,3.0,208.0,104.0,219.0,231.0,100.0,80.0,7676
25025140400,73.0,0.0,1.0,7.0,45.0,10.0,13.0,0.0,0.0,3.0,6.0,50.0,30.0,4.0,12.0,116.0,4.0,4.0,0.0,42.0,8.0,11.0,111.0,0.0,1.0,0.0,0.0,91.0,0.0,4.0,0.0,305.0,122.0,33.0,257.0,128.0,7.0,2.0,0.0,1.0,390.0,648.0,143.0,68.0,467.0,5.0,10.0,227.0,3.0,1.0,16.0,4.0,33.0,128.0,17.0,0.0,8.0,67.0,39.0,41.0,10.0,4.0,158.0,78.0,193.0,288.0,66.0,46.0,4659
25025980101,0.0,0.0,0.0,0.0,0.0,0.0,0.0,0.0,0.0,0.0,0.0,0.0,0.0,0.0,0.0,0.0,0.0,0.0,2.0,0.0,0.0,0.0,0.0,0.0,0.0,0.0,0.0,0.0,1.0,0.0,0.0,0.0,0.0,0.0,0.0,0.0,0.0,0.0,0.0,0.0,1.0,2.0,0.0,0.0,0.0,0.0,0.0,0.0,0.0,0.0,0.0,0.0,0.0,0.0,0.0,0.0,0.0,0.0,0.0,0.0,0.0,0.0,0.0,0.0,0.0,0.0,0.0,0.0,6
25025980300,18.0,0.0,0.0,1.0,8.0,0.0,3.0,0.0,0.0,0.0,0.0,2.0,3.0,0.0,3.0,19.0,0.0,0.0,0.0,5.0,2.0,3.0,7.0,0.0,0.0,0.0,0.0,3.0,0.0,0.0,0.0,34.0,25.0,0.0,30.0,29.0,0.0,0.0,0.0,0.0,43.0,120.0,7.0,3.0,156.0,1.0,2.0,38.0,0.0,0.0,15.0,2.0,4.0,31.0,0.0,0.0,3.0,2.0,2.0,10.0,1.0,1.0,25.0,19.0,31.0,38.0,38.0,6.0,793
25025980700,3.0,0.0,0.0,0.0,3.0,0.0,1.0,0.0,0.0,0.0,0.0,2.0,0.0,0.0,0.0,7.0,0.0,0.0,2.0,2.0,0.0,0.0,4.0,0.0,0.0,0.0,0.0,1.0,0.0,0.0,0.0,12.0,5.0,0.0,3.0,0.0,0.0,0.0,0.0,0.0,12.0,42.0,2.0,0.0,26.0,0.0,1.0,15.0,2.0,0.0,3.0,0.0,1.0,3.0,0.0,0.0,0.0,3.0,0.0,2.0,0.0,0.0,10.0,3.0,6.0,3.0,11.0,4.0,194
25025981000,11.0,0.0,0.0,0.0,1.0,0.0,5.0,0.0,0.0,0.0,0.0,5.0,1.0,0.0,4.0,7.0,1.0,0.0,0.0,4.0,0.0,1.0,4.0,0.0,0.0,0.0,0.0,4.0,0.0,0.0,0.0,35.0,6.0,0.0,21.0,21.0,0.0,0.0,0.0,0.0,116.0,70.0,19.0,9.0,41.0,0.0,0.0,25.0,0.0,0.0,6.0,1.0,3.0,14.0,2.0,0.0,0.0,0.0,2.0,5.0,0.0,0.0,26.0,5.0,16.0,3.0,5.0,8.0,507
25025981100,6.0,0.0,0.0,1.0,2.0,1.0,1.0,0.0,0.0,0.0,1.0,1.0,0.0,0.0,2.0,10.0,0.0,0.0,0.0,11.0,1.0,2.0,2.0,0.0,0.0,0.0,0.0,3.0,0.0,0.0,0.0,16.0,16.0,1.0,15.0,8.0,0.0,0.0,0.0,0.0,17.0,96.0,24.0,15.0,104.0,0.0,2.0,26.0,3.0,0.0,3.0,0.0,6.0,12.0,0.0,0.0,0.0,4.0,0.0,4.0,2.0,0.0,13.0,10.0,20.0,23.0,41.0,5.0,530
25025981201,15.0,0.0,0.0,0.0,9.0,0.0,2.0,0.0,0.0,0.0,0.0,1.0,0.0,0.0,0.0,56.0,0.0,0.0,0.0,3.0,1.0,3.0,2.0,0.0,0.0,0.0,0.0,1.0,2.0,0.0,0.0,20.0,15.0,0.0,17.0,7.0,1.0,0.0,0.0,0.0,30.0,33.0,0.0,1.0,21.0,0.0,0.0,13.0,1.0,0.0,1.0,1.0,14.0,9.0,1.0,0.0,1.0,2.0,0.0,4.0,0.0,0.0,16.0,5.0,14.0,11.0,7.0,7.0,347
25025981202,1.0,0.0,0.0,0.0,14.0,2.0,0.0,0.0,0.0,0.0,5.0,2.0,7.0,0.0,0.0,3.0,3.0,1.0,0.0,2.0,0.0,0.0,9.0,0.0,0.0,0.0,0.0,2.0,20.0,0.0,0.0,11.0,25.0,0.0,25.0,32.0,0.0,4.0,1.0,0.0,36.0,58.0,0.0,1.0,104.0,0.0,2.0,19.0,1.0,0.0,5.0,0.0,11.0,19.0,4.0,0.0,5.0,5.0,1.0,0.0,0.0,1.0,7.0,49.0,38.0,2.0,3.0,4.0,544
25025981300,3.0,46.0,0.0,1.0,7.0,3.0,3.0,0.0,0.0,0.0,0.0,3.0,0.0,0.0,3.0,6.0,0.0,0.0,0.0,2.0,0.0,1.0,7.0,0.0,0.0,0.0,0.0,4.0,37.0,0.0,0.0,15.0,12.0,1.0,8.0,8.0,0.0,21.0,0.0,0.0,17.0,33.0,1.0,0.0,14.0,1.0,0.0,11.0,1.0,0.0,1.0,0.0,5.0,34.0,1.0,0.0,2.0,2.0,2.0,3.0,0.0,0.0,10.0,5.0,16.0,2.0,3.0,1.0,356
25025981501,2.0,0.0,0.0,2.0,1.0,0.0,0.0,0.0,0.0,0.0,0.0,3.0,0.0,0.0,2.0,3.0,0.0,1.0,0.0,0.0,0.0,0.0,2.0,0.0,0.0,0.0,0.0,0.0,1.0,0.0,0.0,4.0,4.0,0.0,10.0,3.0,0.0,0.0,0.0,0.0,6.0,12.0,0.0,0.0,12.0,0.0,0.0,2.0,0.0,0.0,1.0,0.0,1.0,8.0,1.0,0.0,0.0,0.0,0.0,0.0,0.0,0.0,1.0,1.0,1.0,0.0,0.0,0.0,84
25025981502,5.0,0.0,0.0,0.0,3.0,0.0,0.0,0.0,0.0,0.0,0.0,1.0,1.0,0.0,2.0,2.0,0.0,0.0,0.0,2.0,0.0,2.0,2.0,0.0,0.0,0.0,0.0,2.0,0.0,0.0,0.0,11.0,3.0,0.0,5.0,4.0,2.0,1.0,0.0,0.0,15.0,37.0,7.0,4.0,39.0,1.0,2.0,6.0,0.0,0.0,1.0,0.0,2.0,2.0,0.0,0.0,0.0,0.0,2.0,1.0,1.0,0.0,11.0,3.0,7.0,12.0,4.0,4.0,209
25025981600,1.0,0.0,0.0,0.0,0.0,0.0,0.0,0.0,0.0,0.0,0.0,0.0,0.0,0.0,0.0,1.0,0.0,0.0,0.0,0.0,0.0,0.0,0.0,0.0,0.0,0.0,0.0,0.0,0.0,0.0,0.0,2.0,0.0,0.0,0.0,3.0,0.0,0.0,0.0,0.0,2.0,2.0,0.0,0.0,8.0,0.0,1.0,0.0,0.0,0.0,1.0,0.0,0.0,0.0,0.0,0.0,0.0,0.0,0.0,1.0,0.0,0.0,0.0,0.0,1.0,1.0,2.0,0.0,26
25025981700,30.0,0.0,0.0,77.0,9.0,3.0,1.0,0.0,1.0,0.0,14.0,11.0,7.0,0.0,23.0,262.0,0.0,1.0,0.0,8.0,1.0,19.0,14.0,0.0,0.0,0.0,0.0,4.0,0.0,0.0,0.0,47.0,40.0,0.0,131.0,43.0,1.0,17.0,21.0,0.0,83.0,166.0,2.0,1.0,130.0,0.0,0.0,91.0,0.0,0.0,39.0,4.0,48.0,127.0,3.0,0.0,6.0,3.0,1.0,43.0,1.0,1.0,120.0,24.0,36.0,3.0,20.0,117.0,1854
25025981800,9.0,0.0,0.0,0.0,5.0,2.0,0.0,0.0,0.0,0.0,0.0,4.0,0.0,0.0,1.0,13.0,0.0,0.0,0.0,3.0,0.0,0.0,11.0,0.0,0.0,0.0,0.0,1.0,0.0,0.0,0.0,16.0,12.0,1.0,79.0,11.0,0.0,0.0,0.0,0.0,39.0,30.0,0.0,1.0,54.0,0.0,1.0,9.0,4.0,0.0,5.0,0.0,11.0,22.0,1.0,0.0,1.0,23.0,0.0,8.0,0.0,0.0,23.0,10.0,20.0,3.0,0.0,10.0,443
