GEOID,ARSON,ASSAULT,BAD CHECKS,BRIBERY,BURGLARY,DISORDERLY CONDUCT,DRIVING UNDER THE INFLUENCE,DRUG/NARCOTIC,DRUNKENNESS,EMBEZZLEMENT,EXTORTION,FAMILY OFFENSES,FORGERY/COUNTERFEITING,FRAUD,GAMBLING,KIDNAPPING,LARCENY/THEFT,LIQUOR LAWS,LOITERING,MISSING PERSON,NON-CRIMINAL,OTHER OFFENSES,PORNOGRAPHY/OBSCENE MAT,PROSTITUTION,RECOVERED VEHICLE,ROBBERY,RUNAWAY,SECONDARY CODES,SEX OFFENSE,STOLEN PROPERTY,SUICIDE,SUSPICIOUS OCC,TREA,TRESPASS,VANDALISM,VEHICLE THEFT,WARRANTS,WEAPON LAWS,TOTAL
06075010100,8.0,699.0,1.0,0.0,256.0,41.0,7.0,71.0,38.0,17.0,5.0,4.0,100.0,203.0,6.0,13.0,3603.0,8.0,2.0,135.0,1243.0,697.0,0.0,10.0,26.0,122.0,9.0,79.0,30.0,44.0,1.0,280.0,2.0,71.0,529.0,214.0,228.0,42.0,8844
06075010200,7.0,229.0,1.0,2.0,238.0,10.0,7.0,44.0,16.0,3.0,0.0,1.0,32.0,52.0,1.0,12.0,1504.0,3.0,0.0,44.0,371.0,320.0,0.0,0.0,12.0,63.0,4.0,27.0,16.0,29.0,2.0,100.0,0.0,23.0,270.0,187.0,62.0,23.0,3715
06075010300,4.0,99.0,0.0,0.0,83.0,6.0,1.0,11.0,5.0,2.0,0.0,1.0,20.0,20.0,0.0,4.0,413.0,0.0,0.0,27.0,182.0,131.0,0.0,1.0,13.0,27.0,0.0,18.0,10.0,9.0,2.0,58.0,0.0,9.0,97.0,109.0,14.0,5.0,1381
06075010400,3.0,113.0,0.0,2.0,154.0,7.0,4.0,16.0,11.0,3.0,2.0,1.0,17.0,24.0,0.0,7.0,378.0,4.0,1.0,17.0,164.0,168.0,1.0,1.0,8.0,45.0,1.0,22.0,11.0,10.0,2.0,81.0,0.0,24.0,168.0,116.0,36.0,3.0,1625
06075010500,7.0,323.0,2.0,1.0,229.0,12.0,24.0,43.0,19.0,20.0,0.0,1.0,55.0,122.0,0.0,12.0,2347.0,1.0,9.0,51.0,628.0,712.0,0.0,0.0,14.0,84.0,2.0,24.0,18.0,37.0,4.0,156.0,0.0,78.0,275.0,133.0,132.0,17.0,5592
06075010600,4.0,682.0,2.0,1.0,106.0,66.0,31.0,139.0,139.0,4.0,1.0,0.0,26.0,72.0,0.0,11.0,668.0,31.0,5.0,46.0,571.0,871.0,0.0,5.0,18.0,108.0,1.0,65.0,18.0,25.0,6.0,222.0,0.0,28.0,198.0,96.0,224.0,76.0,4566
06075010700,6.0,403.0,4.0,1.0,85.0,25.0,42.0,62.0,45.0,26.0,3.0,1.0,38.0,169.0,2.0,11.0,631.0,14.0,2.0,122.0,869.0,912.0,0.0,3.0,18.0,92.0,3.0,51.0,18.0,6.0,1.0,179.0,0.0,16.0,212.0,76.0,125.0,39.0,4312
06075010800,2.0,76.0,1.0,0.0,102.0,4.0,1.0,24.0,1.0,2.0,1.0,0.0,10.0,26.0,0.0,2.0,224.0,0.0,1.0,18.0,122.0,120.0,0.0,0.0,8.0,31.0,1.0,16.0,3.0,7.0,2.0,48.0,0.0,7.0,99.0,143.0,19.0,3.0,1124
06075010900,8.0,155.0,2.0,1.0,205.0,6.0,5.0,50.0,7.0,2.0,0.0,0.0,26.0,51.0,0.0,2.0,548.0,1.0,0.0,29.0,265.0,245.0,0.0,18.0,6.0,41.0,1.0,30.0,6.0,13.0,4.0,69.0,0.0,9.0,132.0,138.0,44.0,8.0,2127
06075011000,2.0,153.0,2.0,0.0,142.0,9.0,4.0,42.0,7.0,2.0,0.0,0.0,37.0,43.0,0.0,6.0,465.0,3.0,0.0,25.0,225.0,203.0,0.0,21.0,8.0,55.0,1.0,19.0,9.0,7.0,1.0,101.0,0.0,10.0,125.0,110.0,71.0,5.0,1913
06075011100,4.0,491.0,2.0,1.0,256.0,36.0,19.0,200.0,22.0,8.0,2.0,1.0,85.0,106.0,0.0,24.0,1019.0,6.0,13.0,120.0,547.0,577.0,0.0,666.0,13.0,133.0,1.0,62.0,41.0,44.0,4.0,187.0,0.0,49.0,276.0,181.0,317.0,24.0,5537
06075011200,2.0,107.0,1.0,0.0,134.0,3.0,4.0,15.0,2.0,3.0,1.0,0.0,8.0,29.0,0.0,3.0,349.0,0.0,0.0,21.0,166.0,116.0,0.0,2.0,5.0,34.0,0.0,15.0,6.0,4.0,5.0,67.0,0.0,15.0,98.0,125.0,15.0,6.0,1361
06075011300,6.0,141.0,1.0,1.0,52.0,7.0,1.0,9.0,1.0,4.0,1.0,0.0,17.0,41.0,1.0,2.0,378.0,0.0,0.0,51.0,212.0,146.0,0.0,0.0,2.0,44.0,1.0,16.0,4.0,2.0,1.0,69.0,0.0,6.0,104.0,38.0,20.0,7.0,1386
06075011700,19.0,1149.0,25.0,0.0,1087.0,116.0,31.0,299.0,67.0,100.0,12.0,2.0,341.0,664.0,1.0,20.0,7545.0,17.0,11.0,148.0,1934.0,2168.0,0.0,14.0,45.0,517.0,2.0,83.0,53.0,138.0,5.0,587.0,0.0,255.0,630.0,308.0,720.0,75.0,19188
06075011800,1.0,82.0,1.0,0.0,44.0,3.0,2.0,10.0,3.0,1.0,9.0,0.0,20.0,21.0,2.0,4.0,184.0,0.0,0.0,14.0,108.0,115.0,0.0,0.0,4.0,28.0,0.0,7.0,4.0,1.0,1.0,48.0,0.0,6.0,59.0,19.0,12.0,6.0,819
06075011901,0.0,88.0,1.0,0.0,41.0,3.0,1.0,11.0,1.0,2.0,1.0,0.0,8.0,30.0,0.0,6.0,158.0,0.0,0.0,12.0,106.0,79.0,0.0,1.0,6.0,20.0,0.0,19.0,4.0,4.0,0.0,33.0,0.0,9.0,67.0,62.0,15.0,0.0,788
06075011902,2.0,84.0,1.0,0.0,71.0,3.0,3.0,27.0,3.0,2.0,2.0,1.0,15.0,22.0,0.0,3.0,230.0,1.0,1.0,21.0,135.0,123.0,0.0,1.0,10.0,23.0,1.0,18.0,5.0,11.0,2.0,41.0,0.0,16.0,59.0,69.0,22.0,4.0,1032
06075012000,13.0,438.0,2.0,0.0,190.0,31.0,18.0,438.0,20.0,5.0,0.0,0.0,39.0,95.0,0.0,5.0,1079.0,12.0,7.0,80.0,586.0,608.0,0.0,545.0,18.0,117.0,2.0,50.0,25.0,38.0,3.0,162.0,0.0,28.0,233.0,119.0,363.0,46.0,5415
06075012100,2.0,323.0,2.0,2.0,203.0,16.0,6.0,94.0,15.0,5.0,3.0,0.0,55.0,97.0,0.0,11.0,845.0,5.0,1.0,47.0,471.0,350.0,0.0,5.0,13.0,95.0,1.0,51.0,28.0,26.0,4.0,172.0,0.0,34.0,174.0,84.0,108.0,14.0,3362
06075012201,8.0,704.0,2.0,1.0,152.0,44.0,6.0,1335.0,26.0,1.0,3.0,1.0,35.0,82.0,0.0,20.0,609.0,17.0,11.0,63.0,530.0,1227.0,1.0,582.0,21.0,245.0,1.0,106.0,42.0,30.0,0.0,263.0,0.0,67.0,241.0,64.0,423.0,83.0,7046
06075012202,6.0,763.0,3.0,1.0,115.0,36.0,21.0,989.0,31.0,8.0,1.0,1.0,62.0,91.0,0.0,23.0,883.0,8.0,10.0,68.0,603.0,1036.0,1.0,366.0,26.0,235.0,0.0,76.0,39.0,49.0,4.0,219.0,0.0,41.0,231.0,98.0,529.0,74.0,6747
06075012301,5.0,1043.0,2.0,4.0,206.0,140.0,14.0,2349.0,91.0,14.0,1.0,2.0,71.0,158.0,0.0,30.0,1367.0,20.0,26.0,130.0,1112.0,1868.0,0.0,12.0,32.0,243.0,1.0,101.0,61.0,31.0,1.0,290.0,0.0,243.0,155.0,138.0,826.0,93.0,10880
06075012302,6.0,647.0,1.0,4.0,202.0,122.0,9.0,361.0,39.0,10.0,1.0,6.0,45.0,148.0,1.0,20.0,1328.0,5.0,33.0,71.0,847.0,667.0,0.0,7.0,14.0,127.0,0.0,46.0,35.0,29.0,7.0,228.0,0.0,190.0,182.0,77.0,285.0,42.0,5842
06075012401,6.0,1413.0,3.0,1.0,182.0,214.0,19.0,4063.0,67.0,6.0,4.0,9.0,63.0,123.0,0.0,36.0,659.0,28.0,25.0,217.0,1083.0,2771.0,1.0,13.0,27.0,401.0,1.0,212.0,50.0,42.0,12.0,499.0,0.0,199.0,208.0,54.0,1279.0,158.0,14148
06075012402,11.0,1404.0,1.0,4.0,226.0,355.0,31.0,2390.0,75.0,19.0,3.0,4.0,164.0,266.0,0.0,31.0,2481.0,41.0,91.0,168.0,1697.0,2625.0,0.0,31.0,33.0,514.0,6.0,166.0,80.0,114.0,4.0,491.0,0.0,406.0,434.0,189.0,1183.0,144.0,15882
06075012501,11.0,1764.0,5.0,6.0,290.0,347.0,22.0,5261.0,196.0,11.0,1.0,6.0,248.0,352.0,1.0,38.0,1723.0,111.0,41.0,148.0,1781.0,3784.0,2.0,5.0,47.0,495.0,1.0,165.0,52.0,132.0,6.0,606.0,0.0,362.0,334.0,100.0,1676.0,231.0,20361
06075012502,9.0,1131.0,1.0,2.0,89.0,205.0,19.0,3245.0,83.0,4.0,2.0,4.0,51.0,88.0,4.0,37.0,453.0,37.0,39.0,168.0,1458.0,2600.0,0.0,4.0,14.0,242.0,0.0,117.0,40.0,26.0,6.0,461.0,0.0,189.0,192.0,44.0,1004.0,110.0,12178
06075012601,0.0,38.0,2.0,0.0,108.0,1.0,1.0,7.0,3.0,2.0,0.0,0.0,14.0,30.0,0.0,1.0,223.0,0.0,0.0,3.0,62.0,63.0,0.0,0.0,2.0,31.0,0.0,7.0,1.0,9.0,0.0,22.0,0.0,2.0,44.0,34.0,16.0,4.0,730
06075012602,3.0,89.0,0.0,0.0,147.0,3.0,3.0,27.0,3.0,3.0,0.0,1.0,13.0,32.0,0.0,2.0,610.0,0.0,0.0,18.0,185.0,148.0,0.0,0.0,6.0,17.0,3.0,10.0,1.0,7.0,1.0,44.0,0.0,6.0,92.0,104.0,27.0,9.0,1614
06075012700,3.0,65.0,0.0,0.0,104.0,1.0,2.0,5.0,0.0,2.0,0.0,0.0,18.0,22.0,0.0,3.0,443.0,0.0,0.0,19.0,101.0,110.0,0.0,0.0,6.0,22.0,1.0,15.0,7.0,5.0,0.0,58.0,0.0,5.0,66.0,59.0,10.0,3.0,1155
06075012800,6.0,295.0,0.0,1.0,225.0,9.0,22.0,62.0,21.0,9.0,3.0,1.0,28.0,92.0,0.0,5.0,1237.0,4.0,0.0,42.0,401.0,466.0,0.0,11.0,11.0,68.0,0.0,31.0,10.0,27.0,1.0,151.0,0.0,15.0,194.0,137.0,81.0,16.0,3682
06075012901,2.0,69.0,0.0,0.0,126.0,0.0,9.0,24.0,3.0,1.0,0.0,0.0,14.0,21.0,0.0,2.0,301.0,1.0,5.0,21.0,108.0,138.0,0.0,10.0,6.0,18.0,0.0,15.0,5.0,8.0,1.0,35.0,0.0,5.0,82.0,72.0,13.0,5.0,1120
06075012902,6.0,183.0,0.0,0.0,172.0,5.0,7.0,68.0,7.0,3.0,1.0,0.0,12.0,45.0,0.0,8.0,641.0,3.0,1.0,32.0,208.0,191.0,0.0,6.0,7.0,42.0,0.0,19.0,7.0,17.0,0.0,76.0,0.0,16.0,140.0,121.0,51.0,26.0,2121
06075013000,2.0,174.0,4.0,0.0,314.0,2.0,5.0,44.0,12.0,10.0,1.0,0.0,40.0,98.0,0.0,5.0,722.0,4.0,1.0,16.0,228.0,297.0,0.0,0.0,9.0,53.0,0.0,24.0,10.0,29.0,1.0,107.0,0.0,14.0,161.0,160.0,41.0,11.0,2599
06075013101,1.0,69.0,1.0,0.0,200.0,9.0,3.0,21.0,2.0,5.0,1.0,0.0,29.0,45.0,0.0,5.0,406.0,0.0,2.0,15.0,119.0,159.0,0.0,52.0,8.0,33.0,0.0,16.0,7.0,13.0,3.0,58.0,0.0,6.0,107.0,93.0,47.0,7.0,1542
06075013102,1.0,44.0,0.0,0.0,141.0,3.0,3.0,16.0,2.0,4.0,0.0,0.0,12.0,24.0,0.0,0.0,326.0,0.0,1.0,14.0,90.0,102.0,0.0,2.0,3.0,10.0,0.0,6.0,3.0,14.0,0.0,29.0,0.0,7.0,77.0,84.0,21.0,2.0,1041
06075013200,9.0,54.0,0.0,0.0,185.0,3.0,4.0,12.0,2.0,0.0,0.0,0.0,16.0,24.0,0.0,1.0,471.0,0.0,0.0,7.0,123.0,148.0,0.0,1.0,9.0,22.0,0.0,16.0,10.0,6.0,1.0,89.0,0.0,12.0,117.0,121.0,20.0,6.0,1489
06075013300,2.0,100.0,0.0,0.0,136.0,3.0,7.0,20.0,4.0,0.0,1.0,2.0,14.0,49.0,0.0,1.0,412.0,0.0,0.0,43.0,172.0,153.0,0.0,0.0,4.0,16.0,0.0,20.0,7.0,7.0,1.0,118.0,0.0,18.0,110.0,85.0,10.0,8.0,1523
06075013400,2.0,63.0,1.0,0.0,137.0,1.0,18.0,14.0,4.0,3.0,0.0,2.0,19.0,25.0,0.0,5.0,363.0,0.0,0.0,14.0,108.0,146.0,0.0,0.0,7.0,28.0,0.0,8.0,4.0,9.0,0.0,57.0,0.0,4.0,84.0,101.0,13.0,6.0,1246
06075013500,2.0,136.0,2.0,0.0,187.0,4.0,4.0,13.0,2.0,8.0,1.0,3.0,55.0,40.0,0.0,2.0,539.0,1.0,1.0,197.0,256.0,176.0,0.0,2.0,7.0,31.0,4.0,12.0,11.0,21.0,4.0,116.0,0.0,22.0,102.0,76.0,36.0,5.0,2078
06075015100,7.0,181.0,3.0,0.0,143.0,21.0,12.0,115.0,11.0,9.0,1.0,0.0,36.0,79.0,1.0,5.0,1266.0,5.0,48.0,26.0,292.0,500.0,0.0,69.0,14.0,84.0,0.0,18.0,5.0,26.0,3.0,104.0,0.0,52.0,184.0,110.0,159.0,14.0,3603
06075015200,1.0,153.0,4.0,0.0,204.0,8.0,2.0,18.0,7.0,3.0,1.0,0.0,24.0,62.0,0.0,8.0,813.0,3.0,0.0,38.0,212.0,210.0,0.0,4.0,6.0,38.0,1.0,24.0,11.0,14.0,1.0,98.0,0.0,21.0,158.0,170.0,42.0,7.0,2366
06075015300,1.0,67.0,1.0,0.0,87.0,2.0,23.0,30.0,2.0,1.0,2.0,2.0,13.0,30.0,0.0,2.0,399.0,1.0,0.0,12.0,93.0,159.0,0.0,1.0,8.0,29.0,0.0,5.0,8.0,8.0,1.0,54.0,0.0,7.0,86.0,104.0,29.0,6.0,1273
06075015400,1.0,157.0,4.0,0.0,160.0,5.0,20.0,42.0,8.0,4.0,3.0,2.0,49.0,63.0,0.0,4.0,504.0,1.0,0.0,85.0,205.0,321.0,0.0,0.0,9.0,49.0,34.0,26.0,13.0,11.0,2.0,140.0,0.0,14.0,163.0,108.0,38.0,24.0,2269
06075015500,3.0,268.0,0.0,2.0,163.0,10.0,13.0,56.0,8.0,7.0,2.0,0.0,42.0,75.0,0.0,6.0,1014.0,2.0,2.0,63.0,359.0,340.0,0.0,0.0,8.0,111.0,2.0,43.0,18.0,18.0,2.0,122.0,0.0,20.0,211.0,88.0,57.0,27.0,3162
06075015600,0.0,72.0,0.0,1.0,79.0,4.0,17.0,17.0,3.0,2.0,1.0,0.0,21.0,31.0,0.0,4.0,247.0,1.0,0.0,25.0,134.0,142.0,0.0,0.0,4.0,21.0,2.0,16.0,5.0,6.0,0.0,63.0,0.0,7.0,81.0,64.0,20.0,5.0,1095
06075015700,6.0,237.0,0.0,0.0,248.0,7.0,27.0,73.0,6.0,7.0,0.0,5.0,43.0,77.0,0.0,6.0,1223.0,6.0,0.0,580.0,329.0,463.0,0.0,3.0,19.0,98.0,67.0,42.0,20.0,22.0,0.0,131.0,0.0,29.0,218.0,243.0,106.0,22.0,4363
06075015801,3.0,385.0,0.0,2.0,196.0,8.0,18.0,108.0,7.0,3.0,0.0,5.0,26.0,55.0,0.0,10.0,571.0,3.0,1.0,156.0,244.0,572.0,0.0,2.0,12.0,148.0,16.0,92.0,31.0,9.0,1.0,164.0,0.0,25.0,233.0,134.0,102.0,60.0,3402
06075015802,0.0,118.0,1.0,0.0,142.0,3.0,9.0,31.0,5.0,0.0,1.0,0.0,26.0,34.0,1.0,2.0,314.0,0.0,0.0,84.0,176.0,271.0,0.0,1.0,4.0,44.0,0.0,19.0,7.0,11.0,0.0,79.0,0.0,8.0,88.0,100.0,37.0,10.0,1626
06075015900,5.0,426.0,2.0,3.0,183.0,8.0,10.0,91.0,12.0,3.0,1.0,4.0,69.0,104.0,0.0,21.0,1841.0,4.0,1.0,72.0,532.0,651.0,0.0,1.0,17.0,183.0,3.0,75.0,30.0,30.0,1.0,190.0,0.0,20.0,298.0,136.0,150.0,53.0,5230
06075016000,4.0,207.0,2.0,2.0,83.0,11.0,4.0,137.0,4.0,3.0,2.0,0.0,35.0,66.0,0.0,8.0,755.0,1.0,39.0,43.0,242.0,348.0,0.0,8.0,15.0,60.0,0.0,22.0,12.0,31.0,4.0,97.0,0.0,23.0,186.0,98.0,112.0,18.0,2682
06075016100,10.0,692.0,2.0,2.0,192.0,20.0,14.0,175.0,18.0,2.0,0.0,3.0,34.0,66.0,3.0,29.0,893.0,4.0,1.0,221.0,622.0,945.0,2.0,2.0,20.0,210.0,13.0,149.0,41.0,32.0,1.0,323.0,0.0,27.0,340.0,183.0,239.0,116.0,5646
06075016200,5.0,263.0,1.0,1.0,221.0,8.0,9.0,95.0,8.0,4.0,2.0,1.0,30.0,56.0,0.0,6.0,1196.0,2.0,18.0,72.0,319.0,458.0,0.0,1.0,13.0,112.0,1.0,28.0,26.0,34.0,3.0,109.0,0.0,10.0,220.0,181.0,101.0,25.0,3639
06075016300,6.0,252.0,0.0,2.0,234.0,4.0,8.0,96.0,4.0,2.0,1.0,1.0,26.0,52.0,2.0,8.0,478.0,3.0,0.0,83.0,245.0,421.0,0.0,2.0,12.0,128.0,3.0,67.0,15.0,9.0,1.0,118.0,0.0,11.0,168.0,181.0,79.0,46.0,2768
06075016400,1.0,181.0,1.0,0.0,157.0,9.0,19.0,52.0,8.0,4.0,0.0,1.0,40.0,60.0,0.0,3.0,485.0,2.0,1.0,54.0,259.0,402.0,0.0,0.0,9.0,65.0,1.0,37.0,14.0,11.0,2.0,102.0,0.0,11.0,140.0,149.0,65.0,21.0,2366
06075016500,2.0,232.0,2.0,1.0,193.0,9.0,25.0,85.0,18.0,4.0,0.0,0.0,29.0,50.0,0.0,6.0,556.0,6.0,0.0,396.0,360.0,431.0,0.0,0.0,14.0,63.0,6.0,25.0,14.0,12.0,2.0,108.0,0.0,17.0,164.0,165.0,71.0,13.0,3079
06075016600,9.0,489.0,3.0,0.0,191.0,132.0,22.0,1040.0,184.0,4.0,0.0,2.0,55.0,101.0,0.0,5.0,820.0,74.0,2.0,229.0,1270.0,1101.0,0.0,0.0,15.0,101.0,217.0,42.0,15.0,27.0,1.0,230.0,0.0,67.0,280.0,159.0,714.0,78.0,7679
06075016700,5.0,162.0,2.0,0.0,195.0,8.0,25.0,92.0,14.0,2.0,1.0,2.0,33.0,47.0,0.0,4.0,559.0,8.0,1.0,84.0,300.0,450.0,0.0,1.0,16.0,89.0,3.0,32.0,16.0,7.0,1.0,114.0,0.0,10.0,180.0,263.0,110.0,19.0,2855
06075016801,0.0,219.0,0.0,0.0,140.0,3.0,6.0,109.0,13.0,2.0,0.0,1.0,19.0,44.0,0.0,6.0,492.0,3.0,1.0,47.0,202.0,363.0,1.0,0.0,3.0,99.0,1.0,31.0,10.0,10.0,1.0,81.0,0.0,6.0,170.0,150.0,78.0,19.0,2330
06075016802,4.0,255.0,1.0,0.0,149.0,5.0,5.0,95.0,6.0,1.0,0.0,1.0,23.0,56.0,1.0,8.0,654.0,10.0,3.0,113.0,287.0,356.0,0.0,2.0,12.0,90.0,16.0,32.0,10.0,25.0,1.0,96.0,0.0,21.0,202.0,145.0,111.0,16.0,2812
06075016900,10.0,376.0,1.0,2.0,227.0,13.0,12.0,229.0,25.0,1.0,1.0,2.0,56.0,88.0,1.0,2.0,1330.0,6.0,0.0,131.0,455.0,461.0,0.0,0.0,14.0,148.0,2.0,36.0,11.0,37.0,1.0,143.0,0.0,65.0,271.0,150.0,296.0,21.0,4624
06075017000,1.0,72.0,0.0,0.0,138.0,3.0,9.0,11.0,5.0,3.0,0.0,0.0,11.0,34.0,0.0,0.0,361.0,0.0,0.0,50.0,138.0,203.0,0.0,0.0,14.0,18.0,1.0,9.0,4.0,9.0,2.0,65.0,0.0,10.0,113.0,144.0,18.0,3.0,1449
06075017101,10.0,38.0,0.0,0.0,82.0,2.0,7.0,22.0,4.0,1.0,0.0,1.0,10.0,29.0,0.0,3.0,225.0,2.0,0.0,13.0,97.0,126.0,0.0,0.0,4.0,11.0,0.0,11.0,2.0,5.0,3.0,41.0,0.0,6.0,74.0,127.0,23.0,5.0,984
06075017102,1.0,85.0,2.0,0.0,115.0,12.0,5.0,57.0,15.0,1.0,0.0,0.0,19.0,41.0,0.0,4.0,234.0,10.0,0.0,282.0,183.0,163.0,0.0,0.0,5.0,27.0,46.0,13.0,4.0,6.0,2.0,77.0,0.0,17.0,107.0,80.0,63.0,5.0,1681
06075017601,29.0,3176.0,22.0,11.0,872.0,95.0,54.0,4679.0,242.0,51.0,9.0,12.0,436.0,644.0,3.0,84.0,7295.0,143.0,32.0,407.0,3998.0,6079.0,0.0,21.0,119.0,1196.0,10.0,280.0,166.0,358.0,7.0,1131.0,0.0,304.0,969.0,416.0,2840.0,390.0,36580
06075017700,12.0,844.0,6.0,1.0,320.0,150.0,36.0,425.0,47.0,30.0,1.0,4.0,105.0,167.0,2.0,18.0,2870.0,19.0,19.0,94.0,890.0,1668.0,0.0,386.0,64.0,244.0,7.0,76.0,44.0,66.0,0.0,346.0,0.0,99.0,665.0,516.0,545.0,88.0,10874
06075017801,3.0,230.0,0.0,1.0,146.0,3.0,16.0,46.0,14.0,10.0,1.0,0.0,19.0,56.0,0.0,8.0,1663.0,11.0,8.0,41.0,333.0,414.0,0.0,0.0,13.0,89.0,0.0,18.0,13.0,32.0,4.0,136.0,0.0,24.0,240.0,139.0,132.0,19.0,3882
06075017802,9.0,853.0,3.0,5.0,304.0,36.0,47.0,447.0,67.0,6.0,3.0,4.0,62.0,146.0,1.0,24.0,2686.0,19.0,61.0,990.0,1109.0,1617.0,0.0,9.0,66.0,211.0,22.0,89.0,44.0,62.0,7.0,355.0,0.0,77.0,639.0,414.0,426.0,68.0,10988
06075017902,8.0,153.0,1.0,1.0,110.0,4.0,4.0,11.0,1.0,0.0,0.0,1.0,8.0,7.0,0.0,8.0,170.0,0.0,0.0,49.0,115.0,164.0,0.0,0.0,12.0,14.0,3.0,28.0,11.0,3.0,0.0,54.0,0.0,10.0,118.0,55.0,25.0,10.0,1158
06075018000,44.0,2290.0,17.0,16.0,667.0,103.0,62.0,905.0,150.0,43.0,16.0,13.0,623.0,1088.0,2.0,82.0,7644.0,50.0,39.0,808.0,5129.0,3951.0,1.0,52.0,50.0,624.0,35.0,371.0,338.0,124.0,19.0,1342.0,0.0,206.0,1536.0,410.0,1874.0,201.0,30925
06075020100,15.0,1944.0,5.0,12.0,302.0,125.0,44.0,3395.0,83.0,11.0,4.0,3.0,173.0,294.0,1.0,65.0,2046.0,81.0,168.0,211.0,1908.0,4564.0,0.0,109.0,78.0,655.0,9.0,230.0,125.0,137.0,9.0,574.0,0.0,111.0,631.0,327.0,1600.0,211.0,20260
06075020200,6.0,579.0,3.0,1.0,164.0,19.0,10.0,252.0,33.0,10.0,2.0,1.0,58.0,95.0,0.0,13.0,1075.0,22.0,12.0,125.0,602.0,713.0,0.0,5.0,16.0,184.0,9.0,80.0,30.0,21.0,2.0,182.0,0.0,20.0,343.0,215.0,223.0,50.0,5175
06075020300,4.0,388.0,0.0,2.0,159.0,13.0,18.0,126.0,27.0,4.0,1.0,0.0,25.0,97.0,1.0,9.0,912.0,5.0,0.0,70.0,415.0,417.0,0.0,2.0,12.0,133.0,2.0,41.0,20.0,26.0,3.0,150.0,0.0,29.0,231.0,179.0,131.0,22.0,3674
06075020401,0.0,59.0,0.0,0.0,76.0,2.0,8.0,18.0,3.0,0.0,0.0,0.0,9.0,25.0,0.0,0.0,257.0,0.0,0.0,24.0,110.0,105.0,0.0,0.0,9.0,23.0,1.0,7.0,2.0,4.0,2.0,35.0,0.0,5.0,97.0,79.0,14.0,5.0,979
06075020402,2.0,100.0,1.0,0.0,92.0,8.0,8.0,22.0,1.0,2.0,1.0,0.0,20.0,61.0,0.0,2.0,345.0,0.0,0.0,33.0,139.0,145.0,0.0,0.0,11.0,12.0,1.0,28.0,4.0,2.0,2.0,52.0,0.0,3.0,86.0,163.0,19.0,4.0,1369
06075020500,6.0,345.0,2.0,1.0,84.0,5.0,16.0,112.0,43.0,3.0,0.0,0.0,33.0,115.0,0.0,5.0,760.0,7.0,1.0,36.0,494.0,300.0,0.0,0.0,9.0,92.0,0.0,37.0,15.0,20.0,0.0,116.0,0.0,36.0,161.0,111.0,137.0,16.0,3118
06075020600,4.0,438.0,0.0,3.0,189.0,14.0,19.0,249.0,31.0,4.0,2.0,1.0,76.0,117.0,0.0,11.0,1013.0,22.0,3.0,62.0,700.0,615.0,0.0,3.0,15.0,174.0,0.0,60.0,33.0,31.0,5.0,195.0,0.0,41.0,318.0,258.0,196.0,43.0,4945
06075020700,6.0,286.0,0.0,1.0,155.0,18.0,24.0,89.0,25.0,3.0,2.0,1.0,34.0,64.0,0.0,14.0,745.0,7.0,1.0,89.0,764.0,552.0,0.0,3.0,8.0,63.0,1.0,49.0,50.0,19.0,4.0,160.0,0.0,15.0,252.0,207.0,112.0,25.0,3848
06075020800,7.0,947.0,0.0,4.0,167.0,288.0,44.0,618.0,61.0,16.0,3.0,2.0,120.0,122.0,1.0,44.0,1357.0,41.0,33.0,166.0,841.0,2157.0,0.0,1289.0,32.0,364.0,16.0,153.0,72.0,47.0,3.0,338.0,0.0,42.0,434.0,274.0,550.0,134.0,10787
06075020900,7.0,875.0,2.0,4.0,111.0,18.0,43.0,353.0,96.0,11.0,4.0,5.0,75.0,110.0,4.0,24.0,842.0,71.0,3.0,217.0,836.0,1428.0,0.0,26.0,17.0,332.0,16.0,121.0,38.0,30.0,3.0,281.0,0.0,42.0,308.0,184.0,320.0,117.0,6974
06075021000,1.0,147.0,0.0,1.0,131.0,12.0,14.0,67.0,23.0,4.0,0.0,0.0,9.0,32.0,1.0,7.0,469.0,14.0,0.0,63.0,234.0,270.0,0.0,12.0,6.0,61.0,3.0,22.0,17.0,11.0,0.0,80.0,0.0,4.0,144.0,147.0,75.0,22.0,2103
06075021100,2.0,78.0,3.0,1.0,92.0,0.0,8.0,19.0,4.0,4.0,0.0,0.0,28.0,25.0,0.0,1.0,384.0,2.0,0.0,31.0,136.0,133.0,0.0,0.0,3.0,34.0,2.0,16.0,3.0,5.0,2.0,68.0,0.0,8.0,88.0,139.0,21.0,7.0,1347
06075021200,0.0,34.0,0.0,0.0,67.0,2.0,5.0,8.0,1.0,1.0,0.0,1.0,15.0,20.0,0.0,2.0,212.0,0.0,0.0,12.0,57.0,83.0,0.0,0.0,1.0,10.0,0.0,8.0,1.0,5.0,1.0,28.0,0.0,5.0,57.0,92.0,8.0,3.0,739
06075021300,2.0,34.0,0.0,0.0,55.0,1.0,3.0,0.0,1.0,0.0,0.0,1.0,17.0,21.0,0.0,0.0,131.0,0.0,0.0,10.0,54.0,56.0,0.0,0.0,1.0,8.0,1.0,7.0,2.0,2.0,1.0,29.0,0.0,3.0,58.0,68.0,11.0,1.0,578
06075021400,3.0,87.0,0.0,2.0,75.0,1.0,2.0,34.0,1.0,0.0,1.0,0.0,10.0,35.0,0.0,1.0,295.0,4.0,0.0,25.0,103.0,118.0,0.0,1.0,9.0,28.0,3.0,14.0,10.0,5.0,2.0,34.0,0.0,3.0,95.0,110.0,22.0,11.0,1144
06075021500,3.0,115.0,0.0,0.0,129.0,1.0,10.0,42.0,6.0,0.0,0.0,0.0,17.0,26.0,0.0,2.0,344.0,0.0,0.0,46.0,157.0,268.0,0.0,0.0,7.0,41.0,1.0,20.0,4.0,9.0,1.0,74.0,0.0,7.0,132.0,208.0,24.0,11.0,1705
06075021600,2.0,69.0,1.0,1.0,94.0,0.0,4.0,9.0,2.0,0.0,1.0,0.0,9.0,36.0,0.0,4.0,287.0,1.0,0.0,24.0,128.0,132.0,0.0,0.0,11.0,13.0,1.0,10.0,10.0,2.0,3.0,54.0,0.0,6.0,113.0,86.0,9.0,6.0,1128
06075021700,6.0,148.0,2.0,0.0,106.0,3.0,1.0,62.0,2.0,3.0,0.0,2.0,23.0,28.0,0.0,10.0,371.0,1.0,0.0,66.0,176.0,206.0,1.0,0.0,23.0,36.0,2.0,21.0,7.0,2.0,1.0,94.0,0.0,11.0,180.0,123.0,21.0,16.0,1754
06075021800,2.0,67.0,0.0,0.0,131.0,6.0,7.0,51.0,2.0,3.0,0.0,0.0,14.0,30.0,0.0,6.0,343.0,4.0,1.0,25.0,138.0,174.0,0.0,0.0,19.0,47.0,0.0,16.0,5.0,5.0,2.0,56.0,0.0,11.0,132.0,154.0,25.0,9.0,1485
06075022600,11.0,153.0,0.0,0.0,154.0,8.0,3.0,38.0,7.0,6.0,0.0,0.0,8.0,28.0,0.0,6.0,743.0,4.0,0.0,42.0,196.0,399.0,0.0,3.0,28.0,63.0,0.0,23.0,10.0,17.0,1.0,93.0,0.0,40.0,239.0,200.0,67.0,32.0,2622
06075022702,2.0,58.0,0.0,0.0,82.0,3.0,0.0,21.0,4.0,2.0,0.0,0.0,13.0,21.0,0.0,2.0,272.0,2.0,0.0,8.0,79.0,119.0,0.0,0.0,6.0,34.0,1.0,9.0,11.0,4.0,1.0,47.0,0.0,0.0,73.0,98.0,15.0,3.0,990
06075022704,4.0,134.0,1.0,0.0,192.0,5.0,2.0,56.0,1.0,1.0,1.0,0.0,14.0,21.0,1.0,7.0,535.0,1.0,0.0,33.0,140.0,259.0,0.0,12.0,27.0,69.0,1.0,10.0,8.0,16.0,1.0,91.0,0.0,12.0,169.0,194.0,43.0,25.0,2086
06075022801,5.0,411.0,1.0,3.0,152.0,167.0,12.0,139.0,13.0,5.0,1.0,2.0,43.0,64.0,7.0,15.0,903.0,14.0,27.0,140.0,382.0,959.0,0.0,1585.0,30.0,135.0,2.0,65.0,33.0,17.0,2.0,174.0,0.0,22.0,323.0,357.0,212.0,79.0,6501
06075022802,6.0,716.0,0.0,2.0,75.0,123.0,17.0,152.0,34.0,2.0,1.0,90.0,22.0,36.0,0.0,8.0,561.0,7.0,3.0,821.0,663.0,467.0,0.0,12.0,11.0,40.0,239.0,40.0,31.0,16.0,18.0,189.0,0.0,166.0,218.0,94.0,207.0,41.0,5128
06075022803,3.0,288.0,1.0,3.0,63.0,13.0,10.0,93.0,10.0,1.0,1.0,4.0,14.0,31.0,1.0,9.0,344.0,14.0,2.0,60.0,258.0,462.0,0.0,31.0,15.0,105.0,2.0,64.0,20.0,12.0,2.0,125.0,0.0,11.0,157.0,162.0,69.0,35.0,2495
06075022901,3.0,465.0,2.0,4.0,86.0,19.0,11.0,184.0,62.0,2.0,0.0,0.0,38.0,42.0,2.0,14.0,434.0,75.0,1.0,115.0,283.0,782.0,0.0,3.0,23.0,169.0,5.0,92.0,23.0,19.0,2.0,191.0,0.0,37.0,213.0,174.0,206.0,83.0,3864
06075022902,4.0,183.0,1.0,2.0,31.0,6.0,13.0,55.0,13.0,1.0,0.0,1.0,10.0,26.0,0.0,6.0,148.0,19.0,0.0,38.0,130.0,350.0,0.0,1.0,8.0,49.0,1.0,21.0,15.0,9.0,2.0,74.0,0.0,3.0,91.0,92.0,56.0,19.0,1478
06075022903,3.0,344.0,2.0,4.0,69.0,11.0,9.0,115.0,21.0,1.0,1.0,0.0,31.0,45.0,0.0,11.0,293.0,26.0,0.0,81.0,246.0,469.0,0.0,13.0,19.0,111.0,7.0,61.0,26.0,11.0,3.0,117.0,0.0,12.0,194.0,151.0,106.0,45.0,2658
06075023001,16.0,290.0,0.0,2.0,106.0,4.0,6.0,93.0,2.0,3.0,1.0,3.0,16.0,36.0,0.0,18.0,250.0,1.0,0.0,1043.0,174.0,689.0,0.0,0.0,29.0,100.0,65.0,52.0,20.0,12.0,2.0,183.0,0.0,7.0,167.0,166.0,61.0,49.0,3666
06075023003,3.0,330.0,1.0,2.0,72.0,3.0,7.0,80.0,4.0,2.0,0.0,5.0,30.0,41.0,0.0,10.0,180.0,5.0,0.0,108.0,163.0,584.0,0.0,0.0,8.0,61.0,7.0,76.0,20.0,9.0,1.0,120.0,0.0,12.0,118.0,176.0,86.0,45.0,2369
06075023102,17.0,535.0,0.0,9.0,127.0,1.0,5.0,105.0,8.0,2.0,0.0,2.0,25.0,39.0,0.0,20.0,203.0,1.0,0.0,163.0,203.0,615.0,0.0,0.0,41.0,85.0,11.0,127.0,25.0,15.0,0.0,223.0,0.0,14.0,260.0,127.0,144.0,147.0,3299
06075023103,39.0,1016.0,2.0,10.0,370.0,19.0,2.0,158.0,8.0,1.0,3.0,6.0,19.0,29.0,2.0,29.0,276.0,1.0,2.0,304.0,339.0,762.0,1.0,0.0,68.0,135.0,17.0,276.0,37.0,11.0,3.0,387.0,0.0,50.0,627.0,177.0,250.0,245.0,5681
06075023200,43.0,818.0,3.0,2.0,238.0,6.0,13.0,521.0,10.0,6.0,1.0,2.0,54.0,78.0,5.0,19.0,362.0,13.0,1.0,367.0,422.0,1679.0,1.0,0.0,96.0,162.0,22.0,155.0,34.0,26.0,3.0,343.0,0.0,38.0,368.0,274.0,329.0,137.0,6651
06075023300,7.0,326.0,1.0,2.0,115.0,8.0,11.0,100.0,8.0,8.0,1.0,4.0,18.0,26.0,0.0,13.0,375.0,0.0,0.0,60.0,364.0,620.0,0.0,2.0,37.0,81.0,2.0,81.0,11.0,13.0,0.0,163.0,0.0,22.0,182.0,185.0,116.0,36.0,2998
06075023400,36.0,738.0,4.0,7.0,310.0,8.0,12.0,218.0,9.0,6.0,0.0,5.0,42.0,51.0,1.0,21.0,394.0,5.0,2.0,320.0,303.0,1124.0,0.0,2.0,71.0,234.0,15.0,140.0,36.0,18.0,1.0,281.0,1.0,46.0,538.0,186.0,209.0,116.0,5510
06075025100,0.0,154.0,2.0,0.0,67.0,2.0,14.0,92.0,5.0,0.0,0.0,0.0,15.0,31.0,0.0,8.0,296.0,4.0,9.0,66.0,136.0,291.0,0.0,0.0,22.0,42.0,1.0,20.0,10.0,4.0,2.0,56.0,0.0,13.0,119.0,148.0,71.0,15.0,1715
06075025200,5.0,209.0,0.0,1.0,87.0,7.0,6.0,60.0,12.0,1.0,1.0,0.0,31.0,55.0,0.0,4.0,450.0,6.0,0.0,132.0,176.0,347.0,0.0,3.0,26.0,58.0,8.0,35.0,8.0,10.0,3.0,82.0,0.0,13.0,199.0,206.0,47.0,23.0,2311
06075025300,3.0,525.0,2.0,2.0,121.0,16.0,25.0,149.0,26.0,2.0,1.0,4.0,38.0,70.0,2.0,12.0,746.0,18.0,0.0,190.0,452.0,995.0,0.0,2.0,18.0,163.0,3.0,58.0,28.0,19.0,0.0,180.0,0.0,23.0,232.0,206.0,171.0,44.0,4546
06075025401,2.0,261.0,0.0,3.0,58.0,5.0,12.0,54.0,5.0,1.0,0.0,2.0,14.0,29.0,0.0,10.0,210.0,5.0,0.0,82.0,207.0,318.0,0.0,0.0,19.0,68.0,6.0,26.0,7.0,2.0,2.0,84.0,0.0,13.0,166.0,127.0,47.0,26.0,1871
06075025402,4.0,141.0,1.0,3.0,35.0,4.0,2.0,52.0,7.0,2.0,1.0,2.0,18.0,17.0,0.0,9.0,167.0,1.0,0.0,50.0,131.0,192.0,0.0,1.0,15.0,28.0,2.0,24.0,6.0,6.0,2.0,47.0,0.0,3.0,94.0,129.0,41.0,15.0,1252
06075025403,4.0,352.0,1.0,2.0,95.0,6.0,14.0,108.0,3.0,3.0,1.0,2.0,21.0,31.0,0.0,8.0,212.0,1.0,0.0,66.0,162.0,533.0,0.0,0.0,29.0,96.0,1.0,75.0,23.0,14.0,3.0,122.0,0.0,11.0,192.0,167.0,99.0,64.0,2521
06075025500,10.0,461.0,0.0,6.0,119.0,13.0,29.0,139.0,12.0,7.0,4.0,7.0,56.0,80.0,0.0,21.0,438.0,6.0,1.0,133.0,501.0,1249.0,0.0,1.0,50.0,202.0,9.0,71.0,37.0,22.0,3.0,178.0,0.0,15.0,347.0,347.0,118.0,51.0,4743
06075025600,2.0,222.0,0.0,2.0,70.0,3.0,5.0,66.0,1.0,0.0,0.0,0.0,18.0,37.0,0.0,12.0,174.0,2.0,0.0,51.0,122.0,317.0,0.0,0.0,55.0,79.0,2.0,39.0,13.0,8.0,2.0,66.0,0.0,7.0,116.0,208.0,39.0,25.0,1763
06075025701,1.0,168.0,2.0,0.0,43.0,1.0,3.0,73.0,3.0,6.0,0.0,1.0,21.0,31.0,0.0,4.0,216.0,2.0,0.0,57.0,144.0,428.0,0.0,2.0,24.0,169.0,1.0,28.0,7.0,6.0,2.0,65.0,0.0,1.0,150.0,221.0,55.0,19.0,1954
06075025702,6.0,361.0,2.0,1.0,88.0,7.0,11.0,82.0,11.0,4.0,3.0,2.0,36.0,42.0,0.0,7.0,341.0,5.0,1.0,128.0,221.0,695.0,0.0,6.0,18.0,243.0,11.0,45.0,19.0,21.0,4.0,149.0,0.0,8.0,229.0,208.0,83.0,46.0,3144
06075025800,2.0,140.0,0.0,2.0,41.0,2.0,4.0,46.0,2.0,0.0,1.0,0.0,31.0,14.0,0.0,4.0,121.0,1.0,0.0,47.0,97.0,183.0,0.0,0.0,17.0,69.0,2.0,29.0,6.0,2.0,0.0,54.0,0.0,0.0,85.0,67.0,36.0,25.0,1130
06075025900,15.0,147.0,0.0,1.0,80.0,10.0,2.0,52.0,1.0,0.0,0.0,3.0,14.0,15.0,0.0,11.0,176.0,0.0,1.0,96.0,120.0,183.0,0.0,0.0,30.0,44.0,3.0,28.0,11.0,9.0,1.0,89.0,0.0,5.0,115.0,166.0,35.0,26.0,1489
06075026001,4.0,382.0,3.0,2.0,78.0,10.0,10.0,97.0,11.0,3.0,2.0,4.0,42.0,37.0,0.0,10.0,204.0,4.0,0.0,205.0,234.0,636.0,0.0,0.0,14.0,135.0,11.0,57.0,33.0,12.0,3.0,107.0,0.0,12.0,166.0,205.0,76.0,40.0,2849
06075026002,2.0,108.0,1.0,1.0,40.0,0.0,4.0,41.0,3.0,0.0,0.0,0.0,13.0,9.0,0.0,5.0,124.0,2.0,0.0,58.0,82.0,162.0,0.0,0.0,21.0,36.0,0.0,23.0,9.0,10.0,0.0,37.0,0.0,4.0,67.0,160.0,27.0,11.0,1060
06075026003,6.0,174.0,1.0,2.0,46.0,2.0,2.0,28.0,0.0,0.0,0.0,1.0,20.0,20.0,0.0,9.0,106.0,0.0,0.0,77.0,118.0,319.0,0.0,0.0,23.0,44.0,6.0,36.0,14.0,7.0,1.0,65.0,0.0,7.0,83.0,168.0,32.0,22.0,1439
06075026004,2.0,161.0,0.0,1.0,46.0,4.0,7.0,94.0,3.0,1.0,1.0,3.0,27.0,21.0,0.0,12.0,110.0,1.0,0.0,78.0,95.0,327.0,0.0,1.0,33.0,59.0,12.0,23.0,10.0,7.0,2.0,50.0,0.0,4.0,117.0,143.0,62.0,24.0,1541
06075026100,7.0,465.0,1.0,3.0,105.0,19.0,17.0,183.0,13.0,6.0,0.0,2.0,55.0,58.0,2.0,14.0,586.0,15.0,2.0,125.0,355.0,930.0,0.0,3.0,43.0,232.0,4.0,53.0,34.0,19.0,2.0,175.0,0.0,27.0,343.0,285.0,174.0,65.0,4422
06075026200,7.0,250.0,0.0,0.0,79.0,2.0,6.0,77.0,6.0,4.0,5.0,2.0,23.0,42.0,0.0,3.0,253.0,2.0,0.0,242.0,202.0,378.0,0.0,0.0,46.0,64.0,10.0,47.0,27.0,4.0,2.0,97.0,0.0,16.0,173.0,226.0,57.0,28.0,2380
06075026301,1.0,270.0,3.0,2.0,52.0,5.0,7.0,112.0,6.0,1.0,2.0,0.0,32.0,29.0,2.0,15.0,215.0,3.0,0.0,70.0,201.0,711.0,0.0,3.0,29.0,121.0,3.0,33.0,24.0,10.0,1.0,90.0,0.0,6.0,158.0,155.0,82.0,46.0,2500
06075026302,7.0,154.0,0.0,1.0,41.0,0.0,5.0,59.0,1.0,1.0,4.0,1.0,11.0,18.0,1.0,4.0,136.0,5.0,0.0,88.0,100.0,237.0,0.0,0.0,20.0,42.0,3.0,26.0,15.0,4.0,1.0,76.0,0.0,5.0,97.0,135.0,36.0,19.0,1353
06075026303,1.0,128.0,1.0,0.0,31.0,2.0,4.0,36.0,2.0,0.0,0.0,1.0,10.0,19.0,0.0,11.0,106.0,1.0,0.0,73.0,99.0,142.0,0.0,0.0,8.0,29.0,5.0,20.0,15.0,3.0,0.0,41.0,0.0,4.0,85.0,111.0,20.0,10.0,1018
06075026401,2.0,182.0,0.0,0.0,62.0,3.0,2.0,36.0,1.0,2.0,2.0,4.0,18.0,16.0,1.0,4.0,165.0,1.0,0.0,84.0,96.0,313.0,0.0,0.0,20.0,66.0,3.0,38.0,10.0,3.0,1.0,53.0,0.0,7.0,142.0,101.0,53.0,46.0,1537
06075026402,2.0,134.0,1.0,1.0,73.0,4.0,2.0,43.0,1.0,5.0,0.0,1.0,25.0,21.0,0.0,7.0,147.0,0.0,0.0,55.0,101.0,174.0,0.0,1.0,18.0,54.0,3.0,26.0,11.0,3.0,1.0,58.0,0.0,7.0,115.0,138.0,23.0,20.0,1275
06075026403,3.0,219.0,1.0,2.0,65.0,5.0,1.0,64.0,5.0,1.0,0.0,4.0,35.0,26.0,3.0,9.0,196.0,5.0,0.0,86.0,152.0,397.0,0.0,0.0,24.0,69.0,5.0,36.0,21.0,13.0,5.0,68.0,0.0,15.0,153.0,118.0,59.0,38.0,1903
06075026404,3.0,184.0,1.0,0.0,44.0,0.0,0.0,25.0,1.0,3.0,1.0,0.0,9.0,12.0,0.0,8.0,84.0,1.0,0.0,67.0,82.0,192.0,1.0,0.0,9.0,53.0,2.0,39.0,16.0,6.0,0.0,60.0,0.0,5.0,101.0,66.0,39.0,43.0,1157
06075030101,1.0,102.0,0.0,1.0,132.0,1.0,4.0,18.0,6.0,2.0,2.0,1.0,20.0,47.0,0.0,5.0,284.0,0.0,0.0,79.0,148.0,157.0,0.0,0.0,7.0,21.0,0.0,18.0,7.0,6.0,2.0,48.0,0.0,7.0,88.0,111.0,20.0,6.0,1351
06075030102,1.0,67.0,0.0,0.0,74.0,3.0,4.0,15.0,0.0,2.0,0.0,0.0,13.0,39.0,0.0,3.0,244.0,0.0,0.0,43.0,124.0,114.0,0.0,0.0,4.0,9.0,0.0,11.0,4.0,0.0,1.0,58.0,0.0,5.0,80.0,107.0,10.0,13.0,1048
06075030201,1.0,88.0,0.0,1.0,90.0,3.0,12.0,27.0,4.0,0.0,1.0,0.0,21.0,30.0,0.0,2.0,268.0,4.0,0.0,21.0,164.0,268.0,0.0,2.0,4.0,32.0,0.0,12.0,3.0,3.0,2.0,65.0,0.0,9.0,91.0,79.0,49.0,9.0,1365
06075030202,2.0,154.0,3.0,0.0,124.0,13.0,13.0,51.0,24.0,3.0,2.0,0.0,34.0,54.0,0.0,2.0,405.0,6.0,2.0,96.0,271.0,250.0,0.0,0.0,7.0,46.0,0.0,22.0,8.0,6.0,0.0,100.0,0.0,11.0,162.0,83.0,79.0,15.0,2048
06075030301,1.0,96.0,0.0,1.0,105.0,0.0,8.0,35.0,2.0,2.0,0.0,1.0,17.0,21.0,0.0,6.0,290.0,0.0,0.0,44.0,142.0,150.0,0.0,0.0,9.0,16.0,0.0,20.0,2.0,3.0,1.0,83.0,0.0,5.0,129.0,117.0,17.0,5.0,1328
06075030302,0.0,52.0,3.0,0.0,59.0,1.0,3.0,18.0,1.0,1.0,2.0,0.0,19.0,30.0,0.0,6.0,187.0,0.0,0.0,8.0,67.0,131.0,0.0,0.0,3.0,8.0,0.0,11.0,5.0,1.0,1.0,43.0,0.0,1.0,78.0,52.0,11.0,5.0,807
06075030400,10.0,159.0,1.0,0.0,125.0,3.0,1.0,33.0,8.0,3.0,2.0,1.0,33.0,39.0,0.0,7.0,313.0,7.0,0.0,61.0,167.0,194.0,0.0,5.0,7.0,30.0,5.0,8.0,16.0,7.0,1.0,79.0,0.0,11.0,238.0,78.0,30.0,25.0,1707
06075030500,0.0,168.0,0.0,2.0,35.0,7.0,1.0,154.0,7.0,3.0,0.0,0.0,5.0,14.0,0.0,1.0,145.0,0.0,1.0,71.0,174.0,81.0,0.0,0.0,8.0,2.0,10.0,12.0,12.0,1.0,3.0,60.0,0.0,12.0,70.0,33.0,18.0,7.0,1117
06075030600,1.0,50.0,0.0,1.0,49.0,2.0,5.0,8.0,2.0,1.0,0.0,0.0,14.0,14.0,0.0,3.0,126.0,2.0,1.0,15.0,59.0,80.0,0.0,0.0,2.0,10.0,0.0,11.0,1.0,2.0,0.0,29.0,0.0,6.0,54.0,26.0,8.0,1.0,583
06075030700,3.0,88.0,1.0,1.0,93.0,3.0,3.0,22.0,0.0,1.0,0.0,0.0,29.0,46.0,0.0,3.0,283.0,1.0,0.0,32.0,152.0,128.0,0.0,0.0,6.0,8.0,2.0,11.0,4.0,7.0,1.0,75.0,0.0,8.0,135.0,93.0,13.0,5.0,1257
06075030800,1.0,134.0,3.0,0.0,135.0,2.0,21.0,49.0,16.0,3.0,0.0,0.0,38.0,62.0,0.0,5.0,450.0,7.0,2.0,24.0,276.0,425.0,0.0,2.0,6.0,44.0,1.0,14.0,12.0,10.0,2.0,144.0,0.0,13.0,235.0,79.0,45.0,9.0,2269
06075030900,3.0,173.0,3.0,0.0,200.0,2.0,30.0,44.0,6.0,5.0,1.0,1.0,46.0,47.0,0.0,10.0,573.0,1.0,7.0,78.0,235.0,533.0,0.0,4.0,10.0,78.0,7.0,21.0,14.0,12.0,1.0,146.0,0.0,16.0,271.0,128.0,40.0,23.0,2769
06075031000,2.0,118.0,1.0,2.0,88.0,4.0,6.0,34.0,5.0,3.0,0.0,1.0,13.0,53.0,0.0,6.0,344.0,2.0,0.0,23.0,121.0,192.0,0.0,1.0,6.0,29.0,1.0,15.0,5.0,2.0,1.0,56.0,0.0,7.0,113.0,72.0,22.0,5.0,1353
06075031100,7.0,301.0,0.0,4.0,120.0,17.0,5.0,70.0,8.0,2.0,1.0,2.0,22.0,54.0,0.0,4.0,1045.0,1.0,6.0,103.0,416.0,569.0,0.0,3.0,23.0,91.0,5.0,52.0,27.0,14.0,2.0,139.0,0.0,15.0,239.0,212.0,62.0,31.0,3672
06075031201,7.0,312.0,1.0,2.0,82.0,7.0,11.0,96.0,6.0,2.0,2.0,2.0,49.0,42.0,0.0,9.0,351.0,6.0,0.0,513.0,234.0,587.0,0.0,1.0,15.0,100.0,57.0,53.0,24.0,8.0,2.0,121.0,0.0,10.0,211.0,122.0,64.0,36.0,3145
06075031202,1.0,132.0,1.0,0.0,44.0,2.0,4.0,55.0,5.0,0.0,1.0,2.0,10.0,21.0,0.0,6.0,135.0,1.0,0.0,144.0,84.0,189.0,0.0,0.0,13.0,67.0,20.0,18.0,7.0,3.0,1.0,53.0,0.0,6.0,74.0,79.0,25.0,12.0,1215
06075031301,4.0,168.0,0.0,1.0,56.0,2.0,8.0,31.0,1.0,2.0,0.0,0.0,23.0,31.0,0.0,8.0,220.0,2.0,2.0,94.0,124.0,183.0,0.0,0.0,11.0,35.0,6.0,34.0,11.0,2.0,2.0,57.0,0.0,5.0,99.0,73.0,21.0,11.0,1327
06075031302,5.0,197.0,1.0,3.0,82.0,4.0,7.0,107.0,6.0,2.0,2.0,1.0,22.0,38.0,0.0,2.0,221.0,1.0,0.0,79.0,172.0,279.0,0.0,1.0,28.0,50.0,1.0,39.0,10.0,3.0,2.0,75.0,0.0,6.0,142.0,76.0,83.0,12.0,1759
06075031400,8.0,380.0,1.0,3.0,85.0,2.0,8.0,214.0,8.0,2.0,1.0,2.0,33.0,41.0,0.0,20.0,306.0,5.0,0.0,294.0,262.0,624.0,0.0,0.0,33.0,118.0,20.0,100.0,18.0,14.0,4.0,142.0,0.0,24.0,205.0,184.0,128.0,48.0,3337
06075032601,1.0,141.0,1.0,0.0,97.0,5.0,7.0,54.0,13.0,2.0,3.0,2.0,37.0,50.0,0.0,4.0,209.0,8.0,6.0,29.0,233.0,263.0,0.0,3.0,6.0,32.0,1.0,24.0,10.0,7.0,0.0,89.0,0.0,11.0,136.0,77.0,62.0,11.0,1634
06075032602,1.0,55.0,2.0,1.0,53.0,4.0,5.0,12.0,0.0,3.0,0.0,1.0,17.0,33.0,0.0,4.0,114.0,7.0,0.0,37.0,106.0,93.0,0.0,5.0,2.0,17.0,0.0,8.0,8.0,1.0,0.0,38.0,0.0,3.0,74.0,73.0,11.0,6.0,794
06075032700,2.0,119.0,1.0,0.0,90.0,3.0,4.0,22.0,1.0,1.0,3.0,1.0,25.0,41.0,0.0,8.0,249.0,2.0,0.0,36.0,126.0,166.0,0.0,5.0,7.0,23.0,2.0,23.0,15.0,4.0,1.0,82.0,0.0,2.0,139.0,89.0,21.0,12.0,1325
06075032801,7.0,185.0,2.0,0.0,65.0,5.0,11.0,90.0,8.0,3.0,2.0,1.0,25.0,35.0,1.0,7.0,208.0,5.0,0.0,60.0,355.0,240.0,0.0,0.0,5.0,23.0,0.0,48.0,13.0,6.0,1.0,128.0,0.0,11.0,141.0,57.0,20.0,38.0,1806
06075032802,0.0,86.0,0.0,0.0,61.0,4.0,14.0,28.0,1.0,1.0,1.0,0.0,20.0,32.0,1.0,1.0,132.0,4.0,0.0,18.0,112.0,161.0,0.0,12.0,7.0,18.0,1.0,16.0,5.0,3.0,1.0,60.0,0.0,2.0,102.0,77.0,12.0,7.0,1000
06075032901,3.0,96.0,4.0,1.0,52.0,3.0,4.0,42.0,6.0,2.0,2.0,0.0,13.0,33.0,1.0,6.0,150.0,0.0,1.0,19.0,109.0,139.0,0.0,0.0,3.0,15.0,0.0,18.0,2.0,2.0,3.0,60.0,0.0,8.0,104.0,68.0,10.0,3.0,982
06075032902,3.0,82.0,1.0,1.0,51.0,5.0,4.0,34.0,4.0,2.0,0.0,0.0,19.0,30.0,0.0,5.0,142.0,1.0,0.0,25.0,123.0,114.0,0.0,1.0,3.0,14.0,2.0,19.0,4.0,4.0,2.0,53.0,0.0,3.0,82.0,49.0,12.0,8.0,902
06075033000,4.0,181.0,2.0,2.0,98.0,8.0,14.0,74.0,8.0,2.0,4.0,0.0,44.0,74.0,0.0,11.0,292.0,7.0,1.0,213.0,309.0,353.0,0.0,9.0,11.0,34.0,20.0,28.0,24.0,6.0,4.0,142.0,0.0,10.0,220.0,106.0,41.0,32.0,2388
06075033100,8.0,74.0,0.0,0.0,56.0,1.0,9.0,24.0,4.0,2.0,0.0,0.0,20.0,38.0,0.0,1.0,321.0,0.0,0.0,26.0,115.0,173.0,0.0,0.0,10.0,27.0,1.0,10.0,4.0,5.0,3.0,70.0,0.0,5.0,94.0,41.0,40.0,2.0,1184
06075033201,3.0,124.0,0.0,0.0,161.0,5.0,10.0,59.0,20.0,21.0,3.0,1.0,42.0,119.0,0.0,4.0,1549.0,17.0,3.0,36.0,196.0,365.0,0.0,0.0,9.0,98.0,0.0,29.0,10.0,20.0,1.0,96.0,0.0,39.0,128.0,85.0,92.0,12.0,3357
06075033203,2.0,143.0,0.0,2.0,156.0,2.0,5.0,34.0,4.0,0.0,1.0,2.0,22.0,25.0,0.0,4.0,264.0,4.0,0.0,29.0,114.0,99.0,0.0,2.0,8.0,27.0,1.0,29.0,8.0,4.0,4.0,85.0,0.0,7.0,112.0,55.0,10.0,13.0,1277
06075033204,3.0,124.0,2.0,0.0,204.0,1.0,5.0,11.0,5.0,1.0,0.0,1.0,11.0,41.0,0.0,5.0,242.0,5.0,0.0,34.0,110.0,110.0,0.0,1.0,9.0,22.0,1.0,30.0,12.0,1.0,2.0,75.0,0.0,2.0,126.0,70.0,13.0,3.0,1282
06075035100,5.0,172.0,0.0,0.0,94.0,3.0,4.0,48.0,2.0,3.0,2.0,1.0,31.0,29.0,0.0,4.0,247.0,6.0,1.0,84.0,203.0,194.0,0.0,6.0,9.0,28.0,6.0,22.0,6.0,6.0,2.0,99.0,0.0,9.0,170.0,131.0,28.0,15.0,1670
06075035201,4.0,116.0,0.0,0.0,48.0,3.0,6.0,39.0,6.0,1.0,1.0,1.0,27.0,27.0,0.0,5.0,214.0,1.0,0.0,84.0,135.0,162.0,0.0,3.0,5.0,23.0,2.0,28.0,11.0,4.0,0.0,76.0,0.0,13.0,117.0,116.0,36.0,13.0,1327
06075035202,3.0,162.0,0.0,1.0,57.0,1.0,7.0,56.0,8.0,1.0,2.0,2.0,23.0,40.0,0.0,7.0,206.0,7.0,1.0,61.0,190.0,245.0,0.0,3.0,7.0,39.0,3.0,31.0,16.0,4.0,3.0,108.0,0.0,13.0,137.0,91.0,63.0,16.0,1614
06075035300,5.0,160.0,1.0,0.0,91.0,2.0,3.0,56.0,4.0,0.0,6.0,3.0,28.0,47.0,0.0,7.0,281.0,1.0,0.0,57.0,222.0,211.0,0.0,1.0,11.0,14.0,3.0,16.0,16.0,5.0,3.0,120.0,0.0,5.0,182.0,96.0,15.0,18.0,1690
06075035400,0.0,143.0,0.0,0.0,59.0,6.0,5.0,46.0,8.0,3.0,3.0,0.0,21.0,46.0,0.0,10.0,234.0,2.0,0.0,114.0,166.0,193.0,0.0,6.0,17.0,25.0,5.0,28.0,16.0,4.0,2.0,84.0,0.0,8.0,141.0,100.0,30.0,21.0,1546
06075040100,2.0,169.0,2.0,0.0,108.0,4.0,24.0,38.0,20.0,5.0,2.0,0.0,37.0,63.0,0.0,2.0,283.0,17.0,0.0,45.0,209.0,231.0,0.0,1.0,5.0,17.0,0.0,21.0,8.0,9.0,1.0,100.0,0.0,10.0,120.0,84.0,33.0,16.0,1686
06075040200,5.0,144.0,4.0,1.0,105.0,2.0,17.0,31.0,7.0,8.0,1.0,1.0,22.0,58.0,0.0,4.0,331.0,10.0,0.0,57.0,251.0,291.0,0.0,2.0,5.0,24.0,4.0,31.0,6.0,6.0,3.0,108.0,0.0,11.0,177.0,107.0,25.0,13.0,1872
06075042601,3.0,77.0,1.0,1.0,78.0,1.0,7.0,12.0,5.0,2.0,0.0,0.0,30.0,27.0,0.0,3.0,125.0,1.0,0.0,31.0,97.0,134.0,0.0,0.0,4.0,11.0,1.0,22.0,4.0,3.0,1.0,60.0,0.0,4.0,98.0,47.0,12.0,5.0,907
06075042602,2.0,90.0,1.0,0.0,78.0,0.0,11.0,11.0,6.0,0.0,1.0,0.0,15.0,40.0,0.0,1.0,170.0,5.0,0.0,10.0,109.0,157.0,0.0,0.0,5.0,20.0,0.0,11.0,4.0,7.0,0.0,59.0,0.0,7.0,74.0,54.0,15.0,8.0,971
06075042700,3.0,190.0,2.0,0.0,90.0,4.0,10.0,10.0,4.0,3.0,1.0,4.0,25.0,48.0,0.0,5.0,203.0,5.0,0.0,66.0,212.0,202.0,0.0,0.0,4.0,27.0,4.0,39.0,16.0,5.0,7.0,114.0,0.0,8.0,121.0,69.0,19.0,24.0,1544
06075042800,1.0,21.0,0.0,0.0,58.0,0.0,2.0,2.0,1.0,0.0,0.0,2.0,6.0,13.0,0.0,0.0,114.0,0.0,1.0,6.0,56.0,49.0,0.0,0.0,1.0,1.0,0.0,5.0,0.0,0.0,0.0,51.0,0.0,1.0,55.0,26.0,3.0,1.0,476
06075045100,7.0,113.0,1.0,0.0,82.0,2.0,42.0,24.0,4.0,1.0,2.0,0.0,15.0,42.0,0.0,3.0,256.0,7.0,0.0,41.0,200.0,326.0,0.0,0.0,3.0,31.0,2.0,27.0,16.0,5.0,2.0,85.0,0.0,2.0,146.0,104.0,17.0,10.0,1618
06075045200,3.0,210.0,0.0,0.0,126.0,3.0,54.0,48.0,10.0,5.0,0.0,2.0,39.0,64.0,1.0,4.0,467.0,6.0,0.0,68.0,475.0,503.0,0.0,1.0,13.0,52.0,3.0,36.0,10.0,11.0,3.0,132.0,0.0,14.0,198.0,136.0,70.0,14.0,2781
06075047600,2.0,105.0,0.0,0.0,66.0,5.0,31.0,33.0,10.0,1.0,1.0,0.0,14.0,47.0,0.0,3.0,248.0,2.0,0.0,42.0,220.0,357.0,0.0,2.0,5.0,31.0,0.0,22.0,9.0,4.0,3.0,97.0,0.0,6.0,135.0,83.0,40.0,9.0,1633
06075047701,2.0,130.0,0.0,0.0,57.0,4.0,26.0,21.0,10.0,1.0,2.0,0.0,19.0,44.0,0.0,2.0,175.0,2.0,0.0,27.0,199.0,251.0,0.0,0.0,8.0,24.0,1.0,28.0,3.0,6.0,0.0,81.0,0.0,10.0,124.0,55.0,27.0,8.0,1347
06075047702,5.0,65.0,0.0,0.0,53.0,3.0,6.0,11.0,1.0,0.0,0.0,0.0,19.0,25.0,0.0,2.0,114.0,2.0,0.0,25.0,95.0,89.0,0.0,1.0,5.0,11.0,1.0,11.0,5.0,4.0,1.0,38.0,0.0,2.0,63.0,68.0,8.0,6.0,739
06075047801,11.0,111.0,0.0,1.0,66.0,4.0,2.0,41.0,7.0,2.0,2.0,0.0,20.0,29.0,0.0,4.0,160.0,4.0,2.0,118.0,134.0,142.0,0.0,1.0,7.0,13.0,35.0,14.0,9.0,9.0,0.0,85.0,0.0,15.0,120.0,66.0,20.0,24.0,1278
06075047802,3.0,65.0,1.0,0.0,36.0,2.0,10.0,15.0,0.0,1.0,1.0,3.0,13.0,26.0,0.0,5.0,129.0,2.0,0.0,40.0,132.0,113.0,0.0,0.0,3.0,11.0,5.0,20.0,4.0,3.0,0.0,54.0,0.0,3.0,88.0,50.0,4.0,10.0,852
06075047901,5.0,195.0,1.0,1.0,89.0,7.0,5.0,57.0,6.0,0.0,1.0,0.0,27.0,46.0,1.0,4.0,596.0,2.0,0.0,69.0,260.0,210.0,0.0,1.0,12.0,37.0,1.0,28.0,10.0,13.0,2.0,106.0,0.0,19.0,176.0,123.0,70.0,16.0,2196
06075047902,3.0,81.0,0.0,1.0,38.0,1.0,2.0,21.0,1.0,1.0,1.0,0.0,8.0,24.0,0.0,3.0,152.0,1.0,0.0,25.0,110.0,116.0,0.0,0.0,3.0,6.0,4.0,21.0,2.0,5.0,1.0,53.0,0.0,3.0,76.0,52.0,23.0,5.0,843
06075060100,0.0,1.0,0.0,0.0,3.0,0.0,0.0,0.0,0.0,0.0,0.0,0.0,1.0,0.0,0.0,0.0,68.0,0.0,0.0,2.0,20.0,9.0,0.0,0.0,1.0,1.0,0.0,0.0,0.0,1.0,6.0,6.0,0.0,0.0,11.0,8.0,2.0,0.0,140
06075060400,6.0,82.0,0.0,0.0,49.0,2.0,15.0,13.0,3.0,2.0,0.0,0.0,8.0,32.0,0.0,4.0,483.0,0.0,0.0,21.0,135.0,111.0,0.0,2.0,13.0,7.0,0.0,16.0,8.0,3.0,0.0,52.0,0.0,12.0,75.0,64.0,18.0,12.0,1248
06075060502,12.0,839.0,0.0,3.0,281.0,6.0,8.0,200.0,12.0,3.0,2.0,7.0,16.0,32.0,2.0,28.0,228.0,0.0,1.0,153.0,212.0,826.0,0.0,1.0,59.0,194.0,10.0,194.0,40.0,12.0,4.0,207.0,0.0,24.0,436.0,139.0,237.0,181.0,4609
06075060700,10.0,455.0,4.0,1.0,231.0,21.0,11.0,87.0,70.0,12.0,0.0,2.0,74.0,104.0,0.0,14.0,1811.0,80.0,3.0,58.0,599.0,642.0,0.0,5.0,18.0,91.0,2.0,64.0,20.0,28.0,2.0,249.0,0.0,98.0,401.0,234.0,184.0,20.0,5705
06075061000,13.0,265.0,0.0,1.0,78.0,11.0,5.0,58.0,59.0,3.0,0.0,4.0,49.0,28.0,0.0,6.0,273.0,2.0,0.0,70.0,169.0,320.0,0.0,2.0,35.0,35.0,4.0,42.0,15.0,11.0,1.0,118.0,0.0,18.0,113.0,124.0,56.0,24.0,2012
06075061100,3.0,444.0,4.0,1.0,247.0,14.0,12.0,76.0,15.0,6.0,21.0,2.0,65.0,88.0,5.0,15.0,784.0,3.0,1.0,91.0,537.0,488.0,0.0,12.0,13.0,123.0,1.0,61.0,18.0,23.0,6.0,209.0,0.0,42.0,267.0,87.0,94.0,25.0,3903
06075061200,17.0,1009.0,2.0,6.0,149.0,14.0,31.0,987.0,48.0,8.0,2.0,4.0,77.0,66.0,14.0,26.0,495.0,43.0,3.0,1848.0,475.0,2147.0,0.0,2.0,49.0,274.0,89.0,156.0,55.0,29.0,1.0,379.0,0.0,25.0,288.0,206.0,622.0,194.0,9840
06075061400,28.0,771.0,1.0,4.0,460.0,15.0,7.0,189.0,7.0,0.0,3.0,5.0,19.0,53.0,0.0,20.0,889.0,2.0,0.0,134.0,333.0,734.0,0.0,0.0,85.0,207.0,12.0,157.0,22.0,28.0,2.0,310.0,1.0,72.0,577.0,296.0,239.0,122.0,5804
06075061500,26.0,1313.0,7.0,3.0,921.0,48.0,36.0,242.0,135.0,47.0,6.0,4.0,221.0,626.0,0.0,25.0,7258.0,10.0,73.0,194.0,2229.0,2300.0,0.0,14.0,86.0,452.0,3.0,103.0,66.0,103.0,10.0,647.0,0.0,228.0,1002.0,494.0,453.0,73.0,19458
06075980200,0.0,8.0,0.0,0.0,3.0,0.0,0.0,0.0,0.0,0.0,0.0,1.0,0.0,2.0,0.0,0.0,43.0,0.0,0.0,17.0,12.0,6.0,0.0,0.0,0.0,0.0,0.0,1.0,0.0,0.0,0.0,5.0,0.0,0.0,4.0,4.0,6.0,0.0,112
06075980300,7.0,328.0,0.0,0.0,40.0,28.0,63.0,928.0,41.0,1.0,0.0,1.0,16.0,37.0,0.0,6.0,1804.0,24.0,3.0,79.0,808.0,1190.0,0.0,1.0,22.0,107.0,4.0,22.0,22.0,35.0,1.0,236.0,0.0,10.0,282.0,233.0,466.0,62.0,6907
06075980501,18.0,115.0,0.0,0.0,29.0,4.0,3.0,25.0,0.0,0.0,3.0,2.0,0.0,5.0,0.0,3.0,120.0,1.0,0.0,31.0,59.0,194.0,0.0,0.0,19.0,45.0,5.0,9.0,16.0,5.0,1.0,42.0,0.0,7.0,45.0,41.0,12.0,34.0,893
06075980600,0.0,46.0,0.0,0.0,30.0,1.0,1.0,0.0,0.0,0.0,1.0,0.0,2.0,3.0,0.0,4.0,36.0,0.0,0.0,21.0,17.0,32.0,0.0,0.0,4.0,11.0,1.0,7.0,5.0,2.0,0.0,15.0,0.0,10.0,49.0,17.0,6.0,3.0,324
06075980900,28.0,531.0,3.0,1.0,380.0,4.0,29.0,350.0,6.0,21.0,1.0,1.0,44.0,46.0,0.0,17.0,860.0,4.0,1.0,165.0,376.0,2024.0,0.0,1.0,122.0,136.0,24.0,62.0,12.0,48.0,1.0,267.0,0.0,32.0,381.0,395.0,236.0,59.0,6668
