GEOID,BAD CHECKS,BRIBERY,DRIVING UNDER THE INFLUENCE,DRUNKENNESS,EXTORTION,KIDNAPPING,LOITERING,PORNOGRAPHY/OBSCENE MAT,RUNAWAY,SECONDARY CODES,TREA,TRESPASS,CIVIL SIDEWALKS,DRUG OFFENSE,FIRE REPORT,HOMICIDE,HUMAN TRAFFICKING,JUVENILE OFFENSES,LOST PROPERTY,MALICIOUS MISCHIEF,MOTOR VEHICLE THEFT,OFFENCES AGAINST THE FAMILY AND CHILDREN,TRAFFIC COLLISION,TRAFFIC VIOLATION ARREST,VEHICLE IMPOUNDED,VEHICLE MISPLACED,WEAPONS OFFENSE,ARSON,ASSAULT,BURGLARY,DISORDERLY CONDUCT,DRUG/NARCOTIC,EMBEZZLEMENT,FAMILY OFFENSES,FORGERY/COUNTERFEITING,FRAUD,GAMBLING,LARCENY/THEFT,LIQUOR LAWS,MISSING PERSON,NON-CRIMINAL,OTHER OFFENSES,PROSTITUTION,RECOVERED VEHICLE,ROBBERY,SEX OFFENSE,STOLEN PROPERTY,SUICIDE,SUSPICIOUS OCC,VANDALISM,VEHICLE THEFT,WARRANTS,WEAPON LAWS,TOTAL
06075010100,4.0,8.0,22.0,118.0,10.0,37.0,10.0,1.0,24.0,251.0,2.0,314.0,10.0,0.0,4.0,0.0,0.0,0.0,264.0,529.0,0.0,50.0,5.0,56.0,2.0,1.0,0.0,32.0,2473.0,1223.0,240.0,302.0,81.0,18.0,310.0,1010.0,27.0,18868.0,34.0,545.0,4644.0,2958.0,15.0,107.0,679.0,103.0,353.0,8.0,882.0,1966.0,1154.0,988.0,242.0,41014
06075010200,6.0,3.0,22.0,49.0,2.0,25.0,3.0,0.0,9.0,83.0,0.0,107.0,2.0,0.0,2.0,0.0,0.0,0.0,70.0,238.0,0.0,20.0,5.0,34.0,1.0,3.0,0.0,15.0,810.0,955.0,82.0,152.0,16.0,3.0,99.0,289.0,1.0,9378.0,12.0,175.0,1581.0,1368.0,6.0,66.0,255.0,57.0,158.0,5.0,351.0,864.0,943.0,296.0,93.0,18722
06075010300,2.0,1.0,6.0,16.0,1.0,4.0,1.0,0.0,1.0,47.0,0.0,30.0,1.0,0.0,2.0,0.0,0.0,0.0,26.0,59.0,0.0,17.0,1.0,13.0,0.0,0.0,0.0,10.0,330.0,398.0,29.0,44.0,5.0,3.0,59.0,112.0,1.0,2205.0,2.0,95.0,661.0,577.0,1.0,38.0,131.0,26.0,50.0,7.0,195.0,400.0,625.0,119.0,27.0,6383
06075010400,2.0,3.0,9.0,27.0,3.0,13.0,4.0,1.0,1.0,73.0,0.0,70.0,0.0,1.0,1.0,2.0,0.0,0.0,22.0,66.0,1.0,20.0,0.0,5.0,0.0,0.0,0.0,8.0,409.0,584.0,38.0,71.0,9.0,1.0,49.0,132.0,0.0,1890.0,15.0,62.0,761.0,685.0,4.0,35.0,185.0,25.0,47.0,4.0,289.0,559.0,566.0,188.0,40.0,6985
06075010500,9.0,1.0,52.0,60.0,3.0,24.0,13.0,0.0,2.0,85.0,0.0,298.0,0.0,0.0,4.0,0.0,0.0,0.0,129.0,367.0,1.0,44.0,9.0,41.0,1.0,3.0,1.0,28.0,1198.0,1125.0,117.0,181.0,50.0,10.0,170.0,584.0,3.0,10632.0,8.0,224.0,2492.0,2428.0,6.0,94.0,372.0,69.0,218.0,17.0,595.0,1083.0,802.0,660.0,99.0,24441
06075010600,3.0,2.0,59.0,404.0,5.0,31.0,8.0,0.0,4.0,146.0,0.0,102.0,0.0,0.0,3.0,0.0,0.0,0.0,105.0,111.0,0.0,40.0,3.0,24.0,0.0,1.0,0.0,18.0,1994.0,500.0,212.0,375.0,15.0,5.0,126.0,327.0,2.0,2630.0,86.0,176.0,1830.0,2318.0,9.0,49.0,309.0,79.0,83.0,7.0,618.0,597.0,516.0,743.0,222.0,14905
06075010700,9.0,3.0,70.0,136.0,13.0,34.0,6.0,0.0,9.0,167.0,0.0,74.0,0.0,1.0,1.0,0.0,0.0,0.0,267.0,125.0,0.0,46.0,11.0,38.0,0.0,2.0,0.0,26.0,1501.0,369.0,148.0,185.0,39.0,3.0,145.0,660.0,3.0,2787.0,27.0,490.0,3550.0,2451.0,6.0,46.0,379.0,70.0,48.0,8.0,621.0,789.0,464.0,531.0,129.0,16723
06075010800,4.0,0.0,4.0,6.0,3.0,5.0,1.0,0.0,4.0,28.0,0.0,26.0,1.0,0.0,2.0,0.0,0.0,0.0,14.0,56.0,0.0,9.0,1.0,3.0,0.0,1.0,0.0,8.0,236.0,380.0,23.0,84.0,5.0,2.0,36.0,96.0,0.0,950.0,3.0,93.0,462.0,468.0,3.0,51.0,107.0,16.0,21.0,3.0,166.0,299.0,655.0,94.0,27.0,4456
06075010900,3.0,2.0,13.0,23.0,2.0,9.0,1.0,0.0,2.0,61.0,0.0,40.0,1.0,0.0,0.0,0.0,0.0,0.0,44.0,67.0,0.0,10.0,6.0,8.0,0.0,0.0,0.0,20.0,498.0,731.0,35.0,134.0,10.0,1.0,87.0,232.0,1.0,2308.0,6.0,94.0,848.0,899.0,71.0,38.0,147.0,34.0,47.0,8.0,238.0,385.0,681.0,177.0,35.0,8069
06075011000,7.0,1.0,16.0,32.0,6.0,15.0,3.0,0.0,3.0,52.0,0.0,57.0,0.0,0.0,2.0,0.0,0.0,0.0,37.0,91.0,0.0,10.0,3.0,10.0,0.0,0.0,0.0,13.0,502.0,684.0,39.0,146.0,4.0,2.0,97.0,192.0,0.0,2046.0,14.0,103.0,780.0,787.0,60.0,55.0,192.0,43.0,44.0,2.0,273.0,421.0,612.0,242.0,54.0,7761
06075011100,14.0,1.0,36.0,51.0,4.0,53.0,102.0,2.0,4.0,142.0,0.0,220.0,0.0,0.0,3.0,0.0,1.0,0.0,115.0,228.0,0.0,70.0,7.0,31.0,0.0,2.0,0.0,35.0,1761.0,999.0,265.0,656.0,20.0,5.0,327.0,462.0,0.0,5257.0,19.0,645.0,2149.0,2122.0,1659.0,85.0,492.0,129.0,156.0,12.0,665.0,921.0,960.0,1176.0,131.0,22204
06075011200,1.0,0.0,6.0,11.0,2.0,7.0,0.0,0.0,2.0,42.0,0.0,67.0,0.0,2.0,0.0,0.0,0.0,0.0,21.0,57.0,0.0,10.0,0.0,1.0,0.0,1.0,0.0,5.0,353.0,450.0,29.0,73.0,11.0,0.0,39.0,130.0,0.0,1468.0,5.0,82.0,592.0,486.0,12.0,35.0,111.0,32.0,29.0,10.0,223.0,322.0,587.0,99.0,26.0,5439
06075011300,2.0,2.0,2.0,5.0,7.0,13.0,0.0,0.0,9.0,54.0,0.0,39.0,0.0,0.0,0.0,0.0,0.0,0.0,52.0,74.0,0.0,26.0,0.0,8.0,0.0,1.0,0.0,13.0,447.0,197.0,36.0,49.0,6.0,3.0,46.0,152.0,1.0,1591.0,2.0,203.0,829.0,486.0,5.0,17.0,183.0,28.0,19.0,4.0,229.0,327.0,211.0,110.0,34.0,5525
06075011700,71.0,4.0,57.0,183.0,29.0,59.0,37.0,1.0,9.0,326.0,1.0,814.0,2.0,1.0,6.0,0.0,12.0,0.0,706.0,804.0,1.0,121.0,9.0,91.0,3.0,3.0,1.0,116.0,4638.0,4590.0,466.0,1114.0,369.0,17.0,1216.0,2731.0,7.0,31788.0,43.0,694.0,7455.0,7415.0,246.0,189.0,2457.0,198.0,500.0,16.0,2038.0,2278.0,1308.0,3296.0,379.0,79026
06075011800,4.0,0.0,4.0,13.0,12.0,8.0,1.0,0.0,0.0,32.0,0.0,30.0,0.0,0.0,0.0,0.0,0.0,0.0,12.0,39.0,0.0,13.0,0.0,3.0,0.0,3.0,0.0,14.0,267.0,215.0,15.0,41.0,3.0,0.0,42.0,84.0,3.0,1029.0,2.0,65.0,423.0,359.0,6.0,10.0,149.0,16.0,20.0,5.0,140.0,223.0,101.0,72.0,24.0,3504
06075011901,2.0,0.0,5.0,10.0,3.0,12.0,0.0,0.0,0.0,43.0,0.0,33.0,0.0,0.0,0.0,0.0,0.0,0.0,12.0,36.0,0.0,15.0,0.0,2.0,0.0,0.0,0.0,2.0,269.0,222.0,14.0,65.0,5.0,0.0,22.0,103.0,0.0,787.0,1.0,44.0,360.0,325.0,6.0,26.0,56.0,20.0,25.0,2.0,142.0,239.0,277.0,74.0,10.0,3270
06075011902,2.0,4.0,6.0,10.0,6.0,14.0,1.0,0.0,3.0,54.0,0.0,55.0,1.0,1.0,0.0,0.0,0.0,0.0,27.0,47.0,0.0,5.0,1.0,8.0,0.0,0.0,1.0,6.0,344.0,303.0,25.0,99.0,5.0,1.0,65.0,178.0,0.0,1208.0,2.0,88.0,515.0,529.0,7.0,29.0,75.0,29.0,38.0,7.0,174.0,241.0,344.0,120.0,27.0,4708
06075012000,4.0,1.0,47.0,68.0,0.0,30.0,78.0,0.0,3.0,138.0,0.0,125.0,1.0,0.0,2.0,0.0,0.0,0.0,97.0,161.0,0.0,46.0,3.0,19.0,2.0,0.0,0.0,40.0,1666.0,825.0,258.0,1186.0,16.0,4.0,149.0,441.0,2.0,5313.0,29.0,327.0,1864.0,2348.0,2008.0,103.0,469.0,100.0,148.0,10.0,532.0,832.0,646.0,1342.0,149.0,21640
06075012100,6.0,3.0,14.0,37.0,4.0,33.0,3.0,2.0,1.0,130.0,0.0,114.0,0.0,0.0,0.0,0.0,1.0,0.0,95.0,131.0,0.0,20.0,4.0,25.0,0.0,1.0,0.0,24.0,1021.0,838.0,56.0,285.0,22.0,2.0,209.0,430.0,0.0,3804.0,16.0,175.0,1643.0,1311.0,37.0,51.0,333.0,88.0,74.0,16.0,437.0,590.0,558.0,386.0,67.0,13109
06075012201,3.0,4.0,29.0,64.0,8.0,59.0,36.0,1.0,7.0,218.0,0.0,157.0,1.0,0.0,3.0,0.0,1.0,0.0,53.0,145.0,0.0,67.0,3.0,31.0,4.0,1.0,1.0,29.0,2245.0,596.0,116.0,3094.0,11.0,5.0,115.0,319.0,1.0,2773.0,29.0,234.0,1635.0,3258.0,1798.0,130.0,797.0,121.0,112.0,6.0,730.0,697.0,456.0,1429.0,230.0,21870
06075012202,4.0,6.0,55.0,108.0,2.0,64.0,58.0,1.0,0.0,200.0,0.0,168.0,2.0,3.0,1.0,3.0,1.0,0.0,60.0,130.0,2.0,66.0,3.0,48.0,2.0,0.0,2.0,36.0,2851.0,498.0,197.0,3040.0,26.0,6.0,221.0,340.0,2.0,4434.0,42.0,272.0,2201.0,3429.0,1084.0,145.0,825.0,166.0,177.0,19.0,723.0,874.0,633.0,2060.0,265.0,25562
06075012301,6.0,8.0,33.0,167.0,5.0,85.0,38.0,0.0,4.0,259.0,0.0,554.0,1.0,0.0,0.0,1.0,0.0,0.0,136.0,157.0,0.0,99.0,7.0,26.0,0.0,0.0,0.0,24.0,3474.0,763.0,276.0,5114.0,106.0,10.0,211.0,671.0,2.0,5948.0,39.0,419.0,3548.0,4612.0,259.0,128.0,965.0,175.0,126.0,13.0,965.0,563.0,833.0,2694.0,285.0,33829
06075012302,3.0,6.0,24.0,96.0,5.0,44.0,37.0,0.0,2.0,151.0,0.0,390.0,1.0,0.0,0.0,0.0,0.0,0.0,52.0,68.0,0.0,18.0,1.0,17.0,0.0,0.0,0.0,27.0,1938.0,667.0,204.0,919.0,28.0,8.0,162.0,503.0,1.0,4257.0,12.0,251.0,2535.0,1870.0,211.0,57.0,499.0,127.0,84.0,16.0,670.0,540.0,427.0,860.0,120.0,17910
06075012401,7.0,7.0,45.0,144.0,8.0,106.0,58.0,1.0,5.0,436.0,0.0,411.0,2.0,8.0,5.0,2.0,0.0,0.0,71.0,151.0,1.0,148.0,6.0,126.0,1.0,0.0,1.0,40.0,4522.0,616.0,404.0,10508.0,23.0,24.0,186.0,402.0,9.0,2974.0,72.0,622.0,3719.0,6729.0,32.0,222.0,1263.0,174.0,146.0,34.0,1489.0,756.0,436.0,3687.0,497.0,41359
06075012402,16.0,9.0,82.0,202.0,6.0,92.0,124.0,1.0,11.0,390.0,1.0,791.0,3.0,7.0,4.0,1.0,0.0,0.0,364.0,356.0,0.0,161.0,14.0,158.0,0.0,1.0,0.0,51.0,5219.0,923.0,658.0,7945.0,45.0,23.0,568.0,910.0,4.0,11906.0,86.0,712.0,6455.0,9380.0,84.0,282.0,1783.0,256.0,484.0,18.0,1834.0,1517.0,1089.0,5034.0,657.0,60748
06075012501,20.0,17.0,53.0,493.0,4.0,111.0,72.0,3.0,7.0,444.0,0.0,653.0,0.0,12.0,4.0,2.0,2.0,0.0,213.0,257.0,1.0,164.0,8.0,74.0,1.0,1.0,0.0,79.0,6331.0,921.0,582.0,13511.0,38.0,25.0,884.0,1032.0,11.0,6609.0,273.0,598.0,6036.0,10020.0,29.0,207.0,1950.0,223.0,453.0,21.0,1960.0,1160.0,503.0,5641.0,856.0,62589
06075012502,2.0,8.0,57.0,175.0,7.0,107.0,53.0,0.0,2.0,289.0,0.0,344.0,0.0,4.0,0.0,0.0,0.0,0.0,167.0,149.0,0.0,103.0,5.0,49.0,0.0,2.0,0.0,38.0,3802.0,363.0,341.0,7149.0,13.0,16.0,167.0,346.0,11.0,2031.0,73.0,832.0,4857.0,6324.0,15.0,132.0,905.0,129.0,84.0,13.0,1353.0,718.0,331.0,3209.0,456.0,35305
06075012601,4.0,0.0,2.0,8.0,1.0,3.0,0.0,0.0,0.0,24.0,0.0,17.0,4.0,0.0,0.0,0.0,0.0,0.0,14.0,24.0,0.0,4.0,0.0,0.0,0.0,0.0,0.0,4.0,134.0,348.0,25.0,23.0,5.0,1.0,59.0,122.0,0.0,1063.0,1.0,26.0,257.0,253.0,0.0,10.0,76.0,16.0,29.0,0.0,102.0,140.0,209.0,60.0,13.0,3082
06075012602,0.0,0.0,9.0,13.0,0.0,4.0,1.0,1.0,4.0,31.0,0.0,27.0,0.0,0.0,0.0,0.0,0.0,0.0,25.0,46.0,0.0,16.0,0.0,3.0,0.0,0.0,0.0,13.0,280.0,505.0,22.0,73.0,4.0,2.0,54.0,173.0,0.0,2445.0,1.0,61.0,702.0,561.0,1.0,38.0,97.0,14.0,30.0,5.0,166.0,303.0,493.0,141.0,25.0,6392
06075012700,4.0,1.0,7.0,4.0,3.0,8.0,2.0,0.0,2.0,41.0,0.0,23.0,0.0,0.0,0.0,0.0,0.0,0.0,38.0,49.0,0.0,4.0,1.0,5.0,1.0,0.0,0.0,13.0,185.0,413.0,10.0,39.0,4.0,0.0,45.0,140.0,0.0,3311.0,0.0,41.0,510.0,463.0,0.0,25.0,60.0,48.0,41.0,6.0,161.0,228.0,343.0,64.0,13.0,6361
06075012800,6.0,3.0,52.0,65.0,5.0,26.0,2.0,0.0,2.0,77.0,0.0,66.0,4.0,0.0,0.0,0.0,0.0,0.0,65.0,158.0,0.0,19.0,6.0,18.0,1.0,0.0,0.0,24.0,959.0,923.0,90.0,176.0,27.0,3.0,118.0,360.0,0.0,5589.0,9.0,149.0,1462.0,1509.0,34.0,65.0,238.0,52.0,87.0,6.0,426.0,621.0,730.0,361.0,59.0,14667
06075012901,1.0,1.0,21.0,8.0,1.0,7.0,7.0,0.0,1.0,32.0,0.0,18.0,1.0,0.0,0.0,0.0,1.0,0.0,15.0,49.0,0.0,11.0,2.0,6.0,0.0,0.0,0.0,7.0,218.0,452.0,19.0,80.0,2.0,0.0,46.0,98.0,0.0,1319.0,2.0,50.0,417.0,457.0,24.0,27.0,87.0,10.0,27.0,3.0,131.0,269.0,312.0,80.0,23.0,4345
06075012902,1.0,1.0,21.0,23.0,5.0,13.0,2.0,0.0,0.0,66.0,0.0,50.0,0.0,0.0,0.0,0.0,0.0,0.0,45.0,67.0,0.0,9.0,1.0,5.0,1.0,1.0,0.0,21.0,571.0,693.0,42.0,169.0,11.0,0.0,65.0,212.0,1.0,2583.0,5.0,112.0,749.0,742.0,17.0,37.0,165.0,31.0,58.0,6.0,216.0,426.0,585.0,172.0,66.0,8067
06075013000,11.0,0.0,19.0,52.0,1.0,15.0,1.0,0.0,0.0,59.0,0.0,44.0,1.0,0.0,2.0,0.0,0.0,0.0,52.0,93.0,0.0,16.0,4.0,11.0,0.0,4.0,0.0,10.0,644.0,1087.0,48.0,100.0,31.0,4.0,135.0,355.0,0.0,3268.0,15.0,68.0,939.0,959.0,5.0,41.0,208.0,30.0,96.0,7.0,342.0,498.0,658.0,169.0,37.0,10146
06075013101,4.0,1.0,12.0,6.0,2.0,12.0,4.0,0.0,1.0,47.0,0.0,33.0,0.0,0.0,0.0,0.0,0.0,0.0,8.0,44.0,0.0,8.0,2.0,1.0,0.0,1.0,0.0,3.0,303.0,653.0,20.0,125.0,10.0,3.0,91.0,160.0,0.0,1666.0,0.0,55.0,460.0,595.0,71.0,25.0,88.0,32.0,60.0,6.0,154.0,327.0,465.0,146.0,18.0,5727
06075013102,1.0,0.0,10.0,4.0,0.0,6.0,4.0,0.0,1.0,23.0,0.0,28.0,0.0,0.0,0.0,0.0,0.0,0.0,15.0,43.0,0.0,4.0,0.0,7.0,1.0,0.0,0.0,5.0,154.0,460.0,14.0,53.0,10.0,1.0,56.0,107.0,0.0,1540.0,2.0,81.0,376.0,413.0,11.0,32.0,49.0,17.0,42.0,6.0,140.0,238.0,501.0,90.0,9.0,4557
06075013200,0.0,0.0,13.0,8.0,1.0,7.0,3.0,1.0,0.0,32.0,0.0,60.0,0.0,0.0,0.0,0.0,0.0,0.0,13.0,43.0,1.0,4.0,1.0,4.0,0.0,0.0,0.0,15.0,174.0,628.0,12.0,45.0,7.0,0.0,54.0,126.0,1.0,1891.0,0.0,49.0,470.0,563.0,2.0,51.0,78.0,22.0,46.0,4.0,267.0,333.0,688.0,71.0,14.0,5807
06075013300,3.0,2.0,18.0,11.0,2.0,4.0,0.0,0.0,0.0,47.0,0.0,52.0,0.0,0.0,2.0,0.0,0.0,0.0,16.0,49.0,0.0,8.0,0.0,3.0,0.0,1.0,0.0,8.0,270.0,543.0,22.0,51.0,4.0,9.0,67.0,186.0,0.0,1546.0,0.0,126.0,663.0,512.0,0.0,22.0,56.0,19.0,26.0,7.0,371.0,306.0,485.0,63.0,20.0,5606
06075013400,6.0,1.0,33.0,5.0,0.0,11.0,0.0,0.0,0.0,33.0,0.0,14.0,0.0,0.0,0.0,0.0,0.0,0.0,17.0,56.0,0.0,11.0,0.0,4.0,2.0,1.0,0.0,9.0,201.0,476.0,9.0,48.0,5.0,2.0,54.0,135.0,0.0,1482.0,6.0,70.0,448.0,489.0,1.0,32.0,88.0,16.0,28.0,2.0,186.0,296.0,501.0,68.0,18.0,4871
06075013500,5.0,0.0,8.0,8.0,3.0,8.0,2.0,0.0,4.0,36.0,0.0,65.0,0.0,0.0,1.0,0.0,0.0,0.0,31.0,84.0,0.0,24.0,2.0,2.0,0.0,0.0,0.0,7.0,481.0,585.0,42.0,36.0,21.0,4.0,145.0,186.0,0.0,2435.0,3.0,556.0,883.0,578.0,15.0,31.0,99.0,42.0,58.0,6.0,332.0,299.0,418.0,142.0,24.0,7717
06075015100,10.0,0.0,39.0,26.0,1.0,17.0,75.0,1.0,2.0,44.0,0.0,131.0,0.0,0.0,0.0,0.0,0.0,0.0,38.0,122.0,0.0,32.0,7.0,28.0,3.0,0.0,0.0,17.0,671.0,546.0,85.0,334.0,25.0,0.0,135.0,338.0,4.0,5602.0,8.0,163.0,1112.0,1599.0,154.0,60.0,297.0,38.0,92.0,6.0,285.0,587.0,618.0,551.0,67.0,13974
06075015200,6.0,1.0,11.0,15.0,4.0,11.0,1.0,0.0,1.0,48.0,0.0,69.0,0.0,0.0,0.0,0.0,1.0,0.0,46.0,134.0,0.0,23.0,3.0,7.0,0.0,0.0,0.0,10.0,507.0,869.0,40.0,112.0,12.0,2.0,91.0,220.0,0.0,4260.0,3.0,134.0,785.0,810.0,25.0,45.0,165.0,33.0,64.0,6.0,271.0,572.0,799.0,182.0,30.0,10431
06075015300,3.0,2.0,33.0,13.0,3.0,6.0,0.0,1.0,3.0,30.0,0.0,35.0,0.0,0.0,0.0,0.0,0.0,0.0,10.0,34.0,0.0,9.0,0.0,3.0,0.0,1.0,0.0,9.0,243.0,379.0,19.0,55.0,4.0,4.0,51.0,129.0,0.0,1609.0,3.0,56.0,378.0,474.0,10.0,25.0,114.0,30.0,26.0,2.0,161.0,288.0,412.0,94.0,30.0,4792
06075015400,12.0,2.0,32.0,11.0,6.0,18.0,2.0,1.0,71.0,89.0,0.0,51.0,0.0,0.0,2.0,0.0,0.0,0.0,39.0,82.0,0.0,18.0,4.0,12.0,5.0,0.0,0.0,13.0,544.0,623.0,33.0,94.0,17.0,6.0,170.0,288.0,0.0,2306.0,1.0,357.0,847.0,998.0,3.0,56.0,173.0,45.0,41.0,3.0,415.0,515.0,624.0,146.0,72.0,8855
06075015500,3.0,2.0,34.0,24.0,4.0,23.0,3.0,0.0,7.0,139.0,0.0,95.0,2.0,0.0,1.0,1.0,1.0,0.0,95.0,223.0,1.0,34.0,4.0,9.0,1.0,1.0,0.0,19.0,1099.0,729.0,86.0,229.0,23.0,3.0,134.0,374.0,0.0,6869.0,11.0,278.0,1484.0,1305.0,17.0,81.0,379.0,51.0,85.0,5.0,398.0,770.0,553.0,310.0,116.0,16120
06075015600,0.0,1.0,30.0,10.0,3.0,7.0,0.0,0.0,2.0,51.0,0.0,28.0,0.0,0.0,3.0,0.0,0.0,0.0,26.0,40.0,0.0,28.0,0.0,7.0,2.0,0.0,0.0,3.0,251.0,312.0,21.0,63.0,5.0,3.0,46.0,128.0,0.0,1250.0,4.0,97.0,426.0,533.0,0.0,41.0,90.0,18.0,24.0,2.0,188.0,233.0,370.0,106.0,27.0,4485
06075015700,7.0,1.0,52.0,20.0,6.0,31.0,2.0,1.0,162.0,136.0,0.0,120.0,1.0,0.0,0.0,0.0,0.0,0.0,52.0,121.0,0.0,22.0,6.0,14.0,1.0,0.0,0.0,19.0,868.0,988.0,57.0,196.0,35.0,9.0,165.0,373.0,1.0,5277.0,9.0,1132.0,1290.0,1678.0,6.0,90.0,333.0,75.0,85.0,6.0,484.0,720.0,1306.0,466.0,84.0,16531
06075015801,3.0,4.0,38.0,26.0,1.0,33.0,3.0,0.0,28.0,286.0,0.0,81.0,0.0,0.0,1.0,0.0,0.0,0.0,19.0,74.0,0.0,66.0,2.0,3.0,0.0,3.0,0.0,26.0,1392.0,696.0,58.0,377.0,5.0,15.0,69.0,230.0,0.0,2799.0,11.0,609.0,991.0,1916.0,5.0,76.0,467.0,92.0,61.0,7.0,473.0,810.0,640.0,445.0,225.0,13176
06075015802,2.0,1.0,16.0,15.0,2.0,10.0,0.0,0.0,11.0,55.0,0.0,32.0,0.0,0.0,3.0,0.0,0.0,0.0,14.0,43.0,0.0,16.0,1.0,2.0,0.0,2.0,0.0,4.0,432.0,473.0,10.0,84.0,2.0,0.0,62.0,125.0,1.0,1566.0,7.0,402.0,584.0,858.0,1.0,35.0,141.0,26.0,29.0,2.0,210.0,295.0,554.0,170.0,40.0,6341
06075015900,14.0,6.0,29.0,42.0,4.0,40.0,4.0,0.0,11.0,212.0,0.0,107.0,2.0,0.0,3.0,0.0,0.0,0.0,81.0,125.0,0.0,43.0,4.0,19.0,0.0,1.0,0.0,28.0,1612.0,785.0,83.0,319.0,14.0,16.0,253.0,433.0,1.0,8608.0,9.0,269.0,1794.0,2152.0,23.0,107.0,669.0,82.0,139.0,12.0,566.0,1061.0,696.0,597.0,150.0,21240
06075016000,8.0,3.0,22.0,12.0,5.0,14.0,49.0,0.0,5.0,77.0,0.0,102.0,1.0,0.0,2.0,0.0,0.0,0.0,25.0,121.0,0.0,31.0,9.0,19.0,2.0,1.0,0.0,19.0,737.0,422.0,133.0,493.0,9.0,2.0,138.0,262.0,0.0,4305.0,4.0,167.0,907.0,1577.0,11.0,92.0,248.0,45.0,105.0,12.0,301.0,657.0,544.0,483.0,81.0,12267
06075016100,9.0,9.0,41.0,57.0,3.0,81.0,4.0,2.0,39.0,419.0,0.0,119.0,1.0,0.0,3.0,0.0,0.0,0.0,89.0,174.0,1.0,114.0,6.0,32.0,1.0,2.0,0.0,39.0,2569.0,629.0,100.0,761.0,18.0,16.0,132.0,350.0,6.0,4769.0,15.0,822.0,2548.0,3237.0,3.0,148.0,648.0,120.0,100.0,7.0,847.0,1167.0,962.0,972.0,385.0,22624
06075016200,5.0,3.0,27.0,25.0,3.0,27.0,28.0,0.0,7.0,93.0,0.0,91.0,3.0,0.0,1.0,0.0,0.0,0.0,53.0,215.0,0.0,21.0,4.0,12.0,1.0,1.0,0.0,33.0,1014.0,1018.0,79.0,356.0,24.0,2.0,115.0,304.0,0.0,6784.0,11.0,268.0,1265.0,1772.0,6.0,79.0,400.0,55.0,110.0,7.0,380.0,849.0,916.0,467.0,101.0,17037
06075016300,2.0,3.0,26.0,17.0,2.0,17.0,4.0,0.0,6.0,176.0,0.0,70.0,0.0,0.0,1.0,0.0,0.0,0.0,46.0,132.0,0.0,49.0,1.0,12.0,1.0,1.0,1.0,29.0,968.0,695.0,43.0,375.0,9.0,9.0,102.0,215.0,4.0,2904.0,15.0,297.0,984.0,1458.0,3.0,69.0,322.0,55.0,53.0,6.0,349.0,575.0,942.0,342.0,156.0,11553
06075016400,2.0,3.0,40.0,24.0,1.0,15.0,3.0,0.0,11.0,96.0,0.0,36.0,2.0,0.0,0.0,0.0,0.0,0.0,69.0,91.0,0.0,24.0,4.0,14.0,0.0,1.0,0.0,11.0,697.0,585.0,32.0,182.0,10.0,2.0,120.0,213.0,0.0,3642.0,9.0,322.0,947.0,1345.0,2.0,56.0,221.0,46.0,51.0,6.0,294.0,496.0,872.0,267.0,79.0,10956
06075016500,5.0,4.0,46.0,46.0,3.0,18.0,1.0,0.0,33.0,98.0,0.0,69.0,2.0,0.0,2.0,0.0,0.0,0.0,27.0,70.0,0.0,27.0,2.0,16.0,1.0,1.0,0.0,19.0,749.0,726.0,53.0,251.0,8.0,3.0,77.0,199.0,0.0,2039.0,15.0,2010.0,1368.0,1553.0,2.0,70.0,188.0,57.0,42.0,7.0,382.0,496.0,993.0,380.0,74.0,12248
06075016600,6.0,3.0,46.0,482.0,2.0,22.0,24.0,0.0,757.0,140.0,0.0,159.0,482.0,1.0,1.0,0.0,0.0,0.0,44.0,126.0,0.0,29.0,4.0,37.0,1.0,3.0,0.0,32.0,1718.0,743.0,402.0,2641.0,17.0,6.0,163.0,365.0,0.0,3751.0,174.0,1059.0,4741.0,3381.0,1.0,48.0,363.0,78.0,88.0,5.0,640.0,914.0,963.0,2207.0,235.0,27139
06075016700,3.0,2.0,43.0,49.0,3.0,15.0,1.0,0.0,5.0,87.0,0.0,40.0,10.0,0.0,0.0,0.0,0.0,0.0,32.0,128.0,0.0,38.0,2.0,13.0,0.0,2.0,0.0,21.0,727.0,896.0,56.0,285.0,8.0,4.0,91.0,252.0,0.0,2625.0,16.0,311.0,1158.0,1524.0,1.0,84.0,255.0,64.0,36.0,11.0,333.0,563.0,1153.0,480.0,63.0,11500
06075016801,2.0,1.0,23.0,47.0,0.0,19.0,3.0,1.0,3.0,80.0,0.0,50.0,10.0,0.0,3.0,0.0,0.0,0.0,34.0,89.0,0.0,21.0,1.0,16.0,0.0,1.0,2.0,13.0,829.0,563.0,36.0,561.0,8.0,3.0,72.0,198.0,0.0,2339.0,14.0,201.0,874.0,1204.0,0.0,40.0,332.0,31.0,46.0,4.0,297.0,500.0,779.0,456.0,82.0,9899
06075016802,2.0,6.0,17.0,30.0,1.0,26.0,7.0,0.0,82.0,128.0,0.0,116.0,6.0,0.0,1.0,0.0,0.0,0.0,22.0,162.0,0.0,27.0,1.0,11.0,0.0,0.0,0.0,29.0,918.0,719.0,39.0,347.0,7.0,5.0,69.0,203.0,1.0,3304.0,14.0,448.0,991.0,1252.0,3.0,70.0,260.0,33.0,84.0,5.0,312.0,697.0,792.0,465.0,73.0,11790
06075016900,4.0,6.0,31.0,57.0,3.0,10.0,3.0,0.0,3.0,93.0,0.0,190.0,38.0,0.0,3.0,0.0,0.0,0.0,47.0,120.0,0.0,15.0,3.0,16.0,0.0,0.0,0.0,25.0,1276.0,776.0,56.0,694.0,17.0,6.0,211.0,358.0,1.0,4189.0,15.0,423.0,1701.0,1539.0,1.0,64.0,450.0,41.0,137.0,8.0,498.0,773.0,840.0,1023.0,100.0,15876
06075017000,2.0,1.0,22.0,7.0,0.0,3.0,0.0,0.0,1.0,37.0,0.0,38.0,0.0,0.0,1.0,0.0,0.0,0.0,9.0,56.0,0.0,9.0,0.0,15.0,0.0,0.0,0.0,8.0,270.0,601.0,15.0,71.0,4.0,0.0,53.0,147.0,0.0,1444.0,1.0,133.0,524.0,648.0,0.0,58.0,57.0,13.0,25.0,6.0,181.0,372.0,700.0,111.0,15.0,5673
06075017101,0.0,0.0,11.0,6.0,0.0,4.0,0.0,0.0,0.0,23.0,0.0,20.0,6.0,0.0,5.0,0.0,0.0,0.0,8.0,26.0,0.0,8.0,1.0,8.0,0.0,1.0,0.0,15.0,135.0,357.0,8.0,73.0,3.0,4.0,35.0,109.0,0.0,936.0,3.0,65.0,402.0,451.0,0.0,29.0,33.0,10.0,15.0,6.0,127.0,214.0,662.0,85.0,11.0,3922
06075017102,2.0,0.0,14.0,30.0,0.0,7.0,0.0,0.0,66.0,39.0,0.0,34.0,8.0,0.0,3.0,0.0,0.0,0.0,13.0,47.0,0.0,10.0,1.0,5.0,0.0,0.0,0.0,10.0,291.0,404.0,26.0,187.0,8.0,3.0,48.0,141.0,0.0,1060.0,14.0,682.0,697.0,550.0,0.0,19.0,84.0,25.0,19.0,4.0,239.0,274.0,436.0,193.0,30.0,5729
06075017601,42.0,21.0,146.0,702.0,17.0,227.0,86.0,0.0,28.0,794.0,0.0,1150.0,2.0,8.0,8.0,1.0,1.0,0.0,366.0,786.0,2.0,281.0,21.0,214.0,7.0,4.0,2.0,134.0,11194.0,3319.0,577.0,12654.0,219.0,45.0,1251.0,2162.0,13.0,29091.0,335.0,1656.0,12951.0,18189.0,71.0,582.0,3946.0,555.0,1036.0,51.0,3617.0,3449.0,2420.0,9991.0,1340.0,125817
06075017700,18.0,9.0,101.0,136.0,5.0,83.0,82.0,1.0,12.0,232.0,0.0,657.0,4.0,1.0,11.0,0.0,0.0,0.0,159.0,378.0,1.0,92.0,15.0,161.0,1.0,3.0,0.0,80.0,3401.0,1515.0,727.0,1710.0,138.0,17.0,397.0,746.0,2.0,12029.0,34.0,364.0,3440.0,6836.0,1273.0,286.0,1027.0,155.0,318.0,3.0,1240.0,2032.0,2640.0,2521.0,458.0,45576
06075017801,2.0,3.0,26.0,42.0,2.0,23.0,19.0,0.0,1.0,62.0,0.0,84.0,0.0,0.0,2.0,0.0,2.0,0.0,46.0,123.0,1.0,24.0,1.0,23.0,2.0,3.0,0.0,12.0,806.0,642.0,37.0,148.0,32.0,2.0,79.0,235.0,3.0,6435.0,34.0,186.0,1187.0,1295.0,5.0,55.0,296.0,53.0,97.0,12.0,386.0,759.0,645.0,376.0,74.0,14390
06075017802,10.0,12.0,140.0,209.0,12.0,62.0,104.0,2.0,92.0,271.0,0.0,314.0,1.0,0.0,10.0,1.0,0.0,0.0,130.0,375.0,1.0,80.0,11.0,82.0,3.0,1.0,0.0,60.0,3250.0,1582.0,214.0,1485.0,39.0,11.0,213.0,518.0,5.0,12059.0,59.0,2951.0,4286.0,5823.0,29.0,326.0,669.0,152.0,274.0,22.0,1312.0,2146.0,2222.0,1787.0,255.0,43691
06075017902,1.0,2.0,8.0,9.0,0.0,18.0,0.0,0.0,24.0,90.0,0.0,56.0,0.0,0.0,3.0,0.0,0.0,0.0,32.0,92.0,0.0,28.0,0.0,6.0,1.0,0.0,0.0,24.0,594.0,444.0,44.0,35.0,3.0,12.0,35.0,62.0,0.0,905.0,3.0,287.0,545.0,571.0,2.0,72.0,77.0,46.0,11.0,5.0,255.0,324.0,359.0,91.0,48.0,5233
06075018000,55.0,47.0,200.0,351.0,36.0,219.0,78.0,2.0,82.0,953.0,0.0,694.0,3.0,6.0,8.0,5.0,15.0,0.0,199.0,406.0,1.0,130.0,18.0,78.0,8.0,5.0,0.0,153.0,6987.0,2594.0,462.0,2430.0,141.0,46.0,1719.0,2876.0,10.0,29143.0,98.0,2218.0,16457.0,11898.0,126.0,508.0,1941.0,1399.0,462.0,47.0,3621.0,4629.0,2092.0,5593.0,738.0,102329
06075020100,18.0,27.0,119.0,264.0,10.0,151.0,415.0,0.0,19.0,641.0,0.0,441.0,11.0,13.0,7.0,3.0,4.0,0.0,226.0,421.0,0.0,177.0,7.0,208.0,2.0,5.0,0.0,85.0,6563.0,1394.0,456.0,9524.0,50.0,27.0,533.0,1122.0,13.0,9458.0,171.0,806.0,6405.0,13201.0,192.0,330.0,2214.0,353.0,408.0,22.0,1939.0,2061.0,1783.0,5503.0,851.0,68678
06075020200,8.0,7.0,38.0,92.0,7.0,33.0,25.0,0.0,13.0,201.0,0.0,95.0,3.0,0.0,3.0,1.0,0.0,0.0,86.0,183.0,0.0,55.0,2.0,43.0,0.0,8.0,0.0,34.0,1923.0,767.0,100.0,764.0,47.0,7.0,234.0,383.0,1.0,4524.0,48.0,418.0,2045.0,2297.0,8.0,100.0,487.0,88.0,94.0,13.0,620.0,943.0,1217.0,758.0,167.0,19000
06075020300,3.0,4.0,39.0,62.0,2.0,20.0,3.0,0.0,2.0,146.0,0.0,118.0,53.0,0.0,2.0,0.0,0.0,0.0,76.0,183.0,2.0,40.0,4.0,18.0,1.0,0.0,0.0,34.0,1386.0,721.0,109.0,422.0,15.0,6.0,104.0,326.0,1.0,3667.0,14.0,232.0,1617.0,1519.0,5.0,76.0,395.0,80.0,83.0,6.0,507.0,773.0,821.0,584.0,133.0,14424
06075020401,0.0,2.0,15.0,9.0,1.0,0.0,0.0,0.0,2.0,28.0,0.0,23.0,0.0,0.0,0.0,0.0,0.0,0.0,12.0,47.0,0.0,12.0,0.0,7.0,0.0,0.0,0.0,4.0,215.0,338.0,16.0,52.0,3.0,2.0,31.0,109.0,0.0,1014.0,1.0,47.0,358.0,349.0,0.0,41.0,58.0,14.0,19.0,3.0,131.0,231.0,508.0,71.0,10.0,3787
06075020402,4.0,1.0,10.0,3.0,3.0,3.0,0.0,0.0,2.0,66.0,0.0,22.0,0.0,1.0,0.0,0.0,0.0,0.0,12.0,84.0,0.0,14.0,2.0,16.0,0.0,0.0,0.0,6.0,331.0,415.0,18.0,75.0,3.0,1.0,79.0,186.0,0.0,2020.0,1.0,74.0,529.0,556.0,0.0,42.0,46.0,13.0,21.0,6.0,185.0,255.0,660.0,99.0,15.0,5884
06075020500,4.0,2.0,33.0,125.0,1.0,20.0,4.0,0.0,11.0,111.0,1.0,132.0,66.0,0.0,1.0,0.0,0.0,0.0,76.0,90.0,0.0,42.0,4.0,12.0,0.0,0.0,2.0,24.0,1218.0,424.0,61.0,367.0,11.0,3.0,100.0,394.0,0.0,2610.0,10.0,190.0,1758.0,1158.0,3.0,34.0,297.0,57.0,81.0,2.0,389.0,509.0,616.0,571.0,71.0,11703
06075020600,3.0,5.0,54.0,106.0,8.0,32.0,9.0,0.0,4.0,209.0,0.0,159.0,69.0,1.0,3.0,0.0,0.0,0.0,166.0,204.0,1.0,64.0,1.0,35.0,0.0,2.0,0.0,38.0,1809.0,877.0,140.0,800.0,15.0,9.0,215.0,485.0,0.0,4675.0,36.0,312.0,2718.0,2261.0,9.0,114.0,614.0,123.0,124.0,13.0,711.0,930.0,1452.0,944.0,219.0,20789
06075020700,2.0,4.0,50.0,77.0,5.0,41.0,3.0,1.0,5.0,148.0,0.0,73.0,0.0,0.0,4.0,1.0,0.0,0.0,110.0,156.0,0.0,46.0,6.0,39.0,0.0,2.0,0.0,17.0,1064.0,756.0,104.0,351.0,15.0,8.0,107.0,280.0,0.0,3314.0,34.0,454.0,2905.0,2047.0,7.0,89.0,244.0,186.0,71.0,12.0,625.0,715.0,1003.0,554.0,113.0,15902
06075020800,9.0,17.0,107.0,181.0,5.0,100.0,85.0,2.0,25.0,385.0,0.0,122.0,4.0,2.0,4.0,0.0,10.0,0.0,136.0,233.0,0.0,73.0,8.0,219.0,0.0,2.0,0.0,43.0,3517.0,874.0,682.0,2362.0,33.0,16.0,398.0,551.0,4.0,5467.0,131.0,562.0,2965.0,7338.0,2201.0,146.0,1348.0,214.0,194.0,12.0,1075.0,1309.0,1250.0,2093.0,550.0,37086
06075020900,10.0,14.0,89.0,281.0,10.0,62.0,11.0,0.0,26.0,335.0,0.0,118.0,1.0,2.0,3.0,0.0,0.0,0.0,151.0,195.0,0.0,43.0,4.0,81.0,1.0,1.0,0.0,48.0,3141.0,533.0,204.0,1567.0,35.0,14.0,284.0,413.0,12.0,3491.0,233.0,876.0,3065.0,4321.0,45.0,81.0,1208.0,128.0,102.0,11.0,845.0,949.0,880.0,1335.0,438.0,25706
06075021000,0.0,3.0,30.0,47.0,0.0,20.0,0.0,0.0,5.0,67.0,0.0,27.0,0.0,0.0,2.0,0.0,0.0,0.0,51.0,86.0,0.0,27.0,1.0,15.0,0.0,3.0,0.0,7.0,536.0,590.0,50.0,215.0,5.0,4.0,53.0,137.0,2.0,1835.0,25.0,287.0,790.0,960.0,16.0,46.0,204.0,46.0,42.0,3.0,275.0,381.0,734.0,227.0,68.0,7930
06075021100,6.0,1.0,15.0,10.0,0.0,4.0,0.0,0.0,5.0,44.0,0.0,30.0,0.0,0.0,1.0,0.0,1.0,0.0,15.0,47.0,0.0,5.0,1.0,2.0,0.0,2.0,0.0,4.0,251.0,452.0,8.0,62.0,9.0,3.0,64.0,112.0,0.0,1310.0,5.0,87.0,474.0,512.0,5.0,36.0,105.0,16.0,23.0,5.0,206.0,276.0,695.0,88.0,22.0,5021
06075021200,0.0,0.0,6.0,2.0,0.0,3.0,1.0,0.0,0.0,19.0,0.0,15.0,0.0,0.0,0.0,0.0,0.0,0.0,6.0,19.0,0.0,5.0,1.0,1.0,0.0,1.0,0.0,4.0,127.0,301.0,6.0,25.0,3.0,1.0,33.0,80.0,0.0,730.0,0.0,40.0,259.0,295.0,0.0,28.0,30.0,4.0,17.0,4.0,97.0,157.0,525.0,34.0,13.0,2895
06075021300,1.0,0.0,8.0,1.0,0.0,0.0,0.0,0.0,1.0,24.0,0.0,9.0,0.0,0.0,0.0,0.0,0.0,0.0,4.0,31.0,0.0,5.0,0.0,3.0,0.0,0.0,0.0,2.0,138.0,281.0,7.0,19.0,2.0,2.0,29.0,59.0,0.0,505.0,0.0,38.0,209.0,199.0,0.0,22.0,25.0,5.0,6.0,4.0,96.0,142.0,322.0,33.0,9.0,2243
06075021400,2.0,6.0,9.0,5.0,3.0,5.0,0.0,0.0,4.0,61.0,0.0,16.0,0.0,0.0,0.0,0.0,0.0,0.0,21.0,50.0,0.0,8.0,2.0,0.0,0.0,0.0,0.0,7.0,350.0,401.0,35.0,78.0,3.0,2.0,31.0,126.0,0.0,1005.0,13.0,93.0,397.0,476.0,1.0,38.0,102.0,34.0,26.0,7.0,165.0,280.0,572.0,81.0,60.0,4581
06075021500,1.0,4.0,16.0,14.0,1.0,16.0,1.0,0.0,3.0,48.0,0.0,18.0,0.0,0.0,0.0,0.0,0.0,0.0,14.0,59.0,0.0,19.0,1.0,2.0,0.0,0.0,0.0,12.0,367.0,569.0,10.0,92.0,4.0,3.0,40.0,150.0,0.0,1386.0,0.0,136.0,585.0,825.0,0.0,46.0,129.0,14.0,30.0,8.0,223.0,361.0,1009.0,93.0,31.0,6343
06075021600,2.0,2.0,10.0,7.0,2.0,12.0,0.0,0.0,1.0,40.0,0.0,20.0,0.0,0.0,0.0,0.0,0.0,0.0,9.0,32.0,0.0,5.0,0.0,4.0,0.0,0.0,0.0,7.0,296.0,408.0,6.0,35.0,5.0,5.0,52.0,137.0,1.0,969.0,2.0,80.0,491.0,412.0,0.0,35.0,44.0,32.0,12.0,6.0,181.0,246.0,515.0,51.0,23.0,4202
06075021700,3.0,4.0,9.0,4.0,1.0,19.0,2.0,1.0,14.0,100.0,0.0,33.0,0.0,0.0,1.0,0.0,0.0,0.0,9.0,60.0,0.0,18.0,4.0,5.0,0.0,1.0,0.0,11.0,586.0,426.0,22.0,119.0,7.0,7.0,68.0,144.0,0.0,1619.0,3.0,218.0,703.0,753.0,2.0,75.0,127.0,37.0,12.0,4.0,317.0,444.0,587.0,111.0,68.0,6760
06075021800,4.0,0.0,18.0,8.0,1.0,8.0,1.0,0.0,2.0,50.0,0.0,35.0,0.0,0.0,0.0,0.0,0.0,0.0,27.0,54.0,1.0,22.0,0.0,7.0,0.0,0.0,0.0,7.0,282.0,481.0,22.0,98.0,8.0,2.0,50.0,125.0,0.0,1404.0,7.0,128.0,533.0,648.0,0.0,88.0,131.0,18.0,18.0,5.0,236.0,386.0,764.0,92.0,43.0,5818
06075022600,2.0,2.0,15.0,38.0,2.0,10.0,6.0,1.0,1.0,56.0,1.0,101.0,0.0,0.0,0.0,0.0,0.0,0.0,43.0,147.0,0.0,20.0,1.0,17.0,0.0,1.0,0.0,43.0,622.0,692.0,82.0,231.0,28.0,1.0,39.0,159.0,0.0,4588.0,5.0,114.0,839.0,1520.0,10.0,93.0,191.0,34.0,62.0,4.0,341.0,979.0,1051.0,365.0,79.0,12643
06075022702,0.0,0.0,4.0,9.0,0.0,4.0,1.0,0.0,2.0,37.0,0.0,13.0,0.0,0.0,0.0,0.0,0.0,0.0,11.0,54.0,0.0,1.0,0.0,3.0,0.0,1.0,0.0,4.0,210.0,396.0,12.0,70.0,7.0,2.0,40.0,88.0,0.0,1801.0,2.0,49.0,317.0,432.0,6.0,32.0,101.0,16.0,28.0,1.0,163.0,302.0,538.0,73.0,25.0,4856
06075022704,3.0,0.0,11.0,7.0,2.0,9.0,3.0,0.0,2.0,33.0,0.0,49.0,0.0,0.0,4.0,0.0,0.0,0.0,32.0,84.0,0.0,10.0,0.0,8.0,0.0,1.0,0.0,15.0,413.0,618.0,36.0,145.0,6.0,1.0,56.0,119.0,1.0,2172.0,2.0,100.0,539.0,765.0,27.0,101.0,189.0,20.0,44.0,3.0,300.0,459.0,989.0,161.0,62.0,7604
06075022801,6.0,10.0,58.0,51.0,3.0,51.0,93.0,1.0,17.0,217.0,0.0,158.0,2.0,3.0,4.0,0.0,8.0,0.0,47.0,176.0,0.0,62.0,12.0,158.0,2.0,1.0,0.0,39.0,1691.0,765.0,580.0,609.0,14.0,14.0,122.0,269.0,7.0,4094.0,38.0,555.0,1376.0,3824.0,3923.0,168.0,540.0,126.0,105.0,9.0,612.0,1058.0,1831.0,1076.0,348.0,24950
06075022802,2.0,6.0,39.0,166.0,2.0,27.0,10.0,1.0,373.0,92.0,0.0,714.0,1.0,1.0,3.0,3.0,0.0,0.0,47.0,91.0,2.0,66.0,7.0,20.0,1.0,0.0,0.0,36.0,2207.0,326.0,329.0,730.0,6.0,205.0,88.0,177.0,0.0,2104.0,26.0,2757.0,2821.0,2192.0,49.0,65.0,168.0,398.0,70.0,39.0,864.0,603.0,594.0,1223.0,201.0,19960
06075022803,2.0,6.0,27.0,34.0,1.0,23.0,5.0,0.0,8.0,165.0,0.0,49.0,0.0,1.0,1.0,0.0,2.0,0.0,22.0,47.0,0.0,33.0,2.0,53.0,1.0,2.0,0.0,20.0,949.0,309.0,65.0,372.0,14.0,13.0,56.0,101.0,2.0,1133.0,30.0,270.0,797.0,1557.0,67.0,70.0,390.0,58.0,39.0,3.0,336.0,492.0,845.0,365.0,156.0,8997
06075022901,3.0,12.0,29.0,156.0,0.0,35.0,3.0,0.0,14.0,257.0,0.0,91.0,3.0,3.0,3.0,0.0,0.0,0.0,36.0,108.0,2.0,48.0,8.0,60.0,1.0,3.0,0.0,23.0,1721.0,326.0,113.0,541.0,6.0,12.0,93.0,180.0,3.0,1417.0,145.0,333.0,920.0,2457.0,10.0,87.0,531.0,80.0,63.0,10.0,531.0,658.0,869.0,720.0,300.0,13028
06075022902,1.0,6.0,26.0,34.0,3.0,14.0,1.0,0.0,4.0,93.0,0.0,15.0,0.0,0.0,1.0,0.0,0.0,0.0,10.0,47.0,0.0,24.0,0.0,16.0,0.0,1.0,0.0,17.0,620.0,149.0,18.0,128.0,2.0,6.0,42.0,101.0,0.0,572.0,43.0,175.0,413.0,1038.0,2.0,37.0,178.0,41.0,17.0,4.0,210.0,292.0,465.0,193.0,90.0,5151
06075022903,2.0,8.0,34.0,68.0,2.0,30.0,6.0,0.0,21.0,155.0,0.0,51.0,1.0,2.0,5.0,0.0,0.0,1.0,32.0,115.0,0.0,50.0,4.0,28.0,0.0,2.0,0.0,18.0,1262.0,268.0,77.0,340.0,5.0,12.0,88.0,146.0,0.0,1293.0,65.0,301.0,869.0,1554.0,36.0,107.0,403.0,79.0,42.0,6.0,380.0,561.0,842.0,434.0,151.0,9958
06075023001,0.0,6.0,20.0,10.0,2.0,35.0,1.0,1.0,84.0,148.0,0.0,28.0,0.0,3.0,4.0,0.0,0.0,0.0,15.0,93.0,0.0,37.0,2.0,13.0,7.0,1.0,0.0,59.0,1069.0,373.0,55.0,209.0,21.0,14.0,60.0,139.0,1.0,1054.0,6.0,1568.0,699.0,1941.0,1.0,203.0,321.0,63.0,41.0,4.0,466.0,501.0,967.0,266.0,181.0,10803
06075023003,4.0,8.0,21.0,13.0,3.0,33.0,2.0,0.0,19.0,192.0,0.0,39.0,0.0,0.0,2.0,0.0,1.0,0.0,18.0,42.0,0.0,36.0,3.0,8.0,2.0,0.0,0.0,13.0,1072.0,259.0,25.0,321.0,7.0,7.0,85.0,111.0,1.0,765.0,8.0,398.0,665.0,1799.0,0.0,62.0,218.0,52.0,39.0,7.0,370.0,379.0,754.0,355.0,153.0,8375
06075023102,1.0,18.0,14.0,17.0,0.0,66.0,1.0,1.0,30.0,356.0,0.0,55.0,0.0,1.0,1.0,0.0,0.0,0.0,14.0,144.0,0.0,82.0,9.0,10.0,10.0,0.0,0.0,56.0,1876.0,436.0,71.0,323.0,8.0,32.0,75.0,143.0,1.0,864.0,2.0,583.0,746.0,2050.0,2.0,175.0,298.0,74.0,44.0,5.0,610.0,743.0,695.0,465.0,503.0,11716
06075023103,5.0,27.0,5.0,26.0,4.0,95.0,9.0,3.0,42.0,774.0,0.0,271.0,0.0,1.0,5.0,2.0,0.0,0.0,13.0,151.0,0.0,68.0,8.0,12.0,5.0,0.0,0.0,142.0,3345.0,975.0,117.0,672.0,11.0,38.0,92.0,154.0,7.0,1012.0,12.0,807.0,1260.0,2519.0,1.0,258.0,402.0,114.0,50.0,9.0,1075.0,1698.0,864.0,1010.0,781.0,18961
06075023200,7.0,16.0,41.0,42.0,5.0,81.0,12.0,1.0,51.0,434.0,0.0,107.0,0.0,1.0,12.0,0.0,1.0,0.0,29.0,199.0,2.0,105.0,13.0,39.0,10.0,1.0,0.0,128.0,2928.0,746.0,104.0,1442.0,18.0,28.0,168.0,238.0,11.0,1600.0,27.0,1018.0,1554.0,4996.0,3.0,433.0,641.0,121.0,96.0,6.0,1007.0,999.0,1534.0,1247.0,500.0,22813
06075023300,1.0,10.0,27.0,27.0,4.0,58.0,4.0,0.0,5.0,228.0,0.0,69.0,0.0,0.0,3.0,0.0,1.0,0.0,47.0,69.0,0.0,67.0,4.0,12.0,3.0,1.0,0.0,30.0,1102.0,414.0,65.0,312.0,54.0,23.0,65.0,144.0,1.0,1452.0,2.0,298.0,1460.0,2015.0,4.0,161.0,327.0,52.0,40.0,4.0,530.0,541.0,1036.0,461.0,141.0,11413
06075023400,8.0,20.0,26.0,42.0,4.0,75.0,7.0,0.0,27.0,390.0,1.0,139.0,0.0,1.0,13.0,2.0,0.0,0.0,33.0,153.0,2.0,101.0,11.0,20.0,6.0,0.0,0.0,159.0,2570.0,907.0,94.0,658.0,24.0,29.0,104.0,176.0,2.0,1474.0,13.0,839.0,1101.0,3380.0,4.0,362.0,615.0,112.0,75.0,9.0,862.0,1349.0,1106.0,860.0,449.0,18424
06075025100,4.0,0.0,27.0,20.0,1.0,25.0,12.0,0.0,5.0,60.0,0.0,60.0,0.0,0.0,3.0,0.0,0.0,0.0,7.0,83.0,0.0,15.0,4.0,8.0,1.0,0.0,0.0,20.0,614.0,459.0,43.0,253.0,8.0,1.0,45.0,102.0,0.0,1189.0,17.0,205.0,576.0,1050.0,4.0,105.0,172.0,23.0,22.0,3.0,251.0,351.0,800.0,285.0,89.0,7024
06075025200,2.0,2.0,14.0,35.0,3.0,24.0,1.0,0.0,10.0,104.0,0.0,52.0,0.0,1.0,0.0,1.0,0.0,0.0,16.0,96.0,0.0,17.0,10.0,40.0,1.0,0.0,0.0,18.0,727.0,497.0,41.0,179.0,4.0,3.0,93.0,198.0,1.0,1910.0,14.0,361.0,721.0,1244.0,8.0,107.0,208.0,35.0,38.0,10.0,320.0,584.0,1259.0,236.0,67.0,9313
06075025300,5.0,9.0,80.0,92.0,2.0,39.0,3.0,0.0,9.0,149.0,1.0,87.0,0.0,3.0,0.0,0.0,1.0,0.0,48.0,131.0,0.0,34.0,4.0,44.0,0.0,0.0,0.0,24.0,1854.0,539.0,76.0,440.0,13.0,17.0,155.0,275.0,3.0,2756.0,40.0,724.0,1635.0,2888.0,6.0,85.0,597.0,98.0,71.0,2.0,557.0,719.0,1082.0,676.0,190.0,16271
06075025401,0.0,5.0,18.0,16.0,1.0,26.0,0.0,0.0,11.0,87.0,0.0,28.0,0.0,0.0,0.0,0.0,0.0,0.0,18.0,66.0,0.0,43.0,0.0,16.0,1.0,0.0,0.0,12.0,849.0,263.0,33.0,162.0,4.0,9.0,48.0,109.0,1.0,905.0,13.0,299.0,651.0,946.0,2.0,57.0,234.0,45.0,23.0,6.0,275.0,397.0,635.0,176.0,109.0,6601
06075025402,2.0,5.0,6.0,15.0,2.0,19.0,0.0,0.0,11.0,69.0,0.0,16.0,0.0,0.0,0.0,0.0,0.0,0.0,4.0,25.0,0.0,30.0,1.0,7.0,1.0,0.0,0.0,15.0,497.0,170.0,15.0,134.0,7.0,4.0,45.0,72.0,0.0,667.0,1.0,344.0,379.0,646.0,2.0,71.0,118.0,22.0,22.0,2.0,177.0,253.0,619.0,133.0,44.0,4673
06075025403,2.0,5.0,27.0,7.0,1.0,34.0,1.0,0.0,13.0,192.0,0.0,55.0,0.0,0.0,4.0,0.0,0.0,0.0,17.0,56.0,0.0,41.0,1.0,8.0,4.0,0.0,0.0,33.0,1094.0,381.0,24.0,357.0,6.0,13.0,59.0,106.0,2.0,810.0,4.0,239.0,714.0,1572.0,1.0,122.0,303.0,69.0,40.0,5.0,380.0,580.0,788.0,388.0,191.0,8752
06075025500,5.0,10.0,75.0,39.0,5.0,49.0,2.0,0.0,21.0,212.0,0.0,55.0,0.0,0.0,5.0,0.0,0.0,0.0,53.0,104.0,0.0,56.0,8.0,57.0,4.0,2.0,0.0,33.0,1476.0,504.0,58.0,437.0,12.0,11.0,205.0,320.0,16.0,1883.0,21.0,455.0,1907.0,3736.0,5.0,185.0,579.0,121.0,95.0,14.0,632.0,912.0,1696.0,548.0,190.0,16862
06075025600,0.0,8.0,11.0,7.0,4.0,31.0,2.0,0.0,12.0,83.0,0.0,20.0,0.0,0.0,2.0,0.0,0.0,0.0,13.0,55.0,0.0,21.0,3.0,18.0,0.0,0.0,0.0,11.0,656.0,306.0,27.0,168.0,2.0,8.0,66.0,135.0,1.0,791.0,5.0,257.0,513.0,974.0,2.0,126.0,270.0,36.0,43.0,4.0,216.0,350.0,972.0,157.0,76.0,6465
06075025701,5.0,2.0,19.0,12.0,1.0,16.0,0.0,0.0,6.0,93.0,0.0,13.0,0.0,0.0,1.0,0.0,0.0,0.0,14.0,66.0,0.0,21.0,6.0,13.0,1.0,0.0,0.0,5.0,654.0,209.0,16.0,149.0,11.0,12.0,66.0,128.0,0.0,974.0,6.0,196.0,583.0,1181.0,4.0,90.0,495.0,34.0,32.0,4.0,224.0,382.0,976.0,145.0,75.0,6950
06075025702,8.0,5.0,30.0,34.0,7.0,35.0,1.0,0.0,21.0,143.0,0.0,24.0,0.0,1.0,2.0,0.0,0.0,0.0,37.0,130.0,0.0,31.0,6.0,22.0,1.0,0.0,0.0,21.0,1309.0,417.0,53.0,205.0,11.0,9.0,145.0,197.0,3.0,1961.0,16.0,325.0,795.0,2073.0,14.0,129.0,804.0,42.0,80.0,10.0,476.0,638.0,997.0,364.0,164.0,11799
06075025800,2.0,2.0,12.0,9.0,2.0,17.0,1.0,0.0,7.0,77.0,0.0,6.0,0.0,1.0,0.0,0.0,1.0,0.0,8.0,35.0,0.0,27.0,3.0,3.0,0.0,0.0,0.0,7.0,439.0,135.0,22.0,87.0,1.0,3.0,94.0,58.0,0.0,421.0,2.0,142.0,346.0,566.0,2.0,45.0,214.0,29.0,17.0,0.0,178.0,200.0,367.0,120.0,63.0,3776
06075025900,1.0,7.0,5.0,7.0,2.0,28.0,1.0,0.0,11.0,99.0,0.0,20.0,0.0,0.0,2.0,0.0,0.0,0.0,18.0,38.0,1.0,21.0,4.0,4.0,0.0,0.0,0.0,27.0,542.0,305.0,30.0,134.0,4.0,6.0,49.0,66.0,1.0,813.0,2.0,318.0,532.0,600.0,0.0,91.0,180.0,41.0,24.0,2.0,290.0,360.0,808.0,101.0,96.0,5694
06075026001,4.0,9.0,32.0,46.0,6.0,45.0,3.0,0.0,43.0,181.0,0.0,42.0,0.0,1.0,1.0,0.0,0.0,0.0,16.0,73.0,3.0,45.0,2.0,35.0,0.0,0.0,0.0,21.0,1366.0,281.0,76.0,281.0,8.0,14.0,104.0,157.0,5.0,908.0,19.0,1018.0,802.0,2042.0,8.0,74.0,536.0,96.0,52.0,10.0,391.0,478.0,954.0,402.0,140.0,10842
06075026002,2.0,5.0,10.0,5.0,0.0,17.0,0.0,0.0,4.0,74.0,0.0,16.0,0.0,0.0,0.0,0.0,1.0,0.0,8.0,25.0,0.0,19.0,1.0,10.0,2.0,0.0,0.0,6.0,405.0,150.0,7.0,90.0,3.0,5.0,36.0,53.0,0.0,430.0,2.0,234.0,327.0,541.0,1.0,64.0,121.0,49.0,21.0,1.0,135.0,215.0,678.0,92.0,36.0,3905
06075026003,2.0,3.0,9.0,3.0,0.0,28.0,0.0,0.0,16.0,117.0,0.0,13.0,0.0,0.0,0.0,0.0,0.0,0.0,8.0,32.0,0.0,23.0,2.0,11.0,1.0,0.0,0.0,17.0,614.0,172.0,26.0,103.0,3.0,5.0,55.0,88.0,0.0,428.0,5.0,234.0,445.0,960.0,0.0,81.0,141.0,58.0,25.0,3.0,207.0,249.0,709.0,156.0,67.0,5125
06075026004,1.0,7.0,14.0,10.0,2.0,25.0,0.0,0.0,13.0,80.0,0.0,16.0,0.0,0.0,2.0,0.0,0.0,0.0,16.0,44.0,1.0,22.0,4.0,13.0,8.0,0.0,0.0,8.0,565.0,166.0,29.0,205.0,2.0,9.0,108.0,103.0,1.0,487.0,2.0,185.0,409.0,947.0,2.0,86.0,205.0,39.0,46.0,5.0,182.0,334.0,731.0,209.0,81.0,5427
06075026100,7.0,9.0,42.0,34.0,7.0,41.0,5.0,1.0,22.0,262.0,0.0,73.0,0.0,1.0,0.0,0.0,0.0,0.0,61.0,115.0,1.0,45.0,6.0,44.0,14.0,0.0,0.0,32.0,1660.0,452.0,108.0,458.0,16.0,13.0,188.0,226.0,9.0,2214.0,26.0,414.0,1303.0,2803.0,8.0,147.0,749.0,90.0,82.0,12.0,569.0,907.0,1343.0,557.0,229.0,15415
06075026200,4.0,1.0,11.0,12.0,7.0,26.0,1.0,0.0,22.0,127.0,0.0,42.0,0.0,0.0,3.0,0.0,0.0,0.0,19.0,91.0,0.0,46.0,3.0,13.0,2.0,1.0,0.0,29.0,911.0,311.0,50.0,228.0,17.0,11.0,89.0,173.0,4.0,1006.0,5.0,718.0,782.0,1226.0,1.0,134.0,259.0,59.0,30.0,8.0,312.0,517.0,995.0,250.0,103.0,8665
06075026301,12.0,5.0,19.0,22.0,5.0,34.0,0.0,0.0,7.0,100.0,0.0,21.0,0.0,1.0,0.0,0.0,0.0,0.0,31.0,81.0,0.0,46.0,2.0,30.0,5.0,0.0,0.0,7.0,923.0,209.0,36.0,274.0,9.0,4.0,155.0,141.0,7.0,869.0,11.0,208.0,765.0,1877.0,10.0,79.0,424.0,58.0,54.0,5.0,286.0,395.0,689.0,317.0,154.0,8396
06075026302,1.0,2.0,14.0,5.0,5.0,17.0,1.0,0.0,11.0,88.0,0.0,16.0,0.0,0.0,2.0,0.0,0.0,0.0,13.0,34.0,0.0,20.0,2.0,14.0,3.0,0.0,0.0,16.0,563.0,186.0,20.0,132.0,6.0,7.0,41.0,85.0,1.0,570.0,8.0,247.0,419.0,744.0,9.0,59.0,163.0,38.0,18.0,4.0,227.0,281.0,538.0,147.0,72.0,4850
06075026303,2.0,5.0,10.0,6.0,3.0,16.0,1.0,1.0,16.0,62.0,0.0,12.0,0.0,0.0,0.0,0.0,0.0,0.0,6.0,23.0,0.0,15.0,0.0,0.0,2.0,0.0,0.0,5.0,470.0,131.0,12.0,83.0,3.0,2.0,47.0,73.0,0.0,369.0,3.0,243.0,361.0,503.0,0.0,32.0,117.0,40.0,12.0,1.0,135.0,226.0,472.0,70.0,33.0,3625
06075026401,1.0,1.0,5.0,5.0,3.0,20.0,0.0,0.0,8.0,95.0,0.0,32.0,0.0,1.0,0.0,0.0,0.0,0.0,6.0,55.0,0.0,30.0,2.0,7.0,0.0,1.0,0.0,15.0,686.0,208.0,28.0,91.0,7.0,11.0,48.0,71.0,1.0,600.0,2.0,272.0,437.0,934.0,2.0,80.0,251.0,43.0,20.0,7.0,212.0,405.0,529.0,206.0,133.0,5576
06075026402,2.0,5.0,12.0,6.0,0.0,20.0,0.0,0.0,8.0,92.0,0.0,18.0,0.0,0.0,2.0,0.0,0.0,0.0,11.0,52.0,0.0,26.0,1.0,1.0,0.0,0.0,0.0,13.0,485.0,274.0,16.0,89.0,8.0,5.0,55.0,101.0,0.0,630.0,2.0,201.0,396.0,607.0,1.0,60.0,157.0,39.0,19.0,4.0,163.0,311.0,670.0,97.0,71.0,4739
06075026403,2.0,3.0,11.0,13.0,1.0,26.0,0.0,1.0,8.0,96.0,0.0,34.0,0.0,0.0,2.0,0.0,0.0,0.0,21.0,57.0,0.0,45.0,5.0,10.0,0.0,0.0,0.0,5.0,784.0,244.0,33.0,164.0,4.0,10.0,89.0,93.0,3.0,700.0,11.0,251.0,553.0,1033.0,2.0,88.0,283.0,43.0,34.0,8.0,197.0,407.0,547.0,223.0,117.0,6265
06075026404,1.0,2.0,1.0,1.0,2.0,16.0,0.0,1.0,7.0,107.0,0.0,15.0,0.0,1.0,2.0,0.0,0.0,0.0,5.0,20.0,0.0,11.0,0.0,5.0,1.0,0.0,0.0,10.0,585.0,103.0,7.0,55.0,4.0,6.0,28.0,44.0,1.0,287.0,2.0,196.0,274.0,519.0,0.0,35.0,147.0,39.0,11.0,1.0,149.0,307.0,335.0,128.0,114.0,3586
06075030101,0.0,1.0,15.0,12.0,2.0,8.0,1.0,0.0,3.0,57.0,0.0,47.0,1.0,0.0,1.0,0.0,0.0,0.0,27.0,63.0,0.0,20.0,1.0,17.0,0.0,0.0,0.0,13.0,340.0,424.0,26.0,72.0,7.0,1.0,50.0,173.0,1.0,1076.0,2.0,254.0,600.0,696.0,0.0,23.0,52.0,18.0,23.0,5.0,181.0,253.0,529.0,102.0,35.0,5245
06075030102,0.0,1.0,12.0,2.0,1.0,6.0,0.0,0.0,2.0,35.0,0.0,50.0,0.0,0.0,0.0,0.0,0.0,0.0,11.0,34.0,0.0,12.0,1.0,14.0,0.0,2.0,0.0,5.0,307.0,379.0,17.0,51.0,9.0,1.0,56.0,166.0,0.0,1078.0,1.0,143.0,538.0,487.0,0.0,25.0,28.0,19.0,11.0,1.0,201.0,213.0,525.0,62.0,26.0,4539
06075030201,1.0,2.0,16.0,23.0,1.0,6.0,0.0,0.0,2.0,46.0,0.0,38.0,0.0,0.0,2.0,0.0,0.0,0.0,14.0,44.0,0.0,12.0,2.0,3.0,0.0,0.0,0.0,8.0,285.0,291.0,22.0,66.0,5.0,1.0,50.0,119.0,0.0,1248.0,6.0,101.0,523.0,768.0,3.0,23.0,75.0,18.0,24.0,4.0,209.0,265.0,421.0,175.0,22.0,4946
06075030202,7.0,2.0,28.0,63.0,4.0,13.0,6.0,0.0,3.0,64.0,0.0,46.0,0.0,0.0,1.0,0.0,0.0,0.0,38.0,108.0,0.0,11.0,7.0,10.0,0.0,1.0,0.0,8.0,549.0,462.0,50.0,111.0,9.0,0.0,95.0,228.0,0.0,1970.0,22.0,646.0,996.0,775.0,2.0,35.0,148.0,32.0,30.0,1.0,252.0,448.0,391.0,225.0,35.0,7937
06075030301,0.0,2.0,18.0,8.0,0.0,13.0,1.0,0.0,0.0,53.0,0.0,23.0,0.0,0.0,2.0,0.0,0.0,0.0,11.0,25.0,0.0,6.0,0.0,4.0,0.0,0.0,0.0,4.0,281.0,401.0,18.0,63.0,7.0,2.0,49.0,128.0,1.0,1113.0,1.0,152.0,505.0,543.0,5.0,40.0,46.0,11.0,10.0,2.0,208.0,301.0,597.0,63.0,17.0,4737
06075030302,4.0,3.0,7.0,5.0,2.0,6.0,0.0,1.0,1.0,29.0,0.0,17.0,0.0,0.0,0.0,0.0,0.0,0.0,7.0,18.0,0.0,7.0,1.0,6.0,0.0,0.0,0.0,2.0,177.0,233.0,13.0,48.0,3.0,0.0,40.0,93.0,0.0,783.0,1.0,44.0,316.0,413.0,2.0,27.0,34.0,8.0,7.0,3.0,149.0,184.0,348.0,48.0,21.0,3112
06075030400,1.0,2.0,13.0,16.0,5.0,16.0,1.0,0.0,11.0,76.0,0.0,46.0,0.0,0.0,0.0,1.0,0.0,0.0,26.0,59.0,0.0,12.0,0.0,7.0,0.0,1.0,1.0,19.0,471.0,421.0,24.0,73.0,7.0,4.0,86.0,146.0,1.0,1241.0,9.0,230.0,605.0,663.0,9.0,61.0,118.0,51.0,26.0,7.0,265.0,456.0,391.0,120.0,63.0,5866
06075030500,0.0,3.0,7.0,14.0,2.0,3.0,1.0,0.0,21.0,38.0,0.0,27.0,0.0,0.0,1.0,0.0,0.0,0.0,6.0,22.0,0.0,10.0,1.0,6.0,0.0,0.0,0.0,1.0,584.0,202.0,44.0,332.0,10.0,0.0,24.0,85.0,0.0,588.0,0.0,300.0,523.0,344.0,2.0,15.0,22.0,43.0,7.0,6.0,177.0,166.0,151.0,67.0,21.0,3882
06075030600,3.0,1.0,8.0,2.0,0.0,4.0,1.0,0.0,0.0,28.0,0.0,13.0,0.0,0.0,0.0,0.0,0.0,0.0,7.0,12.0,0.0,3.0,1.0,2.0,0.0,0.0,0.0,2.0,144.0,178.0,10.0,42.0,1.0,2.0,43.0,79.0,0.0,641.0,4.0,67.0,228.0,266.0,0.0,11.0,44.0,1.0,11.0,0.0,93.0,160.0,164.0,43.0,10.0,2332
06075030700,4.0,1.0,5.0,5.0,1.0,11.0,0.0,0.0,3.0,38.0,0.0,41.0,0.0,1.0,1.0,0.0,0.0,0.0,6.0,31.0,0.0,12.0,1.0,5.0,0.0,0.0,0.0,10.0,284.0,427.0,11.0,74.0,5.0,3.0,75.0,182.0,0.0,1204.0,2.0,139.0,536.0,530.0,3.0,46.0,31.0,16.0,24.0,8.0,253.0,325.0,544.0,68.0,35.0,5004
06075030800,7.0,1.0,49.0,48.0,3.0,10.0,4.0,0.0,5.0,73.0,1.0,53.0,0.0,0.0,2.0,0.0,0.0,0.0,48.0,85.0,2.0,28.0,2.0,18.0,0.0,0.0,0.0,10.0,532.0,558.0,40.0,105.0,16.0,1.0,149.0,270.0,1.0,2088.0,13.0,140.0,1105.0,1313.0,2.0,38.0,180.0,43.0,49.0,5.0,393.0,569.0,523.0,182.0,35.0,8806
06075030900,7.0,1.0,71.0,26.0,4.0,24.0,13.0,0.0,12.0,134.0,0.0,69.0,0.0,0.0,0.0,1.0,0.0,0.0,36.0,97.0,0.0,23.0,8.0,32.0,0.0,0.0,0.0,17.0,686.0,719.0,50.0,140.0,11.0,3.0,131.0,223.0,2.0,2340.0,11.0,269.0,910.0,1821.0,7.0,89.0,296.0,44.0,54.0,9.0,425.0,764.0,761.0,171.0,86.0,10605
06075031000,3.0,5.0,8.0,16.0,1.0,12.0,2.0,0.0,16.0,57.0,0.0,39.0,0.0,0.0,0.0,0.0,0.0,0.0,19.0,62.0,0.0,32.0,3.0,8.0,0.0,0.0,0.0,8.0,440.0,367.0,29.0,69.0,11.0,2.0,52.0,180.0,0.0,1566.0,6.0,215.0,509.0,679.0,11.0,42.0,118.0,32.0,24.0,5.0,235.0,330.0,392.0,111.0,32.0,5753
06075031100,3.0,12.0,22.0,13.0,2.0,21.0,22.0,2.0,9.0,129.0,0.0,59.0,0.0,0.0,2.0,0.0,0.0,0.0,21.0,111.0,0.0,16.0,7.0,29.0,3.0,1.0,0.0,21.0,958.0,498.0,59.0,307.0,9.0,10.0,110.0,226.0,1.0,3081.0,5.0,313.0,1386.0,1927.0,7.0,92.0,238.0,78.0,66.0,9.0,518.0,717.0,1027.0,304.0,113.0,12569
06075031201,4.0,6.0,22.0,31.0,6.0,31.0,0.0,0.0,143.0,150.0,0.0,41.0,0.0,0.0,2.0,0.0,0.0,0.0,27.0,60.0,0.0,42.0,3.0,8.0,0.0,1.0,0.0,20.0,1012.0,332.0,34.0,200.0,5.0,8.0,115.0,193.0,0.0,1359.0,16.0,1380.0,880.0,1506.0,18.0,59.0,325.0,61.0,29.0,6.0,350.0,546.0,658.0,262.0,110.0,10070
06075031202,2.0,0.0,8.0,8.0,2.0,15.0,0.0,0.0,173.0,49.0,0.0,14.0,0.0,0.0,0.0,0.0,0.0,0.0,8.0,28.0,1.0,18.0,1.0,3.0,0.0,0.0,0.0,9.0,354.0,160.0,9.0,112.0,1.0,5.0,39.0,63.0,0.0,477.0,1.0,648.0,317.0,593.0,0.0,37.0,183.0,14.0,21.0,4.0,147.0,206.0,400.0,99.0,31.0,4261
06075031301,3.0,2.0,14.0,6.0,4.0,16.0,9.0,0.0,8.0,79.0,0.0,24.0,0.0,0.0,0.0,0.0,0.0,0.0,5.0,37.0,0.0,29.0,2.0,4.0,0.0,0.0,0.0,10.0,468.0,230.0,6.0,92.0,6.0,4.0,48.0,101.0,1.0,799.0,4.0,201.0,484.0,595.0,1.0,38.0,115.0,29.0,11.0,3.0,177.0,274.0,458.0,89.0,46.0,4532
06075031302,4.0,4.0,13.0,14.0,3.0,23.0,14.0,0.0,18.0,109.0,0.0,42.0,0.0,0.0,1.0,0.0,0.0,0.0,23.0,58.0,0.0,33.0,2.0,14.0,1.0,0.0,0.0,21.0,732.0,330.0,26.0,391.0,10.0,10.0,65.0,161.0,0.0,1066.0,5.0,283.0,625.0,1228.0,1.0,105.0,195.0,34.0,30.0,5.0,314.0,405.0,509.0,405.0,127.0,7462
06075031400,5.0,6.0,15.0,21.0,3.0,43.0,5.0,0.0,301.0,262.0,0.0,72.0,0.0,0.0,2.0,0.0,0.0,0.0,28.0,76.0,1.0,54.0,3.0,8.0,0.0,0.0,0.0,39.0,1333.0,381.0,41.0,506.0,7.0,10.0,105.0,168.0,1.0,1060.0,9.0,1229.0,922.0,1846.0,0.0,95.0,277.0,70.0,37.0,6.0,460.0,623.0,919.0,492.0,174.0,11725
06075032601,4.0,1.0,24.0,40.0,5.0,16.0,7.0,0.0,2.0,70.0,0.0,43.0,0.0,0.0,3.0,0.0,5.0,0.0,49.0,70.0,1.0,22.0,6.0,15.0,1.0,1.0,0.0,12.0,507.0,327.0,31.0,120.0,10.0,6.0,111.0,187.0,0.0,1077.0,13.0,105.0,862.0,881.0,28.0,32.0,132.0,41.0,28.0,4.0,274.0,457.0,431.0,191.0,62.0,6316
06075032602,4.0,1.0,10.0,6.0,3.0,9.0,0.0,0.0,0.0,30.0,0.0,13.0,0.0,0.0,0.0,0.0,0.0,0.0,15.0,28.0,0.0,25.0,0.0,2.0,0.0,0.0,0.0,9.0,199.0,173.0,11.0,23.0,5.0,2.0,58.0,113.0,1.0,525.0,7.0,127.0,383.0,354.0,22.0,21.0,50.0,19.0,8.0,4.0,129.0,217.0,408.0,36.0,23.0,3075
06075032700,3.0,0.0,12.0,7.0,4.0,12.0,0.0,0.0,5.0,63.0,0.0,18.0,0.0,0.0,1.0,0.0,1.0,0.0,10.0,45.0,0.0,18.0,0.0,10.0,0.0,0.0,0.0,12.0,329.0,331.0,33.0,54.0,5.0,5.0,72.0,173.0,0.0,964.0,4.0,134.0,518.0,633.0,9.0,44.0,71.0,35.0,20.0,6.0,230.0,351.0,564.0,70.0,35.0,4916
06075032801,4.0,1.0,21.0,28.0,4.0,19.0,5.0,1.0,6.0,338.0,0.0,41.0,0.0,0.0,1.0,0.0,0.0,0.0,50.0,75.0,0.0,33.0,5.0,4.0,0.0,2.0,0.0,13.0,640.0,230.0,62.0,164.0,11.0,5.0,87.0,233.0,1.0,904.0,10.0,240.0,1294.0,926.0,8.0,19.0,93.0,54.0,22.0,6.0,350.0,382.0,333.0,76.0,97.0,6947
06075032802,0.0,0.0,19.0,7.0,1.0,10.0,0.0,0.0,2.0,56.0,0.0,6.0,0.0,0.0,1.0,0.0,0.0,0.0,8.0,39.0,0.0,11.0,1.0,7.0,0.0,1.0,0.0,2.0,299.0,233.0,18.0,75.0,5.0,2.0,80.0,140.0,2.0,660.0,5.0,85.0,422.0,532.0,20.0,30.0,71.0,11.0,14.0,4.0,192.0,252.0,356.0,66.0,20.0,3769
06075032901,8.0,2.0,9.0,11.0,3.0,10.0,1.0,1.0,11.0,52.0,0.0,33.0,0.0,0.0,0.0,0.0,0.0,0.0,8.0,23.0,0.0,18.0,0.0,3.0,0.0,0.0,0.0,10.0,301.0,222.0,25.0,68.0,5.0,1.0,42.0,144.0,2.0,581.0,2.0,158.0,424.0,468.0,11.0,27.0,47.0,12.0,18.0,9.0,181.0,294.0,358.0,48.0,16.0,3667
06075032902,3.0,1.0,6.0,16.0,1.0,9.0,0.0,0.0,2.0,42.0,0.0,15.0,0.0,0.0,1.0,0.0,0.0,0.0,16.0,20.0,0.0,18.0,0.0,2.0,0.0,0.0,0.0,5.0,259.0,199.0,17.0,52.0,5.0,4.0,50.0,122.0,0.0,690.0,3.0,143.0,430.0,362.0,7.0,19.0,56.0,12.0,10.0,5.0,149.0,241.0,275.0,57.0,23.0,3349
06075033000,6.0,3.0,38.0,35.0,13.0,20.0,2.0,0.0,328.0,186.0,1.0,36.0,0.0,0.0,0.0,1.0,0.0,0.0,55.0,90.0,0.0,46.0,2.0,14.0,0.0,2.0,0.0,16.0,621.0,443.0,44.0,140.0,5.0,3.0,130.0,294.0,0.0,1401.0,10.0,1986.0,1305.0,1261.0,19.0,62.0,136.0,51.0,32.0,8.0,447.0,546.0,658.0,172.0,68.0,10744
06075033100,3.0,0.0,18.0,7.0,4.0,2.0,0.0,1.0,2.0,41.0,0.0,18.0,0.0,0.0,2.0,0.0,0.0,0.0,22.0,31.0,0.0,13.0,4.0,16.0,0.0,0.0,0.0,16.0,247.0,288.0,12.0,62.0,8.0,5.0,96.0,179.0,0.0,1269.0,1.0,87.0,514.0,675.0,1.0,31.0,92.0,16.0,20.0,7.0,214.0,303.0,302.0,129.0,21.0,4782
06075033201,7.0,0.0,21.0,62.0,7.0,9.0,7.0,0.0,1.0,121.0,0.0,103.0,0.0,0.0,0.0,0.0,0.0,0.0,64.0,83.0,0.0,11.0,0.0,14.0,0.0,1.0,0.0,7.0,556.0,512.0,53.0,196.0,91.0,6.0,152.0,482.0,1.0,5905.0,47.0,128.0,904.0,1499.0,0.0,29.0,365.0,47.0,83.0,3.0,299.0,426.0,618.0,377.0,60.0,13371
06075033203,0.0,2.0,11.0,23.0,3.0,14.0,0.0,0.0,4.0,82.0,0.0,45.0,0.0,0.0,0.0,0.0,1.0,0.0,36.0,69.0,0.0,29.0,2.0,13.0,0.0,1.0,0.0,21.0,484.0,432.0,22.0,64.0,4.0,10.0,57.0,126.0,0.0,1244.0,7.0,119.0,472.0,458.0,188.0,49.0,82.0,33.0,12.0,7.0,226.0,383.0,640.0,66.0,43.0,5588
06075033204,2.0,1.0,12.0,20.0,1.0,17.0,0.0,1.0,3.0,70.0,0.0,28.0,0.0,0.0,1.0,0.0,0.0,0.0,20.0,69.0,0.0,24.0,0.0,12.0,1.0,1.0,0.0,10.0,415.0,505.0,40.0,38.0,3.0,3.0,48.0,146.0,2.0,1147.0,15.0,132.0,466.0,515.0,9.0,26.0,65.0,42.0,12.0,7.0,212.0,374.0,519.0,62.0,27.0,5128
06075035100,2.0,2.0,9.0,10.0,7.0,16.0,1.0,0.0,11.0,75.0,0.0,26.0,0.0,0.0,0.0,0.0,0.0,0.0,14.0,34.0,0.0,40.0,0.0,4.0,0.0,2.0,0.0,13.0,516.0,308.0,26.0,96.0,9.0,6.0,81.0,161.0,0.0,984.0,11.0,200.0,646.0,711.0,15.0,43.0,100.0,35.0,20.0,8.0,271.0,445.0,657.0,97.0,38.0,5754
06075035201,3.0,0.0,12.0,16.0,2.0,13.0,0.0,1.0,4.0,72.0,0.0,36.0,0.0,0.0,1.0,0.0,0.0,0.0,18.0,37.0,0.0,23.0,1.0,2.0,0.0,0.0,0.0,13.0,413.0,225.0,20.0,84.0,2.0,4.0,57.0,133.0,0.0,866.0,5.0,199.0,599.0,529.0,9.0,35.0,75.0,48.0,17.0,8.0,245.0,330.0,573.0,112.0,44.0,4888
06075035202,1.0,4.0,16.0,60.0,3.0,15.0,1.0,0.0,4.0,94.0,0.0,60.0,0.0,0.0,2.0,0.0,0.0,0.0,23.0,58.0,2.0,27.0,1.0,7.0,1.0,0.0,0.0,13.0,650.0,263.0,43.0,134.0,1.0,7.0,66.0,117.0,1.0,1008.0,22.0,183.0,748.0,772.0,23.0,48.0,110.0,75.0,28.0,8.0,338.0,401.0,488.0,256.0,52.0,6238
06075035300,2.0,1.0,13.0,15.0,9.0,16.0,1.0,0.0,5.0,102.0,0.0,19.0,0.0,0.0,0.0,0.0,12.0,0.0,13.0,43.0,1.0,29.0,1.0,4.0,0.0,0.0,0.0,20.0,516.0,316.0,33.0,91.0,1.0,12.0,86.0,170.0,0.0,992.0,2.0,186.0,736.0,706.0,23.0,32.0,79.0,53.0,21.0,6.0,330.0,481.0,567.0,63.0,62.0,5876
06075035400,0.0,1.0,5.0,19.0,5.0,17.0,0.0,0.0,10.0,71.0,0.0,35.0,0.0,1.0,0.0,0.0,0.0,0.0,13.0,43.0,0.0,24.0,1.0,7.0,0.0,0.0,0.0,12.0,463.0,259.0,31.0,92.0,7.0,6.0,87.0,171.0,1.0,918.0,9.0,243.0,624.0,589.0,10.0,43.0,73.0,39.0,25.0,9.0,274.0,395.0,639.0,127.0,53.0,5453
06075040100,5.0,1.0,43.0,40.0,6.0,9.0,0.0,0.0,0.0,64.0,0.0,39.0,1.0,0.0,0.0,0.0,0.0,0.0,27.0,60.0,0.0,9.0,2.0,10.0,1.0,1.0,0.0,7.0,521.0,435.0,38.0,108.0,19.0,3.0,91.0,200.0,1.0,1403.0,40.0,107.0,765.0,738.0,1.0,25.0,66.0,31.0,28.0,5.0,307.0,424.0,453.0,122.0,36.0,6300
06075040200,8.0,1.0,42.0,31.0,3.0,10.0,2.0,1.0,4.0,69.0,0.0,29.0,0.0,0.0,2.0,0.0,0.0,0.0,34.0,94.0,0.0,17.0,2.0,10.0,1.0,0.0,0.0,14.0,481.0,443.0,35.0,89.0,16.0,4.0,83.0,209.0,0.0,2203.0,23.0,177.0,977.0,928.0,5.0,44.0,99.0,27.0,33.0,10.0,347.0,513.0,639.0,137.0,22.0,7924
06075042601,5.0,2.0,12.0,11.0,1.0,5.0,0.0,0.0,3.0,59.0,0.0,11.0,1.0,0.0,1.0,0.0,0.0,0.0,12.0,28.0,0.0,6.0,1.0,5.0,1.0,1.0,0.0,6.0,262.0,271.0,11.0,37.0,8.0,6.0,80.0,140.0,1.0,897.0,2.0,83.0,360.0,421.0,3.0,15.0,44.0,19.0,10.0,4.0,173.0,258.0,300.0,41.0,18.0,3637
06075042602,2.0,1.0,24.0,14.0,3.0,4.0,0.0,0.0,2.0,40.0,0.0,14.0,3.0,0.0,1.0,0.0,0.0,0.0,13.0,35.0,0.0,16.0,5.0,5.0,2.0,0.0,0.0,4.0,284.0,245.0,11.0,30.0,4.0,1.0,52.0,115.0,0.0,801.0,10.0,54.0,422.0,494.0,1.0,40.0,70.0,10.0,22.0,4.0,195.0,252.0,371.0,79.0,21.0,3784
06075042700,3.0,0.0,21.0,21.0,4.0,9.0,0.0,0.0,5.0,136.0,0.0,25.0,0.0,0.0,0.0,0.0,0.0,0.0,8.0,17.0,0.0,10.0,1.0,1.0,0.0,0.0,0.0,11.0,525.0,321.0,40.0,68.0,9.0,8.0,64.0,172.0,1.0,979.0,9.0,198.0,712.0,614.0,1.0,14.0,77.0,49.0,22.0,12.0,344.0,340.0,377.0,77.0,66.0,5374
06075042800,1.0,0.0,5.0,1.0,0.0,2.0,1.0,0.0,1.0,14.0,0.0,18.0,0.0,0.0,0.0,0.0,0.0,0.0,5.0,21.0,0.0,10.0,0.0,4.0,1.0,0.0,0.0,3.0,66.0,197.0,5.0,10.0,0.0,3.0,31.0,75.0,0.0,521.0,1.0,29.0,261.0,179.0,0.0,30.0,9.0,1.0,8.0,0.0,151.0,135.0,201.0,21.0,9.0,2031
06075045100,3.0,0.0,72.0,29.0,3.0,6.0,0.0,0.0,7.0,58.0,0.0,19.0,1.0,0.0,5.0,0.0,0.0,0.0,67.0,41.0,1.0,23.0,8.0,10.0,1.0,2.0,0.0,14.0,462.0,304.0,21.0,102.0,8.0,9.0,57.0,196.0,1.0,1126.0,17.0,234.0,931.0,1007.0,7.0,36.0,120.0,30.0,17.0,3.0,294.0,401.0,595.0,110.0,46.0,6582
06075045200,1.0,0.0,110.0,32.0,5.0,18.0,0.0,1.0,7.0,100.0,0.0,46.0,2.0,0.0,1.0,0.0,0.0,0.0,44.0,99.0,0.0,31.0,2.0,17.0,4.0,1.0,0.0,17.0,643.0,501.0,23.0,137.0,10.0,5.0,115.0,267.0,1.0,2260.0,11.0,224.0,2260.0,1484.0,5.0,62.0,175.0,38.0,41.0,6.0,437.0,597.0,706.0,282.0,56.0,10906
06075047600,1.0,0.0,65.0,18.0,2.0,10.0,1.0,0.0,2.0,55.0,0.0,20.0,1.0,0.0,2.0,0.0,0.0,0.0,27.0,69.0,0.0,19.0,2.0,82.0,4.0,3.0,0.0,10.0,367.0,307.0,20.0,111.0,11.0,3.0,65.0,199.0,0.0,1325.0,6.0,165.0,850.0,1062.0,7.0,45.0,106.0,24.0,24.0,5.0,286.0,389.0,568.0,134.0,31.0,6515
06075047701,4.0,0.0,51.0,18.0,3.0,6.0,0.0,0.0,4.0,61.0,0.0,17.0,0.0,0.0,3.0,0.0,0.0,0.0,26.0,63.0,0.0,7.0,3.0,9.0,0.0,0.0,0.0,13.0,364.0,258.0,22.0,62.0,4.0,0.0,75.0,139.0,0.0,1214.0,13.0,125.0,638.0,696.0,3.0,29.0,98.0,17.0,25.0,4.0,266.0,340.0,324.0,97.0,37.0,5141
06075047702,0.0,3.0,13.0,5.0,0.0,8.0,0.0,0.0,5.0,32.0,0.0,8.0,0.0,0.0,0.0,0.0,0.0,0.0,9.0,22.0,0.0,5.0,1.0,3.0,0.0,0.0,0.0,10.0,195.0,181.0,6.0,33.0,0.0,1.0,37.0,94.0,1.0,436.0,3.0,101.0,338.0,303.0,2.0,37.0,43.0,16.0,9.0,3.0,142.0,183.0,373.0,40.0,22.0,2727
06075047801,1.0,1.0,9.0,11.0,6.0,13.0,4.0,0.0,85.0,112.0,0.0,32.0,0.0,0.0,1.0,0.0,0.0,0.0,12.0,27.0,0.0,11.0,1.0,1.0,4.0,0.0,0.0,21.0,442.0,224.0,55.0,97.0,5.0,3.0,44.0,138.0,1.0,704.0,11.0,388.0,534.0,460.0,3.0,22.0,80.0,39.0,23.0,3.0,283.0,324.0,401.0,55.0,62.0,4757
06075047802,1.0,1.0,16.0,8.0,4.0,13.0,0.0,0.0,10.0,67.0,0.0,11.0,0.0,0.0,0.0,0.0,0.0,0.0,9.0,25.0,0.0,16.0,1.0,3.0,2.0,0.0,0.0,5.0,257.0,175.0,13.0,37.0,1.0,4.0,31.0,90.0,1.0,600.0,4.0,121.0,442.0,340.0,1.0,27.0,47.0,13.0,6.0,4.0,160.0,212.0,302.0,31.0,24.0,3136
06075047901,3.0,3.0,12.0,21.0,4.0,12.0,0.0,0.0,2.0,85.0,0.0,50.0,0.0,0.0,3.0,1.0,0.0,0.0,34.0,123.0,1.0,36.0,6.0,11.0,3.0,3.0,0.0,20.0,617.0,396.0,35.0,139.0,4.0,6.0,88.0,238.0,1.0,4176.0,6.0,212.0,1016.0,953.0,8.0,80.0,161.0,42.0,58.0,6.0,365.0,492.0,675.0,251.0,57.0,10527
06075047902,0.0,2.0,3.0,5.0,2.0,7.0,0.0,0.0,7.0,52.0,0.0,9.0,0.0,0.0,1.0,0.0,0.0,0.0,16.0,39.0,0.0,29.0,4.0,2.0,2.0,0.0,0.0,3.0,222.0,142.0,13.0,45.0,4.0,3.0,30.0,99.0,1.0,649.0,2.0,109.0,420.0,367.0,1.0,18.0,31.0,16.0,14.0,9.0,159.0,217.0,274.0,66.0,16.0,3110
06075060100,0.0,0.0,0.0,0.0,0.0,0.0,1.0,0.0,0.0,4.0,0.0,0.0,0.0,0.0,0.0,0.0,0.0,0.0,21.0,23.0,0.0,8.0,0.0,4.0,3.0,0.0,0.0,1.0,55.0,20.0,10.0,5.0,0.0,0.0,6.0,48.0,0.0,730.0,2.0,18.0,191.0,105.0,1.0,10.0,14.0,6.0,12.0,41.0,39.0,45.0,55.0,26.0,4.0,1516
06075060400,0.0,0.0,33.0,6.0,1.0,7.0,0.0,0.0,0.0,37.0,1.0,32.0,0.0,0.0,2.0,1.0,0.0,0.0,13.0,37.0,1.0,17.0,1.0,9.0,0.0,0.0,0.0,12.0,265.0,120.0,17.0,29.0,2.0,5.0,26.0,157.0,0.0,1818.0,1.0,59.0,489.0,419.0,5.0,39.0,31.0,36.0,17.0,1.0,176.0,201.0,354.0,57.0,39.0,4575
06075060502,0.0,18.0,16.0,27.0,4.0,78.0,3.0,0.0,19.0,507.0,0.0,103.0,0.0,2.0,4.0,0.0,0.0,0.0,13.0,193.0,0.0,112.0,0.0,22.0,1.0,0.0,0.0,71.0,2857.0,778.0,60.0,447.0,9.0,32.0,58.0,95.0,3.0,719.0,5.0,474.0,910.0,2279.0,5.0,206.0,495.0,111.0,56.0,15.0,598.0,1291.0,613.0,779.0,558.0,14661
06075060700,12.0,7.0,49.0,164.0,10.0,40.0,7.0,0.0,5.0,197.0,0.0,340.0,0.0,3.0,8.0,1.0,1.0,0.0,255.0,323.0,0.0,139.0,10.0,64.0,1.0,2.0,2.0,57.0,1745.0,1327.0,207.0,412.0,52.0,18.0,224.0,796.0,0.0,7688.0,97.0,589.0,2912.0,3154.0,32.0,172.0,321.0,93.0,157.0,9.0,999.0,1282.0,1182.0,831.0,164.0,26315
06075061000,1.0,2.0,10.0,93.0,2.0,25.0,0.0,2.0,12.0,119.0,0.0,45.0,0.0,1.0,2.0,0.0,0.0,0.0,25.0,102.0,0.0,45.0,4.0,11.0,4.0,0.0,0.0,55.0,810.0,296.0,74.0,121.0,6.0,18.0,93.0,123.0,0.0,1093.0,5.0,224.0,655.0,1009.0,2.0,208.0,165.0,49.0,34.0,2.0,360.0,401.0,668.0,182.0,103.0,7270
06075061100,11.0,3.0,25.0,50.0,29.0,32.0,7.0,0.0,4.0,151.0,0.0,156.0,0.0,0.0,1.0,0.0,0.0,0.0,121.0,208.0,0.0,62.0,2.0,31.0,0.0,1.0,0.0,38.0,1516.0,1129.0,77.0,234.0,25.0,9.0,197.0,400.0,24.0,4227.0,13.0,292.0,1881.0,1642.0,31.0,54.0,470.0,66.0,84.0,12.0,630.0,987.0,544.0,458.0,122.0,16075
06075061200,8.0,12.0,68.0,118.0,8.0,87.0,34.0,1.0,173.0,412.0,0.0,94.0,0.0,1.0,1.0,0.0,0.0,0.0,27.0,141.0,0.0,56.0,7.0,17.0,8.0,1.0,0.0,69.0,3213.0,593.0,109.0,3054.0,23.0,17.0,252.0,262.0,32.0,1858.0,131.0,3849.0,1690.0,6215.0,9.0,190.0,843.0,125.0,94.0,7.0,1107.0,904.0,1110.0,2238.0,712.0,29991
06075061400,2.0,14.0,23.0,27.0,6.0,69.0,2.0,0.0,24.0,426.0,1.0,252.0,0.0,3.0,11.0,2.0,0.0,0.0,29.0,198.0,0.0,94.0,4.0,3.0,3.0,0.0,0.0,86.0,2445.0,1506.0,77.0,680.0,10.0,31.0,91.0,216.0,1.0,3146.0,12.0,455.0,1192.0,2521.0,8.0,256.0,561.0,98.0,105.0,5.0,855.0,1481.0,1529.0,993.0,443.0,20011
06075061500,27.0,8.0,120.0,299.0,18.0,81.0,118.0,0.0,8.0,380.0,1.0,824.0,3.0,0.0,10.0,2.0,33.0,0.0,665.0,751.0,0.0,129.0,18.0,153.0,7.0,1.0,0.0,103.0,5084.0,3856.0,332.0,741.0,183.0,21.0,705.0,2183.0,2.0,28084.0,36.0,816.0,7975.0,7807.0,499.0,323.0,1611.0,288.0,347.0,34.0,2216.0,3063.0,2720.0,1815.0,380.0,74950
06075980200,0.0,0.0,0.0,0.0,0.0,0.0,0.0,0.0,0.0,3.0,0.0,3.0,0.0,0.0,0.0,0.0,0.0,0.0,4.0,36.0,0.0,1.0,2.0,1.0,0.0,0.0,0.0,1.0,26.0,14.0,0.0,2.0,0.0,1.0,4.0,16.0,0.0,463.0,0.0,56.0,67.0,33.0,0.0,5.0,1.0,0.0,4.0,0.0,21.0,10.0,34.0,21.0,2.0,834
06075980300,0.0,2.0,151.0,73.0,2.0,19.0,11.0,1.0,6.0,71.0,0.0,46.0,9.0,0.0,8.0,0.0,0.0,0.0,80.0,230.0,2.0,43.0,16.0,58.0,11.0,2.0,0.0,57.0,1113.0,289.0,88.0,2100.0,3.0,9.0,49.0,250.0,0.0,8729.0,48.0,483.0,3099.0,3738.0,2.0,161.0,376.0,89.0,118.0,9.0,661.0,922.0,1230.0,1423.0,183.0,26113
06075980501,0.0,2.0,9.0,1.0,5.0,17.0,5.0,0.0,9.0,68.0,0.0,35.0,0.0,0.0,1.0,0.0,0.0,0.0,2.0,19.0,0.0,3.0,2.0,11.0,0.0,0.0,0.0,54.0,548.0,83.0,12.0,76.0,1.0,10.0,12.0,29.0,0.0,547.0,2.0,114.0,306.0,860.0,1.0,82.0,149.0,53.0,16.0,1.0,203.0,179.0,249.0,50.0,135.0,3961
06075980600,0.0,0.0,2.0,1.0,1.0,9.0,0.0,0.0,2.0,27.0,1.0,13.0,0.0,0.0,1.0,0.0,0.0,0.0,2.0,63.0,0.0,23.0,1.0,2.0,1.0,0.0,0.0,7.0,190.0,92.0,19.0,5.0,3.0,5.0,9.0,24.0,0.0,253.0,0.0,82.0,113.0,167.0,0.0,45.0,40.0,13.0,7.0,0.0,65.0,129.0,96.0,43.0,42.0,1600
06075980900,10.0,8.0,76.0,25.0,3.0,49.0,8.0,0.0,39.0,173.0,0.0,159.0,0.0,2.0,24.0,0.0,0.0,0.0,94.0,356.0,0.0,95.0,21.0,45.0,10.0,0.0,0.0,189.0,2009.0,1380.0,173.0,995.0,95.0,17.0,167.0,252.0,0.0,4502.0,11.0,454.0,1682.0,6774.0,13.0,666.0,598.0,61.0,160.0,5.0,886.0,1189.0,2463.0,1292.0,339.0,27592
