GEOID,BAD CHECKS,BRIBERY,DRIVING UNDER THE INFLUENCE,DRUNKENNESS,EXTORTION,KIDNAPPING,LOITERING,PORNOGRAPHY/OBSCENE MAT,RUNAWAY,SECONDARY CODES,TREA,TRESPASS,CIVIL SIDEWALKS,DRUG OFFENSE,FIRE REPORT,HOMICIDE,HUMAN TRAFFICKING,LOST PROPERTY,MALICIOUS MISCHIEF,MOTOR VEHICLE THEFT,NAN,OFFENCES AGAINST THE FAMILY AND CHILDREN,TRAFFIC COLLISION,TRAFFIC VIOLATION ARREST,VEHICLE IMPOUNDED,VEHICLE MISPLACED,WEAPONS OFFENSE,ARSON,ASSAULT,BURGLARY,DISORDERLY CONDUCT,DRUG/NARCOTIC,EMBEZZLEMENT,FAMILY OFFENSES,FORGERY/COUNTERFEITING,FRAUD,GAMBLING,LARCENY/THEFT,LIQUOR LAWS,MISSING PERSON,NON-CRIMINAL,OTHER OFFENSES,PROSTITUTION,RECOVERED VEHICLE,ROBBERY,SEX OFFENSE,STOLEN PROPERTY,SUICIDE,SUSPICIOUS OCC,VANDALISM,VEHICLE THEFT,WARRANTS,WEAPON LAWS,TOTAL
06075010100,0.0,8.0,6.0,28.0,1.0,9.0,2.0,1.0,4.0,83.0,0.0,92.0,5.0,0.0,3.0,0.0,0.0,130.0,249.0,0.0,8.0,26.0,2.0,28.0,0.0,0.0,0.0,11.0,755.0,396.0,65.0,99.0,22.0,4.0,54.0,382.0,8.0,8316.0,11.0,195.0,1537.0,1106.0,2.0,41.0,274.0,28.0,199.0,4.0,300.0,798.0,277.0,358.0,89.0,16016
06075010200,3.0,1.0,7.0,11.0,0.0,9.0,0.0,0.0,3.0,36.0,0.0,26.0,0.0,0.0,1.0,0.0,0.0,35.0,98.0,0.0,0.0,9.0,2.0,11.0,0.0,0.0,0.0,7.0,227.0,271.0,27.0,45.0,3.0,2.0,13.0,92.0,0.0,4655.0,3.0,67.0,612.0,501.0,1.0,24.0,93.0,17.0,76.0,2.0,122.0,319.0,172.0,97.0,22.0,7722
06075010300,0.0,0.0,3.0,4.0,0.0,0.0,0.0,0.0,0.0,14.0,0.0,10.0,1.0,0.0,0.0,0.0,0.0,14.0,30.0,0.0,2.0,6.0,1.0,5.0,0.0,0.0,0.0,3.0,90.0,132.0,6.0,14.0,3.0,0.0,6.0,44.0,0.0,1005.0,1.0,39.0,237.0,239.0,0.0,11.0,43.0,11.0,26.0,3.0,67.0,151.0,114.0,43.0,12.0,2390
06075010400,0.0,0.0,2.0,9.0,0.0,2.0,2.0,0.0,0.0,20.0,0.0,23.0,0.0,0.0,0.0,2.0,0.0,10.0,30.0,1.0,3.0,9.0,0.0,2.0,0.0,0.0,0.0,2.0,119.0,164.0,9.0,20.0,0.0,0.0,4.0,44.0,0.0,738.0,3.0,20.0,303.0,270.0,2.0,13.0,45.0,8.0,14.0,1.0,94.0,179.0,116.0,80.0,9.0,2372
06075010500,1.0,0.0,18.0,20.0,2.0,5.0,3.0,0.0,0.0,33.0,0.0,90.0,0.0,0.0,3.0,0.0,0.0,54.0,148.0,0.0,12.0,15.0,4.0,20.0,1.0,0.0,1.0,11.0,367.0,368.0,57.0,75.0,8.0,5.0,16.0,206.0,1.0,4332.0,2.0,80.0,837.0,855.0,5.0,37.0,134.0,23.0,104.0,7.0,200.0,449.0,206.0,240.0,45.0,9100
06075010600,0.0,1.0,9.0,68.0,1.0,7.0,0.0,0.0,1.0,42.0,0.0,25.0,0.0,0.0,3.0,0.0,0.0,45.0,58.0,0.0,3.0,18.0,0.0,12.0,0.0,1.0,0.0,4.0,466.0,131.0,42.0,88.0,4.0,4.0,21.0,115.0,0.0,790.0,8.0,59.0,558.0,472.0,3.0,12.0,77.0,24.0,29.0,0.0,187.0,149.0,113.0,160.0,68.0,3878
06075010700,0.0,1.0,15.0,19.0,3.0,11.0,1.0,0.0,3.0,69.0,0.0,33.0,0.0,1.0,0.0,0.0,0.0,103.0,54.0,0.0,88.0,14.0,5.0,19.0,0.0,1.0,0.0,9.0,446.0,101.0,33.0,42.0,3.0,1.0,34.0,227.0,0.0,1078.0,4.0,168.0,1285.0,590.0,0.0,15.0,115.0,24.0,19.0,2.0,195.0,231.0,104.0,147.0,42.0,5355
06075010800,0.0,0.0,1.0,1.0,1.0,1.0,0.0,0.0,0.0,4.0,0.0,7.0,0.0,0.0,1.0,0.0,0.0,5.0,24.0,0.0,0.0,6.0,0.0,2.0,0.0,0.0,0.0,5.0,59.0,89.0,6.0,19.0,2.0,0.0,5.0,26.0,0.0,306.0,0.0,27.0,141.0,164.0,0.0,19.0,26.0,6.0,9.0,0.0,45.0,87.0,131.0,29.0,15.0,1269
06075010900,1.0,1.0,6.0,5.0,1.0,5.0,0.0,0.0,1.0,12.0,0.0,13.0,0.0,0.0,0.0,0.0,0.0,15.0,17.0,0.0,3.0,4.0,2.0,3.0,0.0,0.0,0.0,3.0,141.0,156.0,7.0,31.0,3.0,0.0,9.0,63.0,0.0,789.0,1.0,19.0,278.0,325.0,0.0,14.0,43.0,16.0,20.0,2.0,54.0,103.0,138.0,52.0,13.0,2369
06075011000,0.0,1.0,5.0,8.0,2.0,3.0,0.0,0.0,0.0,15.0,0.0,24.0,0.0,0.0,1.0,0.0,0.0,13.0,31.0,0.0,3.0,1.0,3.0,5.0,0.0,0.0,0.0,5.0,143.0,211.0,10.0,42.0,0.0,1.0,7.0,53.0,0.0,717.0,2.0,20.0,251.0,273.0,1.0,19.0,60.0,17.0,16.0,1.0,79.0,131.0,157.0,77.0,23.0,2431
06075011100,0.0,0.0,4.0,11.0,0.0,6.0,0.0,0.0,2.0,29.0,0.0,80.0,0.0,0.0,2.0,0.0,0.0,46.0,84.0,0.0,6.0,28.0,2.0,15.0,0.0,0.0,0.0,16.0,492.0,272.0,46.0,106.0,4.0,0.0,53.0,136.0,0.0,1890.0,1.0,198.0,704.0,509.0,166.0,33.0,138.0,33.0,44.0,4.0,203.0,302.0,229.0,210.0,43.0,6147
06075011200,0.0,0.0,0.0,2.0,1.0,0.0,0.0,0.0,0.0,11.0,0.0,16.0,0.0,2.0,0.0,0.0,0.0,11.0,13.0,0.0,0.0,3.0,0.0,1.0,0.0,1.0,0.0,0.0,98.0,108.0,6.0,29.0,5.0,0.0,11.0,42.0,0.0,444.0,0.0,22.0,190.0,173.0,2.0,15.0,27.0,14.0,8.0,2.0,53.0,103.0,127.0,48.0,11.0,1599
06075011300,0.0,0.0,1.0,1.0,1.0,4.0,0.0,0.0,3.0,19.0,0.0,15.0,0.0,0.0,0.0,0.0,0.0,34.0,33.0,0.0,2.0,10.0,0.0,4.0,0.0,0.0,0.0,2.0,125.0,58.0,10.0,21.0,0.0,2.0,3.0,51.0,0.0,598.0,1.0,71.0,252.0,118.0,4.0,9.0,63.0,13.0,9.0,1.0,77.0,82.0,37.0,34.0,10.0,1778
06075011700,8.0,3.0,10.0,35.0,5.0,12.0,10.0,1.0,4.0,135.0,0.0,267.0,1.0,0.0,2.0,0.0,12.0,332.0,289.0,0.0,62.0,63.0,4.0,36.0,2.0,2.0,0.0,51.0,1576.0,1262.0,150.0,321.0,101.0,4.0,224.0,926.0,0.0,10856.0,7.0,292.0,2582.0,2321.0,144.0,71.0,951.0,66.0,149.0,7.0,642.0,860.0,325.0,1229.0,140.0,26552
06075011800,0.0,0.0,0.0,0.0,1.0,1.0,1.0,0.0,0.0,10.0,0.0,10.0,0.0,0.0,0.0,0.0,0.0,5.0,12.0,0.0,0.0,6.0,0.0,0.0,0.0,3.0,0.0,5.0,65.0,51.0,6.0,16.0,1.0,0.0,5.0,32.0,0.0,475.0,0.0,21.0,142.0,99.0,6.0,4.0,48.0,3.0,12.0,2.0,43.0,86.0,23.0,26.0,12.0,1232
06075011901,0.0,0.0,1.0,4.0,2.0,2.0,0.0,0.0,0.0,7.0,0.0,10.0,0.0,0.0,0.0,0.0,0.0,5.0,13.0,0.0,0.0,2.0,0.0,1.0,0.0,0.0,0.0,2.0,69.0,63.0,1.0,16.0,0.0,0.0,3.0,36.0,0.0,243.0,0.0,13.0,113.0,108.0,1.0,6.0,14.0,12.0,10.0,1.0,39.0,57.0,57.0,19.0,3.0,933
06075011902,0.0,2.0,1.0,4.0,2.0,5.0,0.0,0.0,0.0,18.0,0.0,14.0,0.0,0.0,0.0,0.0,0.0,16.0,16.0,0.0,2.0,0.0,1.0,4.0,0.0,0.0,0.0,0.0,91.0,80.0,5.0,25.0,2.0,0.0,10.0,63.0,0.0,420.0,0.0,28.0,166.0,185.0,0.0,11.0,15.0,13.0,11.0,2.0,54.0,80.0,55.0,30.0,9.0,1440
06075012000,1.0,1.0,8.0,20.0,0.0,7.0,4.0,0.0,0.0,27.0,0.0,55.0,0.0,0.0,0.0,0.0,0.0,45.0,77.0,0.0,4.0,16.0,1.0,5.0,0.0,0.0,0.0,6.0,540.0,240.0,27.0,232.0,1.0,1.0,27.0,127.0,1.0,2042.0,7.0,90.0,632.0,532.0,43.0,41.0,130.0,35.0,48.0,1.0,160.0,274.0,163.0,270.0,40.0,5981
06075012100,1.0,1.0,4.0,12.0,0.0,9.0,1.0,0.0,0.0,31.0,0.0,32.0,0.0,0.0,0.0,0.0,1.0,40.0,49.0,0.0,8.0,6.0,2.0,5.0,0.0,0.0,0.0,9.0,275.0,226.0,7.0,31.0,3.0,0.0,35.0,145.0,0.0,1416.0,1.0,55.0,569.0,407.0,12.0,13.0,99.0,32.0,24.0,2.0,105.0,217.0,151.0,95.0,19.0,4150
06075012201,0.0,0.0,5.0,10.0,2.0,14.0,1.0,0.0,5.0,42.0,0.0,29.0,0.0,0.0,2.0,0.0,0.0,25.0,53.0,0.0,4.0,38.0,1.0,16.0,3.0,0.0,1.0,8.0,555.0,161.0,23.0,316.0,4.0,2.0,23.0,98.0,0.0,999.0,3.0,77.0,438.0,573.0,12.0,48.0,178.0,28.0,31.0,3.0,174.0,196.0,134.0,289.0,61.0,4685
06075012202,0.0,5.0,10.0,15.0,0.0,16.0,0.0,0.0,0.0,54.0,0.0,61.0,0.0,3.0,1.0,3.0,0.0,30.0,61.0,2.0,2.0,41.0,1.0,22.0,0.0,0.0,0.0,14.0,861.0,171.0,36.0,702.0,4.0,3.0,29.0,103.0,0.0,1644.0,12.0,82.0,708.0,773.0,7.0,50.0,224.0,71.0,47.0,7.0,228.0,285.0,187.0,471.0,80.0,7126
06075012301,1.0,1.0,4.0,34.0,2.0,22.0,4.0,0.0,1.0,75.0,0.0,111.0,1.0,0.0,0.0,0.0,0.0,65.0,68.0,0.0,6.0,39.0,1.0,8.0,0.0,0.0,0.0,8.0,936.0,198.0,59.0,216.0,9.0,1.0,36.0,233.0,0.0,1943.0,3.0,100.0,1049.0,759.0,105.0,43.0,263.0,51.0,32.0,7.0,297.0,189.0,145.0,400.0,72.0,7597
06075012302,0.0,0.0,7.0,19.0,3.0,9.0,0.0,0.0,0.0,36.0,0.0,71.0,0.0,0.0,0.0,0.0,0.0,25.0,17.0,0.0,1.0,2.0,0.0,5.0,0.0,0.0,0.0,7.0,466.0,150.0,33.0,90.0,7.0,0.0,35.0,152.0,0.0,1397.0,0.0,84.0,721.0,467.0,173.0,20.0,158.0,51.0,18.0,4.0,181.0,159.0,114.0,164.0,27.0,4873
06075012401,0.0,2.0,9.0,25.0,1.0,25.0,3.0,0.0,2.0,97.0,0.0,109.0,2.0,2.0,4.0,2.0,0.0,30.0,71.0,0.0,8.0,72.0,2.0,60.0,1.0,0.0,0.0,14.0,1275.0,148.0,108.0,2304.0,8.0,5.0,23.0,118.0,5.0,1089.0,13.0,178.0,1219.0,1539.0,2.0,73.0,398.0,53.0,48.0,8.0,457.0,237.0,108.0,902.0,153.0,11012
06075012402,7.0,3.0,20.0,32.0,1.0,27.0,4.0,0.0,2.0,112.0,0.0,193.0,0.0,1.0,3.0,1.0,0.0,160.0,144.0,0.0,7.0,70.0,4.0,86.0,0.0,1.0,0.0,19.0,1666.0,287.0,158.0,2132.0,6.0,6.0,137.0,271.0,4.0,4397.0,13.0,261.0,2100.0,2736.0,5.0,111.0,537.0,89.0,155.0,4.0,680.0,525.0,320.0,1721.0,259.0,19477
06075012501,3.0,8.0,2.0,83.0,0.0,22.0,0.0,1.0,3.0,143.0,0.0,107.0,0.0,6.0,2.0,0.0,2.0,90.0,90.0,0.0,6.0,56.0,0.0,27.0,1.0,0.0,0.0,38.0,1711.0,196.0,89.0,1261.0,5.0,1.0,144.0,295.0,3.0,2220.0,44.0,179.0,1834.0,1720.0,6.0,66.0,614.0,78.0,112.0,5.0,601.0,385.0,123.0,1165.0,257.0,13804
06075012502,0.0,3.0,10.0,27.0,2.0,23.0,2.0,0.0,0.0,62.0,0.0,58.0,0.0,3.0,0.0,0.0,0.0,79.0,62.0,0.0,30.0,55.0,0.0,28.0,0.0,1.0,0.0,9.0,948.0,69.0,71.0,497.0,3.0,4.0,28.0,85.0,2.0,656.0,7.0,329.0,1603.0,977.0,2.0,55.0,216.0,41.0,17.0,2.0,397.0,238.0,101.0,575.0,135.0,7512
06075012601,0.0,0.0,0.0,2.0,1.0,0.0,0.0,0.0,0.0,7.0,0.0,6.0,0.0,0.0,0.0,0.0,0.0,9.0,6.0,0.0,1.0,3.0,0.0,0.0,0.0,0.0,0.0,4.0,36.0,95.0,9.0,10.0,0.0,1.0,8.0,29.0,0.0,381.0,0.0,5.0,96.0,88.0,0.0,3.0,18.0,10.0,9.0,0.0,38.0,42.0,52.0,20.0,2.0,991
06075012602,0.0,0.0,1.0,5.0,0.0,1.0,0.0,0.0,0.0,7.0,0.0,14.0,0.0,0.0,0.0,0.0,0.0,9.0,13.0,0.0,1.0,4.0,0.0,2.0,0.0,0.0,0.0,1.0,79.0,136.0,7.0,21.0,0.0,0.0,6.0,50.0,0.0,879.0,1.0,16.0,244.0,229.0,0.0,14.0,39.0,4.0,12.0,1.0,56.0,111.0,98.0,62.0,5.0,2128
06075012700,1.0,1.0,2.0,2.0,1.0,4.0,1.0,0.0,0.0,15.0,0.0,9.0,0.0,0.0,0.0,0.0,0.0,19.0,11.0,0.0,1.0,2.0,0.0,1.0,0.0,0.0,0.0,5.0,50.0,122.0,1.0,14.0,1.0,0.0,8.0,56.0,0.0,1494.0,0.0,14.0,218.0,165.0,0.0,10.0,11.0,12.0,23.0,2.0,43.0,87.0,75.0,29.0,4.0,2514
06075012800,0.0,1.0,8.0,17.0,0.0,5.0,1.0,0.0,0.0,21.0,0.0,26.0,0.0,0.0,0.0,0.0,0.0,29.0,55.0,0.0,3.0,2.0,3.0,11.0,1.0,0.0,0.0,8.0,257.0,253.0,22.0,32.0,4.0,2.0,18.0,108.0,0.0,2159.0,3.0,54.0,465.0,464.0,6.0,29.0,62.0,22.0,23.0,1.0,116.0,198.0,156.0,118.0,20.0,4783
06075012901,0.0,1.0,4.0,2.0,0.0,4.0,0.0,0.0,0.0,7.0,0.0,6.0,0.0,0.0,0.0,0.0,1.0,7.0,16.0,0.0,2.0,2.0,1.0,0.0,0.0,0.0,0.0,3.0,57.0,95.0,3.0,20.0,1.0,0.0,5.0,30.0,0.0,455.0,0.0,11.0,141.0,150.0,1.0,8.0,23.0,3.0,7.0,2.0,35.0,87.0,74.0,28.0,5.0,1297
06075012902,0.0,0.0,6.0,9.0,1.0,1.0,1.0,0.0,0.0,25.0,0.0,17.0,0.0,0.0,0.0,0.0,0.0,17.0,20.0,0.0,0.0,3.0,1.0,1.0,0.0,0.0,0.0,7.0,148.0,174.0,11.0,30.0,4.0,0.0,13.0,61.0,0.0,824.0,1.0,38.0,242.0,268.0,0.0,13.0,41.0,15.0,22.0,2.0,61.0,112.0,98.0,49.0,20.0,2356
06075013000,0.0,0.0,3.0,15.0,0.0,4.0,0.0,0.0,0.0,13.0,0.0,15.0,0.0,0.0,0.0,0.0,0.0,24.0,34.0,0.0,2.0,8.0,0.0,4.0,0.0,3.0,0.0,3.0,200.0,267.0,12.0,26.0,10.0,0.0,27.0,99.0,0.0,1169.0,2.0,22.0,309.0,296.0,1.0,10.0,70.0,12.0,30.0,1.0,92.0,113.0,138.0,63.0,14.0,3111
06075013101,1.0,1.0,3.0,0.0,0.0,2.0,0.0,0.0,0.0,15.0,0.0,9.0,0.0,0.0,0.0,0.0,0.0,3.0,23.0,0.0,3.0,1.0,0.0,1.0,0.0,0.0,0.0,1.0,85.0,156.0,4.0,34.0,2.0,1.0,13.0,44.0,0.0,515.0,0.0,12.0,138.0,209.0,4.0,9.0,31.0,14.0,21.0,1.0,32.0,78.0,78.0,31.0,7.0,1582
06075013102,0.0,0.0,2.0,0.0,0.0,1.0,1.0,0.0,0.0,3.0,0.0,13.0,0.0,0.0,0.0,0.0,0.0,7.0,15.0,0.0,0.0,3.0,0.0,2.0,1.0,0.0,0.0,1.0,41.0,109.0,4.0,16.0,2.0,0.0,5.0,28.0,0.0,497.0,1.0,27.0,122.0,121.0,0.0,13.0,17.0,6.0,7.0,1.0,49.0,61.0,98.0,26.0,3.0,1303
06075013200,0.0,0.0,4.0,4.0,0.0,2.0,1.0,1.0,0.0,2.0,0.0,31.0,0.0,0.0,0.0,0.0,0.0,4.0,16.0,0.0,2.0,1.0,0.0,1.0,0.0,0.0,0.0,2.0,42.0,153.0,5.0,13.0,2.0,0.0,13.0,35.0,0.0,544.0,0.0,17.0,150.0,202.0,0.0,14.0,28.0,5.0,20.0,3.0,75.0,62.0,142.0,24.0,2.0,1622
06075013300,2.0,1.0,4.0,3.0,1.0,0.0,0.0,0.0,0.0,15.0,0.0,15.0,0.0,0.0,1.0,0.0,0.0,7.0,25.0,0.0,4.0,3.0,0.0,2.0,0.0,0.0,0.0,2.0,65.0,145.0,3.0,15.0,2.0,4.0,11.0,45.0,0.0,406.0,0.0,26.0,204.0,189.0,0.0,11.0,10.0,3.0,9.0,3.0,103.0,70.0,91.0,34.0,5.0,1539
06075013400,1.0,0.0,4.0,0.0,0.0,2.0,0.0,0.0,0.0,11.0,0.0,4.0,0.0,0.0,0.0,0.0,0.0,9.0,20.0,0.0,4.0,9.0,0.0,3.0,0.0,0.0,0.0,5.0,49.0,104.0,2.0,10.0,0.0,0.0,5.0,44.0,0.0,387.0,1.0,15.0,163.0,157.0,0.0,12.0,17.0,5.0,9.0,0.0,49.0,70.0,89.0,29.0,6.0,1295
06075013500,2.0,0.0,0.0,3.0,0.0,3.0,0.0,0.0,0.0,14.0,0.0,18.0,0.0,0.0,1.0,0.0,0.0,15.0,29.0,0.0,2.0,16.0,0.0,0.0,0.0,0.0,0.0,3.0,142.0,138.0,14.0,8.0,2.0,0.0,16.0,45.0,0.0,863.0,1.0,152.0,283.0,189.0,0.0,10.0,25.0,19.0,16.0,1.0,77.0,91.0,107.0,36.0,7.0,2348
06075015100,2.0,0.0,8.0,7.0,0.0,3.0,1.0,1.0,0.0,10.0,0.0,26.0,0.0,0.0,0.0,0.0,0.0,12.0,40.0,0.0,2.0,10.0,3.0,6.0,2.0,0.0,0.0,4.0,181.0,122.0,13.0,73.0,5.0,0.0,18.0,91.0,0.0,1778.0,0.0,53.0,305.0,354.0,0.0,19.0,71.0,15.0,34.0,1.0,79.0,160.0,123.0,129.0,24.0,3785
06075015200,0.0,1.0,2.0,2.0,3.0,1.0,0.0,0.0,0.0,14.0,0.0,22.0,0.0,0.0,0.0,0.0,1.0,14.0,42.0,0.0,1.0,5.0,0.0,5.0,0.0,0.0,0.0,4.0,168.0,217.0,7.0,34.0,2.0,1.0,11.0,62.0,0.0,1566.0,0.0,49.0,265.0,285.0,0.0,20.0,42.0,4.0,27.0,2.0,60.0,183.0,176.0,60.0,4.0,3362
06075015300,1.0,1.0,3.0,1.0,0.0,1.0,0.0,1.0,0.0,16.0,0.0,13.0,0.0,0.0,0.0,0.0,0.0,4.0,8.0,0.0,0.0,1.0,0.0,2.0,0.0,0.0,0.0,4.0,69.0,70.0,5.0,4.0,0.0,0.0,5.0,24.0,0.0,516.0,1.0,15.0,133.0,138.0,1.0,7.0,28.0,13.0,12.0,1.0,35.0,59.0,90.0,25.0,11.0,1318
06075015400,1.0,0.0,6.0,2.0,1.0,5.0,0.0,0.0,15.0,35.0,0.0,16.0,0.0,0.0,0.0,0.0,0.0,12.0,33.0,0.0,4.0,10.0,1.0,3.0,1.0,0.0,0.0,1.0,103.0,146.0,10.0,23.0,0.0,1.0,35.0,102.0,0.0,762.0,0.0,141.0,287.0,312.0,1.0,19.0,50.0,16.0,10.0,0.0,95.0,116.0,147.0,48.0,9.0,2579
06075015500,2.0,0.0,5.0,6.0,0.0,5.0,0.0,0.0,2.0,50.0,0.0,40.0,0.0,0.0,0.0,0.0,1.0,43.0,83.0,0.0,3.0,14.0,0.0,3.0,0.0,1.0,0.0,7.0,335.0,192.0,23.0,53.0,7.0,1.0,15.0,123.0,0.0,3053.0,3.0,89.0,464.0,424.0,7.0,27.0,93.0,12.0,28.0,1.0,127.0,225.0,113.0,86.0,36.0,5802
06075015600,0.0,0.0,5.0,1.0,0.0,1.0,0.0,0.0,0.0,17.0,0.0,7.0,0.0,0.0,0.0,0.0,0.0,10.0,12.0,0.0,1.0,16.0,0.0,0.0,1.0,0.0,0.0,2.0,68.0,89.0,3.0,18.0,1.0,2.0,4.0,44.0,0.0,495.0,1.0,24.0,155.0,164.0,0.0,12.0,18.0,9.0,9.0,0.0,61.0,62.0,82.0,43.0,12.0,1449
06075015700,0.0,1.0,13.0,4.0,5.0,8.0,1.0,0.0,3.0,49.0,0.0,28.0,1.0,0.0,0.0,0.0,0.0,18.0,47.0,0.0,13.0,11.0,2.0,5.0,1.0,0.0,0.0,5.0,239.0,234.0,26.0,50.0,15.0,1.0,23.0,114.0,0.0,1844.0,2.0,115.0,401.0,578.0,1.0,31.0,92.0,29.0,24.0,2.0,140.0,203.0,288.0,162.0,23.0,4852
06075015801,0.0,1.0,5.0,4.0,1.0,9.0,0.0,0.0,7.0,99.0,0.0,17.0,0.0,0.0,0.0,0.0,0.0,8.0,27.0,0.0,4.0,27.0,1.0,2.0,0.0,1.0,0.0,11.0,401.0,137.0,19.0,58.0,0.0,2.0,5.0,64.0,0.0,1135.0,1.0,211.0,315.0,437.0,2.0,17.0,111.0,22.0,16.0,2.0,128.0,235.0,140.0,109.0,56.0,3847
06075015802,0.0,1.0,4.0,6.0,0.0,1.0,0.0,0.0,0.0,15.0,0.0,13.0,0.0,0.0,1.0,0.0,0.0,4.0,23.0,0.0,0.0,12.0,0.0,0.0,0.0,0.0,0.0,1.0,93.0,120.0,2.0,12.0,0.0,0.0,6.0,30.0,0.0,651.0,2.0,154.0,170.0,214.0,0.0,16.0,37.0,3.0,9.0,1.0,62.0,97.0,156.0,42.0,15.0,1973
06075015900,4.0,1.0,2.0,7.0,2.0,6.0,0.0,0.0,2.0,64.0,0.0,35.0,0.0,0.0,1.0,0.0,0.0,36.0,43.0,0.0,9.0,15.0,3.0,7.0,0.0,1.0,0.0,13.0,447.0,203.0,24.0,85.0,3.0,4.0,42.0,154.0,0.0,3321.0,2.0,77.0,538.0,667.0,0.0,30.0,188.0,24.0,52.0,5.0,150.0,335.0,151.0,161.0,36.0,6950
06075016000,0.0,1.0,4.0,1.0,2.0,3.0,2.0,0.0,5.0,28.0,0.0,46.0,0.0,0.0,2.0,0.0,0.0,10.0,47.0,0.0,0.0,13.0,6.0,4.0,2.0,0.0,0.0,7.0,198.0,110.0,43.0,160.0,3.0,2.0,28.0,85.0,0.0,1537.0,2.0,33.0,279.0,456.0,0.0,28.0,61.0,14.0,35.0,2.0,93.0,194.0,125.0,163.0,34.0,3868
06075016100,1.0,5.0,13.0,13.0,2.0,26.0,1.0,0.0,13.0,109.0,0.0,33.0,0.0,0.0,2.0,0.0,0.0,29.0,71.0,1.0,16.0,47.0,1.0,13.0,0.0,0.0,0.0,13.0,691.0,121.0,26.0,138.0,2.0,2.0,13.0,118.0,2.0,1747.0,2.0,232.0,801.0,845.0,0.0,57.0,112.0,39.0,29.0,3.0,200.0,297.0,231.0,227.0,109.0,6453
06075016200,1.0,1.0,4.0,5.0,0.0,10.0,2.0,0.0,1.0,28.0,0.0,49.0,0.0,0.0,1.0,0.0,0.0,25.0,78.0,0.0,1.0,9.0,2.0,6.0,0.0,0.0,0.0,7.0,310.0,312.0,24.0,79.0,8.0,1.0,24.0,97.0,0.0,2610.0,1.0,88.0,461.0,493.0,1.0,24.0,108.0,13.0,32.0,1.0,121.0,287.0,215.0,132.0,33.0,5705
06075016300,0.0,0.0,10.0,3.0,0.0,3.0,2.0,0.0,0.0,32.0,0.0,26.0,0.0,0.0,1.0,0.0,0.0,20.0,45.0,0.0,3.0,27.0,0.0,8.0,1.0,1.0,0.0,6.0,194.0,131.0,12.0,22.0,3.0,6.0,22.0,72.0,0.0,954.0,2.0,75.0,302.0,333.0,1.0,22.0,48.0,12.0,11.0,2.0,68.0,134.0,218.0,51.0,31.0,2914
06075016400,0.0,1.0,2.0,6.0,1.0,0.0,0.0,0.0,2.0,28.0,0.0,14.0,0.0,0.0,0.0,0.0,0.0,26.0,29.0,0.0,5.0,7.0,0.0,4.0,0.0,0.0,0.0,4.0,172.0,141.0,10.0,35.0,1.0,1.0,16.0,67.0,0.0,1828.0,0.0,186.0,347.0,341.0,2.0,12.0,46.0,15.0,20.0,3.0,78.0,146.0,226.0,73.0,18.0,3913
06075016500,0.0,0.0,7.0,9.0,3.0,5.0,0.0,0.0,16.0,36.0,0.0,24.0,1.0,0.0,2.0,0.0,0.0,13.0,27.0,0.0,3.0,15.0,0.0,6.0,0.0,0.0,0.0,8.0,213.0,220.0,11.0,45.0,1.0,1.0,10.0,46.0,0.0,617.0,5.0,962.0,508.0,465.0,1.0,17.0,40.0,23.0,13.0,2.0,109.0,137.0,239.0,109.0,32.0,4001
06075016600,0.0,0.0,14.0,41.0,0.0,8.0,0.0,0.0,68.0,52.0,0.0,30.0,276.0,1.0,0.0,0.0,0.0,20.0,47.0,0.0,5.0,12.0,1.0,10.0,0.0,2.0,0.0,10.0,508.0,196.0,55.0,544.0,5.0,1.0,27.0,100.0,0.0,1295.0,28.0,405.0,1867.0,847.0,0.0,18.0,94.0,30.0,34.0,4.0,185.0,253.0,244.0,594.0,52.0,7983
06075016700,0.0,1.0,6.0,5.0,0.0,3.0,0.0,0.0,0.0,18.0,0.0,11.0,7.0,0.0,0.0,0.0,0.0,13.0,42.0,0.0,1.0,15.0,1.0,5.0,0.0,0.0,0.0,6.0,185.0,199.0,17.0,48.0,0.0,0.0,9.0,81.0,0.0,927.0,1.0,85.0,418.0,387.0,0.0,27.0,42.0,19.0,11.0,4.0,72.0,143.0,230.0,132.0,16.0,3187
06075016801,1.0,1.0,8.0,9.0,0.0,3.0,1.0,0.0,0.0,12.0,0.0,21.0,8.0,0.0,0.0,0.0,0.0,13.0,36.0,0.0,1.0,6.0,0.0,6.0,0.0,1.0,0.0,5.0,207.0,137.0,8.0,69.0,1.0,1.0,5.0,64.0,0.0,799.0,0.0,64.0,274.0,260.0,0.0,12.0,67.0,6.0,17.0,1.0,83.0,146.0,186.0,94.0,15.0,2648
06075016802,0.0,2.0,6.0,5.0,0.0,8.0,0.0,0.0,1.0,44.0,0.0,28.0,0.0,0.0,1.0,0.0,0.0,8.0,59.0,0.0,2.0,11.0,0.0,6.0,0.0,0.0,0.0,6.0,235.0,221.0,13.0,39.0,1.0,1.0,10.0,54.0,0.0,1217.0,1.0,73.0,288.0,300.0,1.0,32.0,57.0,9.0,22.0,2.0,82.0,222.0,188.0,102.0,17.0,3374
06075016900,2.0,1.0,9.0,14.0,2.0,2.0,0.0,0.0,0.0,18.0,0.0,55.0,16.0,0.0,1.0,0.0,0.0,20.0,46.0,0.0,0.0,4.0,3.0,3.0,0.0,0.0,0.0,7.0,368.0,205.0,16.0,126.0,7.0,0.0,19.0,122.0,0.0,1200.0,4.0,170.0,612.0,430.0,0.0,18.0,132.0,21.0,32.0,3.0,145.0,244.0,201.0,253.0,37.0,4568
06075017000,0.0,0.0,5.0,0.0,0.0,2.0,0.0,0.0,0.0,17.0,0.0,16.0,0.0,0.0,0.0,0.0,0.0,6.0,19.0,0.0,1.0,3.0,0.0,5.0,0.0,0.0,0.0,2.0,75.0,174.0,2.0,13.0,0.0,0.0,12.0,49.0,0.0,536.0,0.0,27.0,184.0,211.0,0.0,15.0,18.0,6.0,8.0,3.0,49.0,121.0,169.0,40.0,3.0,1791
06075017101,0.0,0.0,3.0,1.0,0.0,0.0,0.0,0.0,0.0,10.0,0.0,4.0,2.0,0.0,0.0,0.0,0.0,4.0,11.0,0.0,0.0,3.0,0.0,1.0,0.0,0.0,0.0,0.0,41.0,116.0,0.0,29.0,0.0,0.0,4.0,28.0,0.0,354.0,0.0,17.0,162.0,173.0,0.0,10.0,5.0,4.0,6.0,2.0,30.0,52.0,150.0,29.0,4.0,1255
06075017102,0.0,0.0,4.0,2.0,0.0,1.0,0.0,0.0,10.0,15.0,0.0,8.0,4.0,0.0,0.0,0.0,0.0,6.0,22.0,0.0,3.0,0.0,1.0,3.0,0.0,0.0,0.0,3.0,67.0,108.0,3.0,30.0,2.0,0.0,7.0,34.0,0.0,410.0,1.0,211.0,246.0,172.0,0.0,2.0,20.0,9.0,4.0,0.0,65.0,79.0,95.0,45.0,6.0,1698
06075017601,2.0,7.0,35.0,98.0,5.0,50.0,6.0,0.0,6.0,289.0,0.0,335.0,1.0,7.0,4.0,0.0,1.0,170.0,306.0,1.0,16.0,106.0,5.0,82.0,2.0,3.0,0.0,48.0,3377.0,977.0,186.0,2185.0,85.0,9.0,165.0,614.0,5.0,10194.0,25.0,541.0,3995.0,4192.0,9.0,200.0,1172.0,178.0,259.0,13.0,1192.0,1196.0,665.0,2474.0,453.0,35946
06075017700,1.0,7.0,38.0,33.0,2.0,33.0,9.0,0.0,2.0,78.0,0.0,341.0,4.0,0.0,3.0,0.0,0.0,75.0,157.0,1.0,7.0,41.0,4.0,73.0,0.0,1.0,0.0,34.0,1258.0,572.0,227.0,441.0,42.0,8.0,101.0,249.0,0.0,4427.0,8.0,121.0,1168.0,1883.0,13.0,91.0,374.0,60.0,145.0,0.0,460.0,676.0,696.0,841.0,209.0,15014
06075017801,0.0,1.0,1.0,8.0,0.0,7.0,0.0,0.0,0.0,24.0,0.0,32.0,0.0,0.0,2.0,0.0,1.0,24.0,53.0,1.0,2.0,11.0,1.0,13.0,1.0,2.0,0.0,2.0,264.0,179.0,6.0,40.0,10.0,0.0,18.0,70.0,0.0,2150.0,3.0,68.0,340.0,363.0,1.0,23.0,69.0,14.0,31.0,4.0,127.0,249.0,163.0,102.0,27.0,4507
06075017802,1.0,5.0,47.0,36.0,4.0,12.0,1.0,0.0,24.0,85.0,0.0,88.0,1.0,0.0,6.0,1.0,0.0,55.0,168.0,1.0,7.0,38.0,5.0,38.0,1.0,1.0,0.0,17.0,1006.0,601.0,61.0,329.0,11.0,1.0,33.0,151.0,0.0,4881.0,12.0,1196.0,1532.0,1622.0,5.0,130.0,197.0,49.0,95.0,5.0,481.0,751.0,559.0,457.0,88.0,14895
06075017902,0.0,0.0,3.0,2.0,0.0,2.0,0.0,0.0,7.0,18.0,0.0,21.0,0.0,0.0,1.0,0.0,0.0,14.0,34.0,0.0,3.0,12.0,0.0,2.0,1.0,0.0,0.0,4.0,162.0,106.0,19.0,6.0,0.0,4.0,4.0,22.0,0.0,401.0,1.0,133.0,161.0,141.0,0.0,28.0,34.0,9.0,6.0,1.0,76.0,88.0,88.0,19.0,16.0,1649
06075018000,4.0,13.0,56.0,62.0,5.0,31.0,4.0,0.0,17.0,274.0,0.0,203.0,2.0,3.0,1.0,2.0,10.0,93.0,180.0,0.0,152.0,53.0,7.0,28.0,5.0,4.0,0.0,48.0,1773.0,805.0,141.0,453.0,30.0,17.0,106.0,534.0,0.0,10861.0,12.0,555.0,3603.0,3361.0,23.0,221.0,397.0,389.0,140.0,6.0,827.0,1339.0,504.0,1299.0,263.0,28916
06075020100,7.0,7.0,41.0,75.0,5.0,37.0,8.0,0.0,4.0,218.0,0.0,167.0,3.0,2.0,2.0,3.0,0.0,103.0,184.0,0.0,5.0,77.0,5.0,117.0,1.0,0.0,0.0,39.0,2135.0,434.0,134.0,1149.0,12.0,10.0,102.0,381.0,5.0,3626.0,29.0,268.0,1847.0,2885.0,14.0,112.0,628.0,121.0,138.0,6.0,702.0,707.0,467.0,1286.0,286.0,18594
06075020200,2.0,4.0,13.0,37.0,1.0,11.0,3.0,0.0,2.0,52.0,0.0,35.0,2.0,0.0,2.0,1.0,0.0,38.0,81.0,0.0,5.0,19.0,1.0,22.0,0.0,3.0,0.0,16.0,534.0,234.0,26.0,123.0,9.0,2.0,51.0,111.0,1.0,1524.0,7.0,130.0,532.0,608.0,0.0,45.0,111.0,25.0,28.0,6.0,190.0,258.0,278.0,172.0,58.0,5413
06075020300,1.0,1.0,5.0,18.0,0.0,6.0,0.0,0.0,0.0,32.0,0.0,47.0,34.0,0.0,0.0,0.0,0.0,34.0,71.0,2.0,2.0,16.0,2.0,5.0,0.0,0.0,0.0,17.0,400.0,224.0,33.0,91.0,3.0,3.0,18.0,84.0,0.0,1111.0,2.0,67.0,558.0,497.0,1.0,22.0,83.0,22.0,27.0,0.0,152.0,225.0,221.0,205.0,54.0,4396
06075020401,0.0,1.0,2.0,3.0,0.0,0.0,0.0,0.0,0.0,10.0,0.0,10.0,0.0,0.0,0.0,0.0,0.0,6.0,17.0,0.0,3.0,0.0,0.0,3.0,0.0,0.0,0.0,2.0,64.0,100.0,5.0,12.0,0.0,1.0,4.0,30.0,0.0,319.0,0.0,8.0,108.0,111.0,0.0,15.0,16.0,3.0,6.0,0.0,39.0,58.0,116.0,25.0,1.0,1098
06075020402,2.0,0.0,1.0,0.0,0.0,1.0,0.0,0.0,0.0,12.0,0.0,6.0,0.0,0.0,0.0,0.0,0.0,5.0,32.0,0.0,1.0,8.0,1.0,4.0,0.0,0.0,0.0,2.0,73.0,101.0,3.0,8.0,0.0,0.0,10.0,37.0,0.0,675.0,0.0,17.0,167.0,198.0,0.0,16.0,14.0,3.0,9.0,2.0,50.0,74.0,124.0,31.0,3.0,1690
06075020500,0.0,1.0,6.0,30.0,0.0,7.0,0.0,0.0,0.0,32.0,1.0,43.0,53.0,0.0,1.0,0.0,0.0,35.0,34.0,0.0,4.0,9.0,2.0,6.0,0.0,0.0,2.0,11.0,380.0,131.0,20.0,76.0,1.0,2.0,11.0,117.0,0.0,883.0,1.0,39.0,645.0,421.0,0.0,14.0,82.0,22.0,19.0,1.0,135.0,136.0,132.0,161.0,20.0,3726
06075020600,1.0,1.0,19.0,29.0,2.0,13.0,2.0,0.0,0.0,75.0,0.0,59.0,51.0,0.0,1.0,0.0,0.0,83.0,99.0,1.0,3.0,28.0,1.0,13.0,0.0,1.0,0.0,25.0,670.0,286.0,55.0,198.0,4.0,1.0,27.0,149.0,0.0,1678.0,4.0,100.0,943.0,800.0,3.0,43.0,195.0,53.0,42.0,2.0,236.0,281.0,329.0,355.0,85.0,7046
06075020700,1.0,2.0,14.0,24.0,0.0,15.0,1.0,0.0,3.0,40.0,0.0,26.0,0.0,0.0,1.0,0.0,0.0,43.0,68.0,0.0,16.0,24.0,4.0,17.0,0.0,1.0,0.0,3.0,325.0,243.0,30.0,86.0,6.0,1.0,20.0,92.0,0.0,1210.0,7.0,179.0,991.0,667.0,1.0,30.0,58.0,43.0,31.0,2.0,212.0,177.0,233.0,169.0,43.0,5159
06075020800,2.0,6.0,37.0,40.0,2.0,22.0,3.0,0.0,2.0,71.0,0.0,30.0,3.0,0.0,2.0,0.0,5.0,59.0,97.0,0.0,5.0,40.0,5.0,98.0,0.0,0.0,0.0,20.0,1066.0,274.0,142.0,231.0,6.0,7.0,47.0,168.0,0.0,1783.0,18.0,156.0,785.0,1883.0,301.0,38.0,438.0,70.0,62.0,5.0,334.0,386.0,276.0,528.0,183.0,9736
06075020900,1.0,2.0,22.0,72.0,5.0,13.0,2.0,0.0,3.0,97.0,0.0,32.0,0.0,1.0,2.0,0.0,0.0,69.0,80.0,0.0,4.0,15.0,1.0,44.0,0.0,1.0,0.0,20.0,891.0,153.0,68.0,136.0,11.0,6.0,35.0,101.0,4.0,1064.0,19.0,334.0,753.0,1047.0,7.0,29.0,340.0,45.0,33.0,0.0,240.0,278.0,198.0,336.0,153.0,6767
06075021000,0.0,0.0,5.0,5.0,0.0,4.0,0.0,0.0,2.0,19.0,0.0,7.0,0.0,0.0,1.0,0.0,0.0,19.0,32.0,0.0,3.0,13.0,1.0,7.0,0.0,1.0,0.0,2.0,134.0,193.0,10.0,31.0,0.0,2.0,6.0,31.0,0.0,593.0,0.0,81.0,223.0,290.0,2.0,14.0,39.0,11.0,17.0,1.0,74.0,90.0,219.0,53.0,21.0,2256
06075021100,0.0,0.0,5.0,4.0,0.0,3.0,0.0,0.0,1.0,14.0,0.0,11.0,0.0,0.0,0.0,0.0,1.0,4.0,18.0,0.0,1.0,3.0,1.0,0.0,0.0,0.0,0.0,0.0,62.0,141.0,2.0,12.0,2.0,0.0,7.0,32.0,0.0,361.0,2.0,24.0,136.0,174.0,2.0,17.0,29.0,7.0,6.0,1.0,47.0,46.0,156.0,29.0,9.0,1370
06075021200,0.0,0.0,0.0,0.0,0.0,0.0,0.0,0.0,0.0,6.0,0.0,5.0,0.0,0.0,0.0,0.0,0.0,3.0,7.0,0.0,2.0,4.0,1.0,0.0,0.0,0.0,0.0,2.0,36.0,94.0,0.0,4.0,0.0,0.0,0.0,20.0,0.0,181.0,0.0,6.0,88.0,107.0,0.0,10.0,8.0,2.0,6.0,1.0,30.0,43.0,114.0,10.0,3.0,793
06075021300,0.0,0.0,2.0,0.0,0.0,0.0,0.0,0.0,0.0,7.0,0.0,0.0,0.0,0.0,0.0,0.0,0.0,3.0,12.0,0.0,1.0,4.0,0.0,2.0,0.0,0.0,0.0,0.0,35.0,79.0,1.0,1.0,0.0,0.0,0.0,13.0,0.0,142.0,0.0,4.0,61.0,61.0,0.0,9.0,3.0,2.0,0.0,2.0,16.0,26.0,65.0,7.0,3.0,561
06075021400,1.0,2.0,2.0,2.0,1.0,1.0,0.0,0.0,0.0,15.0,0.0,6.0,0.0,0.0,0.0,0.0,0.0,12.0,18.0,0.0,1.0,6.0,1.0,0.0,0.0,0.0,0.0,3.0,110.0,137.0,18.0,19.0,1.0,2.0,2.0,28.0,0.0,262.0,2.0,26.0,130.0,187.0,0.0,8.0,17.0,10.0,9.0,2.0,51.0,59.0,138.0,23.0,20.0,1332
06075021500,0.0,3.0,2.0,0.0,1.0,6.0,0.0,0.0,0.0,12.0,0.0,4.0,0.0,0.0,0.0,0.0,0.0,6.0,19.0,0.0,1.0,6.0,0.0,0.0,0.0,0.0,0.0,5.0,94.0,193.0,4.0,16.0,1.0,2.0,4.0,49.0,0.0,511.0,0.0,19.0,174.0,191.0,0.0,17.0,28.0,5.0,6.0,3.0,60.0,92.0,235.0,20.0,7.0,1796
06075021600,0.0,1.0,2.0,1.0,1.0,3.0,0.0,0.0,0.0,13.0,0.0,5.0,0.0,0.0,0.0,0.0,0.0,5.0,4.0,0.0,3.0,2.0,0.0,2.0,0.0,0.0,0.0,0.0,81.0,114.0,0.0,1.0,1.0,1.0,6.0,25.0,0.0,265.0,0.0,13.0,178.0,106.0,0.0,10.0,15.0,9.0,5.0,3.0,42.0,50.0,115.0,15.0,6.0,1103
06075021700,1.0,0.0,4.0,1.0,0.0,1.0,1.0,0.0,5.0,36.0,0.0,9.0,0.0,0.0,0.0,0.0,0.0,3.0,15.0,0.0,0.0,14.0,1.0,3.0,0.0,1.0,0.0,2.0,152.0,142.0,10.0,21.0,2.0,2.0,4.0,37.0,0.0,545.0,0.0,56.0,242.0,267.0,2.0,21.0,31.0,18.0,5.0,0.0,74.0,90.0,126.0,38.0,21.0,2003
06075021800,0.0,0.0,3.0,1.0,1.0,0.0,0.0,0.0,1.0,14.0,0.0,9.0,0.0,0.0,0.0,0.0,0.0,10.0,21.0,0.0,1.0,8.0,0.0,4.0,0.0,0.0,0.0,3.0,61.0,143.0,6.0,19.0,1.0,1.0,5.0,37.0,0.0,533.0,1.0,41.0,171.0,183.0,0.0,30.0,18.0,3.0,7.0,1.0,60.0,93.0,176.0,27.0,10.0,1703
06075022600,0.0,1.0,8.0,10.0,2.0,2.0,2.0,0.0,0.0,13.0,1.0,26.0,0.0,0.0,0.0,0.0,0.0,11.0,67.0,0.0,3.0,13.0,1.0,9.0,0.0,1.0,0.0,10.0,181.0,238.0,13.0,70.0,9.0,1.0,7.0,50.0,0.0,2096.0,1.0,35.0,300.0,431.0,0.0,20.0,43.0,12.0,21.0,1.0,113.0,418.0,230.0,104.0,24.0,4598
06075022702,0.0,0.0,0.0,0.0,0.0,0.0,0.0,0.0,0.0,11.0,0.0,7.0,0.0,0.0,0.0,0.0,0.0,3.0,32.0,0.0,0.0,0.0,0.0,2.0,0.0,1.0,0.0,2.0,55.0,136.0,3.0,12.0,3.0,0.0,5.0,31.0,0.0,820.0,0.0,11.0,107.0,132.0,1.0,12.0,20.0,3.0,11.0,0.0,46.0,114.0,120.0,20.0,9.0,1729
06075022704,0.0,0.0,4.0,4.0,0.0,1.0,0.0,0.0,0.0,8.0,0.0,23.0,0.0,0.0,1.0,0.0,0.0,9.0,36.0,0.0,2.0,9.0,0.0,4.0,0.0,1.0,0.0,5.0,89.0,150.0,7.0,30.0,0.0,0.0,10.0,49.0,0.0,779.0,1.0,26.0,188.0,235.0,1.0,32.0,46.0,6.0,13.0,0.0,76.0,125.0,232.0,59.0,9.0,2270
06075022801,1.0,3.0,21.0,13.0,1.0,11.0,1.0,0.0,2.0,61.0,0.0,108.0,2.0,2.0,1.0,0.0,5.0,16.0,66.0,0.0,6.0,25.0,3.0,76.0,0.0,0.0,0.0,15.0,528.0,272.0,112.0,134.0,2.0,4.0,15.0,82.0,0.0,1430.0,7.0,172.0,438.0,1172.0,365.0,64.0,151.0,39.0,48.0,1.0,214.0,303.0,452.0,389.0,111.0,6944
06075022802,0.0,3.0,13.0,40.0,0.0,5.0,3.0,0.0,44.0,14.0,0.0,272.0,0.0,0.0,3.0,1.0,0.0,19.0,44.0,1.0,2.0,45.0,6.0,7.0,1.0,0.0,0.0,17.0,598.0,102.0,90.0,262.0,2.0,52.0,22.0,66.0,0.0,539.0,9.0,881.0,1004.0,923.0,8.0,20.0,38.0,264.0,20.0,1.0,438.0,163.0,131.0,442.0,94.0,6709
06075022803,0.0,2.0,4.0,9.0,0.0,3.0,1.0,0.0,1.0,37.0,0.0,19.0,0.0,0.0,1.0,0.0,0.0,8.0,20.0,0.0,0.0,9.0,2.0,16.0,0.0,0.0,0.0,6.0,202.0,90.0,28.0,44.0,4.0,3.0,13.0,21.0,0.0,318.0,3.0,86.0,209.0,385.0,17.0,33.0,83.0,13.0,11.0,1.0,81.0,109.0,251.0,106.0,54.0,2303
06075022901,0.0,3.0,10.0,29.0,0.0,5.0,1.0,0.0,0.0,72.0,0.0,26.0,3.0,0.0,2.0,0.0,0.0,16.0,49.0,2.0,1.0,18.0,4.0,29.0,0.0,1.0,0.0,6.0,485.0,97.0,41.0,108.0,0.0,2.0,9.0,58.0,0.0,367.0,5.0,91.0,252.0,583.0,2.0,26.0,142.0,23.0,20.0,6.0,150.0,144.0,221.0,189.0,78.0,3376
06075022902,0.0,2.0,6.0,11.0,2.0,2.0,1.0,0.0,1.0,34.0,0.0,5.0,0.0,0.0,0.0,0.0,0.0,8.0,25.0,0.0,1.0,8.0,0.0,8.0,0.0,0.0,0.0,6.0,153.0,44.0,3.0,12.0,0.0,2.0,5.0,46.0,0.0,189.0,1.0,64.0,111.0,220.0,1.0,14.0,46.0,10.0,4.0,0.0,57.0,70.0,127.0,60.0,36.0,1395
06075022903,0.0,2.0,13.0,14.0,1.0,11.0,5.0,0.0,2.0,42.0,0.0,16.0,1.0,2.0,3.0,0.0,0.0,18.0,66.0,0.0,1.0,27.0,0.0,13.0,0.0,0.0,0.0,7.0,402.0,82.0,29.0,75.0,1.0,6.0,4.0,30.0,0.0,402.0,3.0,80.0,266.0,398.0,5.0,48.0,103.0,26.0,18.0,1.0,129.0,165.0,196.0,127.0,43.0,2883
06075023001,0.0,2.0,5.0,3.0,1.0,7.0,0.0,0.0,2.0,40.0,0.0,8.0,0.0,1.0,0.0,0.0,0.0,5.0,38.0,0.0,5.0,14.0,0.0,4.0,2.0,1.0,0.0,17.0,287.0,118.0,17.0,27.0,6.0,1.0,4.0,35.0,0.0,344.0,2.0,63.0,219.0,504.0,1.0,73.0,64.0,16.0,10.0,1.0,99.0,136.0,264.0,67.0,53.0,2566
06075023003,0.0,1.0,9.0,3.0,3.0,9.0,0.0,0.0,4.0,49.0,0.0,16.0,0.0,0.0,0.0,0.0,0.0,9.0,18.0,0.0,2.0,13.0,1.0,0.0,1.0,0.0,0.0,5.0,277.0,61.0,10.0,44.0,3.0,0.0,6.0,22.0,1.0,225.0,1.0,111.0,208.0,460.0,0.0,27.0,57.0,9.0,12.0,3.0,103.0,98.0,210.0,81.0,48.0,2220
06075023102,0.0,5.0,4.0,3.0,0.0,20.0,0.0,0.0,5.0,120.0,0.0,14.0,0.0,1.0,0.0,0.0,0.0,6.0,66.0,0.0,1.0,24.0,5.0,8.0,2.0,0.0,0.0,14.0,597.0,95.0,25.0,58.0,0.0,13.0,11.0,50.0,1.0,281.0,0.0,157.0,242.0,582.0,2.0,53.0,58.0,21.0,16.0,2.0,151.0,209.0,212.0,123.0,140.0,3397
06075023103,0.0,7.0,1.0,5.0,0.0,30.0,0.0,1.0,10.0,185.0,0.0,37.0,0.0,0.0,2.0,1.0,0.0,3.0,66.0,0.0,4.0,25.0,1.0,6.0,3.0,0.0,0.0,28.0,841.0,148.0,41.0,58.0,3.0,11.0,6.0,51.0,2.0,329.0,2.0,203.0,342.0,533.0,0.0,76.0,85.0,38.0,16.0,1.0,233.0,395.0,161.0,235.0,210.0,4435
06075023200,1.0,11.0,13.0,12.0,2.0,20.0,1.0,0.0,10.0,131.0,0.0,40.0,0.0,0.0,5.0,0.0,1.0,13.0,73.0,2.0,2.0,57.0,3.0,16.0,2.0,0.0,0.0,24.0,904.0,202.0,42.0,160.0,1.0,11.0,17.0,52.0,3.0,505.0,5.0,177.0,482.0,1147.0,1.0,140.0,183.0,36.0,37.0,0.0,259.0,285.0,499.0,284.0,160.0,6031
06075023300,0.0,6.0,5.0,3.0,3.0,30.0,0.0,0.0,2.0,66.0,0.0,22.0,0.0,0.0,1.0,0.0,0.0,19.0,28.0,0.0,10.0,23.0,1.0,4.0,0.0,0.0,0.0,3.0,378.0,119.0,22.0,35.0,17.0,5.0,10.0,49.0,0.0,452.0,0.0,122.0,537.0,580.0,1.0,52.0,93.0,14.0,14.0,1.0,139.0,152.0,249.0,111.0,58.0,3436
06075023400,1.0,8.0,4.0,9.0,2.0,20.0,0.0,0.0,2.0,90.0,0.0,17.0,0.0,0.0,3.0,0.0,0.0,18.0,74.0,0.0,2.0,40.0,3.0,3.0,1.0,0.0,0.0,44.0,694.0,135.0,29.0,62.0,6.0,5.0,4.0,36.0,0.0,367.0,2.0,168.0,353.0,807.0,1.0,121.0,102.0,25.0,15.0,0.0,208.0,259.0,221.0,221.0,148.0,4330
06075025100,0.0,0.0,4.0,5.0,1.0,7.0,1.0,0.0,0.0,18.0,0.0,24.0,0.0,0.0,2.0,0.0,0.0,3.0,39.0,0.0,1.0,5.0,2.0,3.0,0.0,0.0,0.0,8.0,196.0,168.0,21.0,45.0,5.0,1.0,6.0,28.0,0.0,401.0,1.0,60.0,210.0,306.0,0.0,44.0,51.0,3.0,11.0,0.0,83.0,83.0,236.0,72.0,36.0,2190
06075025200,0.0,0.0,4.0,5.0,1.0,11.0,0.0,0.0,1.0,38.0,0.0,14.0,0.0,1.0,0.0,1.0,0.0,6.0,35.0,0.0,0.0,1.0,8.0,20.0,1.0,0.0,0.0,2.0,161.0,154.0,13.0,37.0,1.0,2.0,6.0,57.0,0.0,664.0,3.0,98.0,248.0,377.0,0.0,42.0,38.0,9.0,12.0,3.0,83.0,166.0,339.0,63.0,17.0,2742
06075025300,0.0,3.0,25.0,19.0,0.0,11.0,0.0,0.0,3.0,36.0,1.0,28.0,0.0,2.0,0.0,0.0,1.0,25.0,52.0,0.0,0.0,7.0,2.0,22.0,0.0,0.0,0.0,9.0,535.0,142.0,22.0,69.0,4.0,2.0,18.0,78.0,1.0,810.0,10.0,230.0,468.0,719.0,2.0,35.0,160.0,26.0,22.0,0.0,154.0,225.0,272.0,195.0,61.0,4506
06075025401,0.0,1.0,2.0,3.0,1.0,8.0,0.0,0.0,2.0,31.0,0.0,7.0,0.0,0.0,0.0,0.0,0.0,7.0,20.0,0.0,1.0,13.0,0.0,7.0,0.0,0.0,0.0,1.0,220.0,77.0,12.0,42.0,0.0,1.0,5.0,26.0,0.0,311.0,0.0,96.0,184.0,260.0,0.0,18.0,62.0,18.0,13.0,2.0,78.0,86.0,152.0,61.0,50.0,1878
06075025402,0.0,0.0,1.0,1.0,0.0,2.0,0.0,0.0,1.0,19.0,0.0,7.0,0.0,0.0,0.0,0.0,0.0,2.0,11.0,0.0,0.0,12.0,1.0,3.0,0.0,0.0,0.0,3.0,124.0,47.0,2.0,20.0,1.0,0.0,3.0,20.0,0.0,208.0,0.0,41.0,112.0,161.0,0.0,18.0,31.0,4.0,4.0,0.0,44.0,55.0,152.0,28.0,8.0,1146
06075025403,0.0,0.0,6.0,0.0,0.0,7.0,0.0,0.0,1.0,45.0,0.0,12.0,0.0,0.0,4.0,0.0,0.0,7.0,17.0,0.0,3.0,19.0,0.0,5.0,1.0,0.0,0.0,8.0,294.0,105.0,5.0,29.0,1.0,3.0,6.0,27.0,0.0,266.0,2.0,44.0,220.0,312.0,0.0,35.0,71.0,20.0,15.0,1.0,82.0,131.0,176.0,79.0,35.0,2094
06075025500,0.0,2.0,18.0,14.0,0.0,12.0,0.0,0.0,2.0,59.0,0.0,22.0,0.0,0.0,3.0,0.0,0.0,23.0,35.0,0.0,21.0,22.0,2.0,24.0,1.0,1.0,0.0,12.0,405.0,165.0,11.0,112.0,1.0,1.0,32.0,84.0,8.0,662.0,5.0,137.0,563.0,968.0,1.0,48.0,136.0,43.0,33.0,4.0,189.0,217.0,402.0,186.0,72.0,4758
06075025600,0.0,1.0,3.0,2.0,2.0,6.0,0.0,0.0,0.0,15.0,0.0,4.0,0.0,0.0,2.0,0.0,0.0,8.0,23.0,0.0,1.0,9.0,3.0,11.0,0.0,0.0,0.0,1.0,158.0,87.0,9.0,42.0,0.0,1.0,3.0,30.0,0.0,282.0,0.0,48.0,166.0,260.0,0.0,31.0,63.0,8.0,20.0,0.0,46.0,89.0,206.0,41.0,27.0,1708
06075025701,0.0,1.0,10.0,5.0,1.0,5.0,0.0,0.0,4.0,32.0,0.0,7.0,0.0,0.0,1.0,0.0,0.0,10.0,30.0,0.0,4.0,13.0,3.0,8.0,0.0,0.0,0.0,1.0,173.0,68.0,5.0,22.0,1.0,5.0,10.0,35.0,0.0,314.0,2.0,63.0,176.0,319.0,2.0,21.0,89.0,9.0,8.0,0.0,69.0,104.0,204.0,32.0,24.0,1890
06075025702,2.0,1.0,8.0,7.0,0.0,12.0,0.0,0.0,1.0,44.0,0.0,9.0,0.0,0.0,0.0,0.0,0.0,15.0,51.0,0.0,2.0,12.0,4.0,11.0,0.0,0.0,0.0,8.0,364.0,123.0,11.0,54.0,1.0,1.0,11.0,59.0,1.0,686.0,1.0,59.0,211.0,525.0,2.0,46.0,179.0,14.0,26.0,2.0,130.0,169.0,212.0,118.0,56.0,3248
06075025800,0.0,0.0,4.0,5.0,1.0,2.0,0.0,0.0,2.0,17.0,0.0,3.0,0.0,1.0,0.0,0.0,0.0,4.0,9.0,0.0,2.0,6.0,1.0,2.0,0.0,0.0,0.0,3.0,114.0,32.0,3.0,13.0,0.0,1.0,9.0,13.0,0.0,122.0,0.0,44.0,113.0,140.0,1.0,15.0,51.0,10.0,5.0,0.0,50.0,49.0,103.0,32.0,12.0,994
06075025900,0.0,4.0,0.0,3.0,1.0,9.0,0.0,0.0,3.0,29.0,0.0,1.0,0.0,0.0,1.0,0.0,0.0,3.0,21.0,0.0,1.0,8.0,2.0,3.0,0.0,0.0,0.0,4.0,169.0,98.0,9.0,22.0,2.0,1.0,2.0,19.0,0.0,278.0,0.0,89.0,192.0,173.0,0.0,28.0,47.0,10.0,6.0,0.0,67.0,105.0,184.0,25.0,20.0,1639
06075026001,1.0,4.0,7.0,12.0,3.0,15.0,0.0,0.0,21.0,64.0,0.0,11.0,0.0,0.0,0.0,0.0,0.0,3.0,26.0,3.0,5.0,18.0,1.0,17.0,0.0,0.0,0.0,9.0,425.0,82.0,28.0,72.0,3.0,4.0,10.0,44.0,2.0,259.0,4.0,540.0,237.0,557.0,5.0,34.0,134.0,26.0,23.0,4.0,117.0,122.0,238.0,146.0,44.0,3380
06075026002,0.0,2.0,3.0,0.0,0.0,2.0,0.0,0.0,1.0,26.0,0.0,7.0,0.0,0.0,0.0,0.0,1.0,1.0,12.0,0.0,4.0,11.0,1.0,6.0,1.0,0.0,0.0,4.0,132.0,58.0,2.0,14.0,2.0,4.0,2.0,17.0,0.0,144.0,0.0,91.0,120.0,175.0,1.0,16.0,39.0,26.0,8.0,1.0,41.0,60.0,152.0,22.0,13.0,1222
06075026003,1.0,1.0,2.0,1.0,0.0,7.0,0.0,0.0,1.0,40.0,0.0,5.0,0.0,0.0,0.0,0.0,0.0,3.0,12.0,0.0,4.0,8.0,1.0,5.0,0.0,0.0,0.0,5.0,157.0,54.0,8.0,33.0,1.0,1.0,5.0,24.0,0.0,135.0,3.0,58.0,146.0,256.0,0.0,22.0,31.0,18.0,7.0,2.0,52.0,60.0,156.0,48.0,21.0,1394
06075026004,0.0,3.0,2.0,1.0,0.0,2.0,0.0,0.0,0.0,23.0,0.0,3.0,0.0,0.0,0.0,0.0,0.0,8.0,14.0,1.0,1.0,11.0,0.0,9.0,0.0,0.0,0.0,0.0,137.0,49.0,13.0,31.0,0.0,1.0,15.0,25.0,1.0,160.0,0.0,40.0,130.0,244.0,1.0,14.0,49.0,6.0,13.0,1.0,54.0,74.0,159.0,49.0,16.0,1360
06075026100,2.0,2.0,9.0,4.0,3.0,12.0,1.0,1.0,4.0,79.0,0.0,18.0,0.0,0.0,0.0,0.0,0.0,36.0,32.0,0.0,5.0,16.0,1.0,28.0,5.0,0.0,0.0,10.0,496.0,140.0,22.0,67.0,3.0,4.0,19.0,56.0,5.0,574.0,0.0,140.0,370.0,759.0,1.0,42.0,184.0,20.0,28.0,5.0,173.0,205.0,285.0,146.0,57.0,4069
06075026200,0.0,1.0,3.0,0.0,0.0,15.0,0.0,0.0,2.0,32.0,0.0,10.0,0.0,0.0,1.0,0.0,0.0,9.0,35.0,0.0,4.0,16.0,2.0,9.0,0.0,1.0,0.0,7.0,290.0,89.0,18.0,40.0,4.0,2.0,8.0,44.0,4.0,280.0,0.0,175.0,224.0,329.0,0.0,25.0,78.0,15.0,9.0,2.0,84.0,123.0,195.0,60.0,32.0,2277
06075026301,3.0,1.0,5.0,7.0,2.0,8.0,0.0,0.0,2.0,34.0,0.0,7.0,0.0,1.0,0.0,0.0,0.0,15.0,30.0,0.0,3.0,18.0,1.0,13.0,1.0,0.0,0.0,3.0,294.0,66.0,12.0,64.0,1.0,2.0,22.0,41.0,3.0,233.0,1.0,80.0,196.0,489.0,3.0,20.0,106.0,20.0,14.0,4.0,91.0,117.0,132.0,105.0,38.0,2308
06075026302,0.0,0.0,6.0,1.0,1.0,10.0,1.0,0.0,2.0,31.0,0.0,1.0,0.0,0.0,1.0,0.0,0.0,10.0,19.0,0.0,1.0,7.0,0.0,11.0,1.0,0.0,0.0,4.0,223.0,55.0,6.0,28.0,1.0,2.0,4.0,21.0,0.0,220.0,2.0,49.0,150.0,220.0,8.0,10.0,60.0,13.0,5.0,1.0,64.0,72.0,98.0,50.0,28.0,1497
06075026303,0.0,1.0,2.0,1.0,1.0,3.0,0.0,0.0,4.0,18.0,0.0,5.0,0.0,0.0,0.0,0.0,0.0,3.0,7.0,0.0,1.0,1.0,0.0,0.0,0.0,0.0,0.0,2.0,125.0,38.0,0.0,7.0,2.0,0.0,4.0,17.0,0.0,102.0,0.0,64.0,99.0,126.0,0.0,8.0,21.0,13.0,2.0,0.0,38.0,42.0,103.0,12.0,9.0,881
06075026401,0.0,0.0,1.0,2.0,1.0,11.0,0.0,0.0,1.0,29.0,0.0,5.0,0.0,0.0,0.0,0.0,0.0,4.0,32.0,0.0,2.0,16.0,1.0,3.0,0.0,0.0,0.0,4.0,178.0,59.0,9.0,12.0,2.0,3.0,4.0,19.0,0.0,199.0,0.0,77.0,150.0,231.0,0.0,20.0,60.0,9.0,3.0,3.0,48.0,90.0,113.0,51.0,20.0,1472
06075026402,0.0,1.0,6.0,1.0,0.0,4.0,0.0,0.0,0.0,25.0,0.0,7.0,0.0,0.0,1.0,0.0,0.0,6.0,15.0,0.0,4.0,12.0,1.0,1.0,0.0,0.0,0.0,4.0,114.0,83.0,3.0,18.0,0.0,2.0,4.0,28.0,0.0,194.0,0.0,39.0,117.0,160.0,0.0,14.0,29.0,10.0,6.0,0.0,33.0,78.0,150.0,20.0,18.0,1208
06075026403,0.0,0.0,5.0,0.0,1.0,6.0,0.0,0.0,1.0,30.0,0.0,7.0,0.0,0.0,1.0,0.0,0.0,9.0,24.0,0.0,1.0,30.0,1.0,6.0,0.0,0.0,0.0,0.0,250.0,66.0,7.0,31.0,3.0,3.0,7.0,26.0,0.0,228.0,1.0,40.0,170.0,223.0,2.0,21.0,86.0,10.0,5.0,1.0,53.0,116.0,110.0,45.0,32.0,1658
06075026404,0.0,2.0,0.0,0.0,0.0,2.0,0.0,0.0,0.0,22.0,0.0,3.0,0.0,1.0,1.0,0.0,0.0,3.0,14.0,0.0,0.0,5.0,0.0,1.0,0.0,0.0,0.0,2.0,116.0,24.0,1.0,3.0,0.0,2.0,2.0,9.0,0.0,98.0,0.0,37.0,72.0,113.0,0.0,5.0,33.0,7.0,3.0,0.0,33.0,68.0,48.0,27.0,21.0,778
06075030101,0.0,0.0,7.0,3.0,0.0,1.0,1.0,0.0,0.0,19.0,0.0,29.0,0.0,0.0,1.0,0.0,0.0,11.0,19.0,0.0,1.0,10.0,0.0,8.0,0.0,0.0,0.0,6.0,94.0,106.0,12.0,31.0,2.0,0.0,5.0,46.0,0.0,336.0,0.0,67.0,204.0,292.0,0.0,8.0,8.0,6.0,9.0,2.0,41.0,67.0,109.0,37.0,11.0,1609
06075030102,0.0,0.0,4.0,1.0,0.0,1.0,0.0,0.0,0.0,9.0,0.0,31.0,0.0,0.0,0.0,0.0,0.0,10.0,11.0,0.0,1.0,6.0,1.0,10.0,0.0,2.0,0.0,1.0,145.0,119.0,6.0,25.0,1.0,0.0,8.0,47.0,0.0,430.0,1.0,41.0,204.0,211.0,0.0,12.0,10.0,6.0,6.0,0.0,59.0,65.0,107.0,30.0,11.0,1632
06075030201,1.0,0.0,3.0,8.0,0.0,1.0,0.0,0.0,0.0,18.0,0.0,15.0,0.0,0.0,2.0,0.0,0.0,5.0,11.0,0.0,1.0,7.0,0.0,0.0,0.0,0.0,0.0,1.0,69.0,70.0,5.0,8.0,4.0,1.0,3.0,34.0,0.0,423.0,1.0,36.0,167.0,220.0,0.0,8.0,15.0,9.0,5.0,1.0,61.0,61.0,78.0,46.0,8.0,1406
06075030202,0.0,1.0,8.0,10.0,0.0,5.0,0.0,0.0,0.0,24.0,0.0,15.0,0.0,0.0,0.0,0.0,0.0,19.0,30.0,0.0,2.0,3.0,4.0,5.0,0.0,1.0,0.0,4.0,151.0,118.0,14.0,18.0,0.0,0.0,10.0,60.0,0.0,721.0,1.0,312.0,321.0,266.0,1.0,11.0,42.0,14.0,10.0,0.0,62.0,83.0,75.0,60.0,7.0,2488
06075030301,0.0,0.0,6.0,1.0,0.0,5.0,0.0,0.0,0.0,12.0,0.0,3.0,0.0,0.0,1.0,0.0,0.0,4.0,6.0,0.0,1.0,4.0,0.0,1.0,0.0,0.0,0.0,2.0,80.0,108.0,7.0,7.0,2.0,0.0,4.0,34.0,0.0,400.0,1.0,37.0,158.0,192.0,0.0,16.0,10.0,0.0,2.0,1.0,45.0,59.0,126.0,18.0,4.0,1357
06075030302,0.0,3.0,3.0,1.0,0.0,0.0,0.0,0.0,0.0,10.0,0.0,5.0,0.0,0.0,0.0,0.0,0.0,3.0,6.0,0.0,1.0,2.0,1.0,4.0,0.0,0.0,0.0,1.0,60.0,89.0,4.0,14.0,2.0,0.0,3.0,20.0,0.0,264.0,1.0,12.0,110.0,146.0,0.0,13.0,7.0,1.0,3.0,0.0,48.0,38.0,81.0,11.0,9.0,976
06075030400,0.0,1.0,6.0,5.0,1.0,0.0,0.0,0.0,4.0,33.0,0.0,21.0,0.0,0.0,0.0,1.0,0.0,11.0,28.0,0.0,3.0,7.0,0.0,3.0,0.0,1.0,1.0,1.0,117.0,135.0,11.0,18.0,0.0,0.0,6.0,49.0,0.0,436.0,1.0,84.0,192.0,230.0,2.0,18.0,25.0,10.0,9.0,2.0,70.0,77.0,89.0,36.0,11.0,1755
06075030500,0.0,1.0,4.0,4.0,1.0,2.0,0.0,0.0,2.0,15.0,0.0,3.0,0.0,0.0,0.0,0.0,0.0,2.0,7.0,0.0,1.0,5.0,1.0,6.0,0.0,0.0,0.0,0.0,117.0,63.0,9.0,43.0,2.0,0.0,6.0,37.0,0.0,205.0,0.0,99.0,158.0,130.0,1.0,2.0,9.0,10.0,4.0,1.0,51.0,34.0,34.0,15.0,6.0,1090
06075030600,0.0,0.0,3.0,0.0,0.0,0.0,0.0,0.0,0.0,7.0,0.0,5.0,0.0,0.0,0.0,0.0,0.0,3.0,4.0,0.0,0.0,1.0,0.0,1.0,0.0,0.0,0.0,0.0,31.0,47.0,1.0,13.0,0.0,0.0,2.0,27.0,0.0,241.0,1.0,16.0,76.0,100.0,0.0,4.0,13.0,0.0,3.0,0.0,20.0,33.0,37.0,14.0,6.0,709
06075030700,1.0,0.0,2.0,3.0,1.0,3.0,0.0,0.0,0.0,16.0,0.0,20.0,0.0,1.0,0.0,0.0,0.0,3.0,9.0,0.0,2.0,11.0,0.0,4.0,0.0,0.0,0.0,1.0,76.0,158.0,6.0,20.0,1.0,2.0,10.0,61.0,0.0,364.0,0.0,30.0,177.0,179.0,3.0,22.0,8.0,7.0,8.0,1.0,60.0,53.0,152.0,18.0,12.0,1505
06075030800,2.0,1.0,14.0,9.0,2.0,2.0,1.0,0.0,1.0,33.0,0.0,22.0,0.0,0.0,2.0,0.0,0.0,25.0,28.0,2.0,5.0,9.0,2.0,5.0,0.0,0.0,0.0,5.0,147.0,187.0,14.0,24.0,2.0,0.0,14.0,97.0,0.0,777.0,0.0,36.0,376.0,406.0,0.0,11.0,52.0,20.0,21.0,1.0,102.0,102.0,124.0,48.0,12.0,2743
06075030900,0.0,1.0,23.0,9.0,2.0,5.0,0.0,0.0,0.0,72.0,0.0,27.0,0.0,0.0,0.0,1.0,0.0,14.0,33.0,0.0,4.0,8.0,3.0,17.0,0.0,0.0,0.0,5.0,188.0,254.0,13.0,49.0,2.0,1.0,13.0,79.0,2.0,739.0,4.0,56.0,291.0,694.0,3.0,31.0,57.0,8.0,15.0,2.0,110.0,155.0,180.0,59.0,28.0,3257
06075031000,0.0,0.0,1.0,4.0,0.0,1.0,1.0,0.0,1.0,28.0,0.0,13.0,0.0,0.0,0.0,0.0,0.0,7.0,20.0,0.0,2.0,13.0,1.0,3.0,0.0,0.0,0.0,3.0,134.0,122.0,8.0,13.0,2.0,0.0,7.0,65.0,0.0,607.0,0.0,25.0,163.0,215.0,9.0,12.0,32.0,13.0,9.0,3.0,80.0,70.0,85.0,33.0,12.0,1817
06075031100,0.0,2.0,6.0,2.0,1.0,7.0,4.0,1.0,2.0,29.0,0.0,20.0,0.0,0.0,2.0,0.0,0.0,9.0,35.0,0.0,1.0,6.0,3.0,14.0,1.0,0.0,0.0,2.0,239.0,133.0,13.0,74.0,1.0,4.0,11.0,55.0,0.0,757.0,3.0,68.0,326.0,545.0,1.0,22.0,59.0,20.0,13.0,2.0,114.0,124.0,234.0,75.0,33.0,3073
06075031201,2.0,1.0,6.0,8.0,2.0,10.0,0.0,0.0,3.0,54.0,0.0,20.0,0.0,0.0,2.0,0.0,0.0,12.0,23.0,0.0,4.0,18.0,0.0,6.0,0.0,1.0,0.0,4.0,288.0,118.0,10.0,33.0,2.0,3.0,12.0,69.0,0.0,454.0,3.0,74.0,276.0,408.0,15.0,26.0,74.0,13.0,10.0,2.0,87.0,149.0,152.0,88.0,34.0,2576
06075031202,0.0,0.0,3.0,2.0,0.0,3.0,0.0,0.0,5.0,14.0,0.0,2.0,0.0,0.0,0.0,0.0,0.0,3.0,14.0,0.0,0.0,7.0,0.0,3.0,0.0,0.0,0.0,2.0,73.0,46.0,3.0,8.0,0.0,1.0,3.0,7.0,0.0,135.0,0.0,37.0,98.0,143.0,0.0,9.0,30.0,3.0,5.0,2.0,32.0,57.0,69.0,18.0,7.0,844
06075031301,0.0,1.0,3.0,3.0,4.0,2.0,0.0,0.0,2.0,27.0,0.0,14.0,0.0,0.0,0.0,0.0,0.0,2.0,15.0,0.0,0.0,9.0,1.0,2.0,0.0,0.0,0.0,1.0,128.0,88.0,3.0,11.0,2.0,2.0,5.0,23.0,0.0,209.0,1.0,45.0,183.0,203.0,1.0,13.0,22.0,6.0,2.0,1.0,46.0,61.0,102.0,22.0,10.0,1275
06075031302,1.0,1.0,4.0,4.0,1.0,7.0,0.0,0.0,6.0,35.0,0.0,10.0,0.0,0.0,0.0,0.0,0.0,10.0,27.0,0.0,2.0,11.0,1.0,8.0,0.0,0.0,0.0,9.0,216.0,97.0,5.0,28.0,3.0,3.0,3.0,55.0,0.0,315.0,0.0,72.0,201.0,312.0,0.0,31.0,38.0,13.0,12.0,1.0,79.0,84.0,114.0,64.0,30.0,1913
06075031400,1.0,2.0,4.0,2.0,1.0,11.0,1.0,0.0,25.0,62.0,0.0,19.0,0.0,0.0,1.0,0.0,0.0,12.0,27.0,0.0,1.0,13.0,1.0,5.0,0.0,0.0,0.0,15.0,345.0,107.0,11.0,20.0,1.0,5.0,8.0,47.0,0.0,290.0,1.0,165.0,272.0,399.0,0.0,20.0,44.0,23.0,3.0,1.0,91.0,139.0,194.0,85.0,29.0,2503
06075032601,1.0,0.0,13.0,10.0,1.0,4.0,0.0,0.0,0.0,21.0,0.0,16.0,0.0,0.0,2.0,0.0,5.0,27.0,36.0,0.0,1.0,8.0,1.0,6.0,0.0,1.0,0.0,5.0,116.0,107.0,13.0,17.0,1.0,1.0,12.0,56.0,0.0,434.0,2.0,34.0,272.0,257.0,15.0,12.0,37.0,17.0,7.0,0.0,70.0,127.0,75.0,52.0,25.0,1917
06075032602,0.0,0.0,3.0,1.0,1.0,2.0,0.0,0.0,0.0,10.0,0.0,5.0,0.0,0.0,0.0,0.0,0.0,10.0,13.0,0.0,0.0,12.0,0.0,1.0,0.0,0.0,0.0,2.0,60.0,54.0,4.0,4.0,1.0,1.0,7.0,29.0,0.0,199.0,0.0,40.0,134.0,128.0,12.0,8.0,12.0,10.0,2.0,1.0,36.0,50.0,84.0,8.0,9.0,953
06075032700,0.0,0.0,2.0,0.0,1.0,0.0,0.0,0.0,1.0,20.0,0.0,8.0,0.0,0.0,0.0,0.0,1.0,3.0,24.0,0.0,3.0,10.0,0.0,6.0,0.0,0.0,0.0,3.0,74.0,99.0,9.0,12.0,0.0,0.0,8.0,56.0,0.0,336.0,0.0,38.0,167.0,207.0,1.0,18.0,11.0,6.0,9.0,1.0,51.0,70.0,109.0,10.0,11.0,1385
06075032801,0.0,0.0,8.0,6.0,0.0,4.0,1.0,0.0,3.0,95.0,0.0,11.0,0.0,0.0,1.0,0.0,0.0,24.0,41.0,0.0,26.0,13.0,2.0,2.0,0.0,1.0,0.0,2.0,181.0,68.0,26.0,30.0,3.0,2.0,7.0,91.0,0.0,346.0,2.0,82.0,478.0,315.0,2.0,9.0,16.0,16.0,6.0,3.0,84.0,81.0,61.0,24.0,21.0,2194
06075032802,0.0,0.0,1.0,1.0,0.0,3.0,0.0,0.0,0.0,17.0,0.0,2.0,0.0,0.0,1.0,0.0,0.0,4.0,10.0,0.0,2.0,4.0,0.0,3.0,0.0,1.0,0.0,0.0,85.0,76.0,10.0,15.0,3.0,0.0,8.0,47.0,0.0,225.0,0.0,28.0,145.0,171.0,3.0,12.0,23.0,2.0,1.0,2.0,40.0,45.0,70.0,16.0,6.0,1082
06075032901,0.0,0.0,0.0,2.0,0.0,3.0,0.0,1.0,0.0,14.0,0.0,13.0,0.0,0.0,0.0,0.0,0.0,4.0,7.0,0.0,0.0,8.0,0.0,1.0,0.0,0.0,0.0,3.0,74.0,78.0,5.0,14.0,1.0,0.0,4.0,47.0,0.0,224.0,1.0,41.0,158.0,166.0,8.0,15.0,13.0,2.0,6.0,3.0,41.0,67.0,72.0,12.0,5.0,1113
06075032902,0.0,0.0,2.0,2.0,1.0,0.0,0.0,0.0,0.0,7.0,0.0,6.0,0.0,0.0,0.0,0.0,0.0,7.0,5.0,0.0,0.0,11.0,0.0,2.0,0.0,0.0,0.0,0.0,58.0,50.0,4.0,6.0,1.0,2.0,1.0,37.0,0.0,254.0,2.0,63.0,131.0,113.0,1.0,7.0,12.0,3.0,0.0,2.0,37.0,55.0,50.0,10.0,6.0,948
06075033000,1.0,0.0,11.0,4.0,3.0,4.0,0.0,0.0,227.0,107.0,0.0,19.0,0.0,0.0,0.0,1.0,0.0,30.0,34.0,0.0,4.0,22.0,1.0,7.0,0.0,1.0,0.0,2.0,188.0,144.0,17.0,24.0,1.0,1.0,13.0,97.0,0.0,511.0,2.0,1354.0,494.0,480.0,7.0,23.0,38.0,13.0,16.0,0.0,133.0,123.0,135.0,67.0,13.0,4372
06075033100,1.0,0.0,6.0,1.0,1.0,0.0,0.0,0.0,1.0,16.0,0.0,4.0,0.0,0.0,0.0,0.0,0.0,10.0,8.0,0.0,0.0,2.0,0.0,9.0,0.0,0.0,0.0,5.0,58.0,73.0,5.0,18.0,2.0,2.0,6.0,60.0,0.0,392.0,0.0,24.0,182.0,263.0,0.0,5.0,15.0,4.0,3.0,1.0,57.0,86.0,54.0,35.0,7.0,1416
06075033201,5.0,0.0,8.0,30.0,0.0,0.0,2.0,0.0,0.0,59.0,0.0,24.0,0.0,0.0,0.0,0.0,0.0,31.0,35.0,0.0,5.0,3.0,0.0,7.0,0.0,0.0,0.0,0.0,173.0,118.0,21.0,66.0,29.0,2.0,19.0,168.0,0.0,1909.0,19.0,38.0,268.0,648.0,0.0,8.0,105.0,18.0,32.0,1.0,73.0,114.0,91.0,167.0,20.0,4316
06075033203,0.0,0.0,4.0,13.0,2.0,7.0,0.0,0.0,0.0,30.0,0.0,26.0,0.0,0.0,0.0,0.0,1.0,15.0,21.0,0.0,1.0,6.0,1.0,7.0,0.0,0.0,0.0,8.0,179.0,123.0,9.0,13.0,2.0,3.0,4.0,41.0,0.0,329.0,2.0,30.0,165.0,180.0,183.0,9.0,28.0,16.0,2.0,0.0,50.0,106.0,93.0,32.0,11.0,1752
06075033204,0.0,0.0,4.0,10.0,1.0,3.0,0.0,0.0,0.0,24.0,0.0,16.0,0.0,0.0,0.0,0.0,0.0,4.0,21.0,0.0,0.0,12.0,0.0,7.0,0.0,1.0,0.0,2.0,146.0,135.0,12.0,18.0,0.0,0.0,4.0,47.0,0.0,336.0,7.0,43.0,182.0,225.0,8.0,2.0,23.0,17.0,2.0,2.0,48.0,103.0,100.0,27.0,10.0,1602
06075035100,0.0,1.0,2.0,3.0,1.0,3.0,0.0,0.0,3.0,29.0,0.0,5.0,0.0,0.0,0.0,0.0,0.0,8.0,19.0,0.0,3.0,21.0,0.0,1.0,0.0,2.0,0.0,3.0,120.0,92.0,10.0,12.0,3.0,3.0,3.0,48.0,0.0,372.0,1.0,48.0,186.0,222.0,2.0,16.0,18.0,14.0,4.0,5.0,60.0,103.0,108.0,16.0,7.0,1577
06075035201,2.0,0.0,3.0,5.0,0.0,0.0,0.0,1.0,0.0,14.0,0.0,10.0,0.0,0.0,0.0,0.0,0.0,6.0,16.0,0.0,0.0,9.0,0.0,0.0,0.0,0.0,0.0,2.0,110.0,69.0,5.0,13.0,0.0,0.0,2.0,51.0,0.0,286.0,2.0,39.0,211.0,159.0,4.0,8.0,11.0,23.0,6.0,3.0,71.0,62.0,95.0,29.0,15.0,1342
06075035202,1.0,0.0,4.0,7.0,0.0,2.0,0.0,0.0,0.0,22.0,0.0,13.0,0.0,0.0,1.0,0.0,0.0,10.0,19.0,0.0,1.0,10.0,0.0,4.0,0.0,0.0,0.0,3.0,170.0,78.0,13.0,22.0,0.0,1.0,3.0,29.0,0.0,377.0,4.0,56.0,256.0,214.0,14.0,15.0,26.0,45.0,10.0,3.0,105.0,106.0,92.0,63.0,10.0,1809
06075035300,0.0,0.0,6.0,2.0,1.0,3.0,1.0,0.0,0.0,55.0,0.0,4.0,0.0,0.0,0.0,0.0,12.0,9.0,17.0,1.0,2.0,13.0,0.0,2.0,0.0,0.0,0.0,3.0,128.0,83.0,10.0,7.0,0.0,2.0,6.0,60.0,0.0,320.0,1.0,51.0,195.0,236.0,21.0,3.0,19.0,20.0,6.0,1.0,82.0,83.0,87.0,12.0,10.0,1574
06075035400,0.0,1.0,0.0,1.0,1.0,2.0,0.0,0.0,1.0,21.0,0.0,12.0,0.0,0.0,0.0,0.0,0.0,6.0,12.0,0.0,1.0,8.0,0.0,3.0,0.0,0.0,0.0,3.0,111.0,68.0,5.0,15.0,1.0,5.0,10.0,54.0,0.0,287.0,3.0,52.0,199.0,179.0,0.0,9.0,9.0,10.0,9.0,0.0,56.0,79.0,106.0,45.0,16.0,1400
06075040100,0.0,0.0,13.0,8.0,2.0,3.0,0.0,0.0,0.0,25.0,0.0,13.0,0.0,0.0,0.0,0.0,0.0,17.0,23.0,0.0,4.0,6.0,1.0,7.0,1.0,0.0,0.0,3.0,117.0,106.0,15.0,21.0,9.0,3.0,14.0,42.0,0.0,545.0,12.0,30.0,241.0,230.0,0.0,8.0,18.0,11.0,8.0,1.0,96.0,100.0,99.0,42.0,9.0,1903
06075040200,2.0,0.0,13.0,10.0,1.0,1.0,0.0,1.0,0.0,16.0,0.0,8.0,0.0,0.0,1.0,0.0,0.0,12.0,40.0,0.0,3.0,9.0,0.0,3.0,0.0,0.0,0.0,6.0,114.0,99.0,12.0,19.0,2.0,0.0,7.0,58.0,0.0,940.0,6.0,51.0,302.0,274.0,2.0,15.0,28.0,5.0,9.0,1.0,82.0,109.0,126.0,49.0,3.0,2439
06075042601,1.0,1.0,3.0,2.0,0.0,0.0,0.0,0.0,0.0,14.0,0.0,2.0,0.0,0.0,0.0,0.0,0.0,7.0,10.0,0.0,0.0,4.0,0.0,3.0,1.0,1.0,0.0,1.0,73.0,68.0,4.0,9.0,2.0,3.0,5.0,35.0,0.0,411.0,0.0,20.0,115.0,123.0,0.0,2.0,10.0,6.0,4.0,1.0,34.0,74.0,50.0,16.0,2.0,1117
06075042602,1.0,1.0,6.0,3.0,1.0,0.0,0.0,0.0,0.0,10.0,0.0,5.0,3.0,0.0,0.0,0.0,0.0,5.0,11.0,0.0,4.0,11.0,0.0,4.0,1.0,0.0,0.0,1.0,75.0,59.0,4.0,6.0,2.0,1.0,7.0,32.0,0.0,248.0,3.0,30.0,165.0,165.0,0.0,13.0,21.0,3.0,6.0,1.0,47.0,63.0,84.0,33.0,4.0,1139
06075042700,0.0,0.0,8.0,8.0,3.0,3.0,0.0,0.0,0.0,58.0,0.0,8.0,0.0,0.0,0.0,0.0,0.0,5.0,6.0,0.0,2.0,6.0,0.0,0.0,0.0,0.0,0.0,2.0,120.0,80.0,15.0,22.0,3.0,1.0,13.0,42.0,0.0,357.0,2.0,62.0,233.0,193.0,1.0,4.0,15.0,13.0,10.0,2.0,105.0,71.0,69.0,25.0,10.0,1577
06075042800,0.0,0.0,3.0,0.0,0.0,1.0,0.0,0.0,1.0,7.0,0.0,10.0,0.0,0.0,0.0,0.0,0.0,2.0,10.0,0.0,0.0,6.0,0.0,1.0,0.0,0.0,0.0,1.0,26.0,52.0,2.0,4.0,0.0,1.0,4.0,24.0,0.0,186.0,1.0,4.0,114.0,76.0,0.0,13.0,3.0,1.0,5.0,0.0,46.0,28.0,42.0,9.0,3.0,686
06075045100,0.0,0.0,15.0,12.0,1.0,2.0,0.0,0.0,0.0,13.0,0.0,6.0,1.0,0.0,0.0,0.0,0.0,26.0,16.0,1.0,32.0,9.0,3.0,5.0,0.0,1.0,0.0,2.0,107.0,74.0,12.0,19.0,1.0,4.0,7.0,60.0,0.0,356.0,2.0,80.0,291.0,302.0,5.0,17.0,23.0,6.0,6.0,0.0,78.0,82.0,132.0,19.0,8.0,1836
06075045200,0.0,0.0,26.0,9.0,1.0,4.0,0.0,1.0,1.0,35.0,0.0,17.0,2.0,0.0,0.0,0.0,0.0,21.0,31.0,0.0,19.0,10.0,1.0,8.0,1.0,0.0,0.0,9.0,147.0,136.0,6.0,35.0,2.0,2.0,15.0,85.0,0.0,951.0,1.0,76.0,971.0,444.0,1.0,17.0,53.0,11.0,13.0,0.0,146.0,150.0,146.0,81.0,17.0,3702
06075047600,0.0,0.0,16.0,5.0,1.0,3.0,1.0,0.0,1.0,15.0,0.0,4.0,0.0,0.0,0.0,0.0,0.0,12.0,15.0,0.0,3.0,8.0,0.0,50.0,0.0,3.0,0.0,1.0,103.0,92.0,6.0,27.0,5.0,2.0,6.0,58.0,0.0,516.0,0.0,55.0,313.0,328.0,1.0,15.0,33.0,9.0,6.0,0.0,80.0,95.0,113.0,39.0,13.0,2053
06075047701,1.0,0.0,17.0,4.0,0.0,1.0,0.0,0.0,1.0,13.0,0.0,4.0,0.0,0.0,0.0,0.0,0.0,11.0,18.0,0.0,0.0,3.0,0.0,5.0,0.0,0.0,0.0,2.0,84.0,64.0,6.0,12.0,0.0,0.0,8.0,32.0,0.0,476.0,1.0,38.0,180.0,189.0,0.0,10.0,22.0,6.0,9.0,0.0,67.0,76.0,87.0,37.0,15.0,1499
06075047702,0.0,1.0,5.0,2.0,0.0,2.0,0.0,0.0,1.0,12.0,0.0,3.0,0.0,0.0,0.0,0.0,0.0,5.0,6.0,0.0,1.0,2.0,0.0,2.0,0.0,0.0,0.0,2.0,44.0,48.0,1.0,8.0,0.0,0.0,1.0,23.0,0.0,143.0,0.0,28.0,110.0,99.0,0.0,10.0,10.0,3.0,1.0,1.0,39.0,35.0,88.0,12.0,7.0,755
06075047801,1.0,0.0,4.0,3.0,2.0,3.0,1.0,0.0,14.0,66.0,0.0,3.0,0.0,0.0,1.0,0.0,0.0,6.0,18.0,0.0,2.0,5.0,1.0,1.0,3.0,0.0,0.0,5.0,102.0,49.0,14.0,24.0,1.0,0.0,4.0,47.0,0.0,223.0,1.0,165.0,162.0,170.0,1.0,6.0,18.0,16.0,8.0,0.0,79.0,55.0,66.0,14.0,8.0,1372
06075047802,0.0,0.0,5.0,2.0,0.0,5.0,0.0,0.0,4.0,28.0,0.0,4.0,0.0,0.0,0.0,0.0,0.0,6.0,9.0,0.0,0.0,7.0,0.0,2.0,0.0,0.0,0.0,0.0,79.0,48.0,2.0,10.0,0.0,0.0,5.0,21.0,0.0,224.0,0.0,31.0,142.0,107.0,1.0,10.0,15.0,0.0,3.0,0.0,41.0,36.0,60.0,9.0,1.0,917
06075047901,0.0,1.0,3.0,10.0,2.0,5.0,0.0,0.0,0.0,36.0,0.0,17.0,0.0,0.0,2.0,0.0,0.0,15.0,46.0,0.0,5.0,15.0,2.0,4.0,2.0,1.0,0.0,1.0,184.0,128.0,10.0,41.0,1.0,2.0,8.0,86.0,0.0,2017.0,2.0,57.0,356.0,363.0,4.0,24.0,64.0,22.0,24.0,2.0,123.0,147.0,154.0,103.0,23.0,4112
06075047902,0.0,0.0,0.0,3.0,0.0,0.0,0.0,0.0,1.0,12.0,0.0,3.0,0.0,0.0,0.0,0.0,0.0,5.0,14.0,0.0,0.0,10.0,2.0,1.0,1.0,0.0,0.0,0.0,51.0,46.0,0.0,7.0,1.0,1.0,2.0,30.0,0.0,237.0,0.0,42.0,144.0,118.0,1.0,7.0,8.0,7.0,3.0,2.0,48.0,56.0,63.0,24.0,6.0,956
06075060100,0.0,0.0,0.0,0.0,0.0,0.0,1.0,0.0,0.0,1.0,0.0,0.0,0.0,0.0,0.0,0.0,0.0,11.0,4.0,0.0,5.0,3.0,0.0,2.0,1.0,0.0,0.0,0.0,25.0,4.0,2.0,2.0,0.0,0.0,4.0,17.0,0.0,235.0,0.0,8.0,44.0,43.0,0.0,3.0,8.0,2.0,4.0,0.0,16.0,20.0,16.0,11.0,1.0,493
06075060400,0.0,0.0,7.0,2.0,0.0,3.0,0.0,0.0,0.0,13.0,1.0,6.0,0.0,0.0,0.0,0.0,0.0,4.0,15.0,1.0,1.0,4.0,0.0,2.0,0.0,0.0,0.0,3.0,69.0,22.0,3.0,11.0,0.0,5.0,6.0,80.0,0.0,678.0,1.0,16.0,180.0,155.0,0.0,11.0,8.0,16.0,10.0,0.0,44.0,49.0,65.0,13.0,13.0,1517
06075060502,0.0,4.0,5.0,5.0,0.0,25.0,0.0,0.0,3.0,135.0,0.0,12.0,0.0,2.0,2.0,0.0,0.0,4.0,76.0,0.0,7.0,59.0,0.0,13.0,1.0,0.0,0.0,21.0,780.0,109.0,17.0,69.0,1.0,6.0,12.0,22.0,0.0,195.0,1.0,122.0,294.0,552.0,2.0,47.0,107.0,30.0,18.0,5.0,139.0,304.0,112.0,195.0,122.0,3635
06075060700,5.0,5.0,22.0,41.0,6.0,15.0,3.0,0.0,2.0,85.0,0.0,141.0,0.0,1.0,3.0,0.0,1.0,113.0,155.0,0.0,57.0,51.0,2.0,29.0,0.0,1.0,0.0,27.0,656.0,485.0,96.0,143.0,17.0,8.0,57.0,306.0,0.0,3114.0,7.0,295.0,1332.0,1080.0,4.0,69.0,92.0,41.0,60.0,2.0,399.0,487.0,267.0,287.0,84.0,10153
06075061000,0.0,0.0,2.0,2.0,1.0,12.0,0.0,2.0,4.0,35.0,0.0,9.0,0.0,0.0,1.0,0.0,0.0,8.0,35.0,0.0,3.0,17.0,1.0,5.0,2.0,0.0,0.0,19.0,211.0,74.0,11.0,20.0,2.0,5.0,11.0,44.0,0.0,343.0,1.0,60.0,206.0,276.0,0.0,63.0,53.0,19.0,13.0,0.0,94.0,143.0,165.0,45.0,33.0,2050
06075061100,0.0,0.0,8.0,9.0,2.0,6.0,3.0,0.0,0.0,44.0,0.0,39.0,0.0,0.0,0.0,0.0,0.0,51.0,87.0,0.0,11.0,24.0,0.0,10.0,0.0,0.0,0.0,23.0,472.0,328.0,17.0,62.0,9.0,0.0,34.0,127.0,0.0,1754.0,5.0,105.0,625.0,514.0,14.0,15.0,154.0,22.0,40.0,1.0,171.0,328.0,138.0,148.0,48.0,5448
06075061200,2.0,2.0,19.0,30.0,1.0,25.0,0.0,1.0,22.0,118.0,0.0,28.0,0.0,0.0,0.0,0.0,0.0,12.0,50.0,0.0,4.0,19.0,2.0,11.0,5.0,0.0,0.0,25.0,910.0,179.0,52.0,535.0,2.0,2.0,28.0,78.0,10.0,575.0,36.0,482.0,465.0,1488.0,2.0,64.0,197.0,22.0,28.0,2.0,303.0,239.0,334.0,503.0,224.0,7136
06075061400,0.0,6.0,8.0,4.0,1.0,17.0,0.0,0.0,7.0,105.0,0.0,50.0,0.0,2.0,1.0,2.0,0.0,16.0,101.0,0.0,10.0,36.0,3.0,1.0,2.0,0.0,0.0,17.0,596.0,301.0,21.0,81.0,3.0,10.0,4.0,46.0,0.0,877.0,2.0,116.0,365.0,651.0,0.0,72.0,95.0,24.0,45.0,0.0,231.0,336.0,348.0,274.0,149.0,5036
06075061500,8.0,3.0,39.0,62.0,6.0,22.0,4.0,0.0,1.0,139.0,1.0,249.0,0.0,0.0,4.0,0.0,24.0,301.0,254.0,0.0,19.0,60.0,4.0,77.0,5.0,0.0,0.0,50.0,1682.0,1168.0,128.0,205.0,50.0,4.0,113.0,664.0,0.0,9904.0,7.0,279.0,2819.0,2812.0,449.0,117.0,476.0,123.0,96.0,7.0,740.0,1045.0,672.0,571.0,167.0,25630
06075980200,0.0,0.0,0.0,0.0,0.0,0.0,0.0,0.0,0.0,1.0,0.0,0.0,0.0,0.0,0.0,0.0,0.0,3.0,11.0,0.0,1.0,1.0,0.0,1.0,0.0,0.0,0.0,0.0,5.0,4.0,0.0,2.0,0.0,0.0,0.0,4.0,0.0,158.0,0.0,16.0,24.0,4.0,0.0,4.0,1.0,0.0,1.0,0.0,3.0,3.0,5.0,2.0,0.0,254
06075980300,0.0,0.0,54.0,8.0,0.0,4.0,0.0,0.0,0.0,32.0,0.0,18.0,8.0,0.0,3.0,0.0,0.0,38.0,101.0,1.0,13.0,18.0,7.0,27.0,3.0,2.0,0.0,24.0,315.0,108.0,24.0,256.0,1.0,4.0,11.0,114.0,0.0,4232.0,5.0,182.0,1179.0,1172.0,1.0,54.0,115.0,30.0,46.0,4.0,223.0,328.0,256.0,313.0,40.0,9374
06075980501,0.0,1.0,3.0,0.0,1.0,5.0,0.0,0.0,1.0,33.0,0.0,6.0,0.0,0.0,0.0,0.0,0.0,2.0,8.0,0.0,0.0,1.0,0.0,4.0,0.0,0.0,0.0,8.0,86.0,17.0,3.0,18.0,0.0,1.0,3.0,10.0,0.0,226.0,0.0,22.0,93.0,157.0,1.0,24.0,41.0,9.0,7.0,0.0,49.0,66.0,62.0,14.0,31.0,1013
06075980600,0.0,0.0,1.0,1.0,0.0,2.0,0.0,0.0,0.0,7.0,1.0,1.0,0.0,0.0,0.0,0.0,0.0,1.0,26.0,0.0,2.0,5.0,1.0,1.0,0.0,0.0,0.0,3.0,61.0,15.0,7.0,2.0,0.0,4.0,2.0,9.0,0.0,89.0,0.0,24.0,45.0,53.0,0.0,22.0,6.0,5.0,3.0,0.0,14.0,33.0,34.0,13.0,15.0,508
06075980900,3.0,4.0,18.0,7.0,0.0,12.0,1.0,0.0,5.0,60.0,0.0,39.0,0.0,1.0,9.0,0.0,0.0,39.0,136.0,0.0,9.0,38.0,9.0,23.0,5.0,0.0,0.0,77.0,617.0,381.0,63.0,176.0,35.0,9.0,19.0,79.0,0.0,1523.0,5.0,121.0,566.0,1803.0,2.0,218.0,172.0,30.0,49.0,2.0,243.0,330.0,691.0,304.0,114.0,8047
