"GEOID","COUNTY","POPULATION","AGE_75","CANCER","CHD","COPD","DIABETES","KIDNEY","SMOKING","OBESITY","ASTHMA","BPHIGH","STROKE","AGE_75_RR","CANCER_RR","CHD_RR","COPD_RR","DIABETES_RR","KIDNEY_RR","SMOKING_RR","OBESITY_RR","ASTHMA_RR","BPHIGH_RR","STROKE_RR","OVERALL_RR","OVERALL_RR_CAT"
"53033000100","53033",7985,6.2,5.6,4.5,4.8,7.8,2.7,12.2,23.2,9.6,24.9,2.6,1.21,0.97,1.02,1.02,1,1.02,0.95,0.98,1,1,1.04,1.02,"1 - 1.25"
"53033000200","53033",8498,7.1,6.5,4.3,4.2,7.1,2.6,10.2,20.4,9,23.9,2.4,1.39,1.12,0.98,0.89,0.91,0.99,0.8,0.87,0.94,0.96,0.96,0.99,"0.75 - 1"
"53033000300","53033",2991,2.9,5.9,4.3,4.9,7.5,2.6,12.8,22.6,9.7,24.2,2.5,0.57,1.02,0.98,1.04,0.96,0.99,1,0.96,1.01,0.97,1,0.95,"0.75 - 1"
"53033000401","53033",6560,12.7,7.5,6.1,5.9,9.3,3.4,12.1,23.5,9.8,29,3.4,2.48,1.29,1.39,1.25,1.2,1.29,0.94,1,1.02,1.16,1.36,1.33,"1.25 - 1.5"
"53033000402","53033",5419,16.2,9.3,6.3,5.2,7.9,3.4,9.3,20,8.9,28.8,3.3,3.17,1.6,1.43,1.1,1.02,1.29,0.73,0.85,0.92,1.15,1.32,1.36,"1.25 - 1.5"
"53033000500","53033",3143,9,9.2,5.3,4.6,7.8,2.9,7.6,20,8.7,28.2,2.7,1.76,1.59,1.21,0.97,1,1.1,0.59,0.85,0.9,1.13,1.08,1.12,"1 - 1.25"
"53033000600","53033",8124,6.2,6.1,4.5,4.4,7.4,2.7,11,21,9.1,24.1,2.5,1.21,1.05,1.02,0.93,0.95,1.02,0.86,0.89,0.95,0.97,1,0.99,"0.75 - 1"
"53033000700","53033",5217,4.9,5.2,3.8,4.3,6.9,2.5,12.3,22.7,9.4,22.6,2.3,0.96,0.9,0.87,0.91,0.89,0.95,0.96,0.96,0.98,0.91,0.92,0.93,"0.75 - 1"
"53033000800","53033",2710,6.8,7.2,4.3,3.8,6.7,2.5,8.2,19.8,8.7,24.1,2.3,1.33,1.24,0.98,0.8,0.86,0.95,0.64,0.84,0.9,0.97,0.92,0.95,"0.75 - 1"
"53033000900","53033",2009,7.4,8.3,4.7,4,7.3,2.7,7.2,19.3,8.5,26.2,2.4,1.45,1.43,1.07,0.85,0.94,1.02,0.56,0.82,0.88,1.05,0.96,1.01,"1 - 1.25"
"53033001000","53033",2055,4.7,6.1,4.1,4.1,6.9,2.5,9.9,21.8,9.2,23.7,2.3,0.92,1.05,0.93,0.87,0.89,0.95,0.77,0.93,0.96,0.95,0.92,0.92,"0.75 - 1"
"53033001100","53033",2752,5.7,6.2,3.9,3.8,6.4,2.4,9.6,20.4,8.8,22.6,2.1,1.11,1.07,0.89,0.8,0.82,0.91,0.75,0.87,0.91,0.91,0.84,0.9,"0.75 - 1"
"53033001200","53033",7124,8.4,6.2,4.8,4.8,7.4,2.9,11.5,21.8,9.4,24.2,2.8,1.64,1.07,1.09,1.02,0.95,1.1,0.9,0.93,0.98,0.97,1.12,1.08,"1 - 1.25"
"53033001300","53033",4702,3.8,4.7,3,3.5,5.6,2.1,11.2,20.3,9.1,19.3,1.8,0.74,0.81,0.68,0.74,0.72,0.8,0.87,0.86,0.95,0.77,0.72,0.78,"0.75 - 1"
"53033001400","53033",5674,4.1,6.1,3.9,4.3,6.3,2.4,11.2,22,9.4,22.6,2.2,0.8,1.05,0.89,0.91,0.81,0.91,0.87,0.93,0.98,0.91,0.88,0.9,"0.75 - 1"
"53033001500","53033",2752,6.4,7.9,4.4,4.2,6.7,2.5,8.4,20.9,8.9,25.1,2.3,1.25,1.36,1,0.89,0.86,0.95,0.66,0.89,0.92,1.01,0.92,0.98,"0.75 - 1"
"53033001600","53033",4758,5.9,8,4.7,4.2,7,2.7,8.2,20.6,8.7,25.6,2.4,1.15,1.38,1.07,0.89,0.9,1.02,0.64,0.87,0.9,1.03,0.96,0.99,"0.75 - 1"
"53033001701","53033",4024,1.4,4.6,2.7,3,5,1.9,9.5,20.4,8.9,18.2,1.6,0.27,0.79,0.61,0.64,0.64,0.72,0.74,0.87,0.92,0.73,0.64,0.68,".5 - .75"
"53033001702","53033",5018,5.2,5.9,4,4.1,6.6,2.5,10.7,21.7,9.2,22.5,2.2,1.02,1.02,0.91,0.87,0.85,0.95,0.83,0.92,0.96,0.9,0.88,0.92,"0.75 - 1"
"53033001800","53033",5246,1.6,3.7,2.3,3.1,4.2,1.8,11.8,20.6,9.3,16.1,1.4,0.31,0.64,0.52,0.66,0.54,0.68,0.92,0.87,0.97,0.65,0.56,0.66,".5 - .75"
"53033001900","53033",4971,6.4,5.6,3.5,3.6,5.7,2.2,9.8,20.2,9,20.6,1.9,1.25,0.97,0.8,0.76,0.73,0.83,0.76,0.86,0.94,0.83,0.76,0.87,"0.75 - 1"
"53033002000","53033",3754,4.7,6.1,3.7,3.8,5.9,2.3,9.8,20.9,9.1,21.5,2,0.92,1.05,0.84,0.8,0.76,0.87,0.76,0.89,0.95,0.86,0.8,0.86,"0.75 - 1"
"53033002100","53033",4350,2.9,6.2,3.7,3.7,6,2.3,9.1,20,8.8,21.9,2,0.57,1.07,0.84,0.78,0.77,0.87,0.71,0.85,0.91,0.88,0.8,0.82,"0.75 - 1"
"53033002200","53033",5867,10.7,8.3,4.6,3.8,6.9,2.6,6.9,18.9,8.3,25.7,2.3,2.09,1.43,1.05,0.8,0.89,0.99,0.54,0.8,0.86,1.03,0.92,1.05,"1 - 1.25"
"53033002400","53033",3224,2.5,6.9,3.7,3.4,5.8,2.3,7.6,19.1,8.7,22,2,0.49,1.19,0.84,0.72,0.75,0.87,0.59,0.81,0.9,0.88,0.8,0.79,"0.75 - 1"
"53033002500","53033",3357,4.2,6.3,3.5,3.4,5.6,2.2,8,19.7,8.8,21.3,1.9,0.82,1.09,0.8,0.72,0.72,0.83,0.62,0.84,0.91,0.85,0.76,0.81,"0.75 - 1"
"53033002600","53033",5268,1.9,5.2,3,3.2,5,2,8.9,20.3,8.8,19.1,1.7,0.37,0.9,0.68,0.68,0.64,0.76,0.69,0.86,0.91,0.77,0.68,0.71,".5 - .75"
"53033002700","53033",6415,3.4,5.5,3,3,4.8,2,8.4,19.2,8.8,18.8,1.6,0.66,0.95,0.68,0.64,0.62,0.76,0.66,0.82,0.91,0.75,0.64,0.73,".5 - .75"
"53033002800","53033",4925,2.9,4.9,2.5,2.8,4.2,1.8,8.4,19.6,8.7,17.2,1.4,0.57,0.84,0.57,0.59,0.54,0.68,0.66,0.83,0.9,0.69,0.56,0.67,".5 - .75"
"53033002900","53033",4863,2.2,5.6,2.9,3.1,4.8,1.9,8.8,20.2,8.8,19,1.6,0.43,0.97,0.66,0.66,0.62,0.72,0.69,0.86,0.91,0.76,0.64,0.71,".5 - .75"
"53033003000","53033",6314,3.3,5.7,3.1,3.5,5.2,2.1,9.7,20.9,9,20.1,1.8,0.65,0.98,0.71,0.74,0.67,0.8,0.76,0.89,0.94,0.81,0.72,0.78,"0.75 - 1"
"53033003100","53033",6452,5.9,6.7,3.6,3.7,5.7,2.2,8.9,20.7,8.9,21.9,1.9,1.15,1.15,0.82,0.78,0.73,0.83,0.69,0.88,0.92,0.88,0.76,0.87,"0.75 - 1"
"53033003200","53033",8813,5.3,6.5,3.8,3.6,5.7,2.3,8.7,20.7,8.8,21.9,2,1.04,1.12,0.87,0.76,0.73,0.87,0.68,0.88,0.91,0.88,0.8,0.87,"0.75 - 1"
"53033003300","53033",7560,2,4.8,2.5,2.7,4.1,1.7,8.7,19.6,8.8,16.9,1.4,0.39,0.83,0.57,0.57,0.53,0.64,0.68,0.83,0.91,0.68,0.56,0.64,".5 - .75"
"53033003400","53033",3630,2.6,5.5,2.7,2.9,4.6,1.9,8.2,19.9,8.8,18.4,1.5,0.51,0.95,0.61,0.61,0.59,0.72,0.64,0.84,0.91,0.74,0.6,0.69,".5 - .75"
"53033003500","53033",4218,7.5,6.7,3.5,3.3,5.4,2.2,7.6,19.9,8.7,21.4,1.9,1.47,1.15,0.8,0.7,0.69,0.83,0.59,0.84,0.9,0.86,0.76,0.88,"0.75 - 1"
"53033003600","53033",7122,5.5,5.2,3,3,4.6,2,8.6,19,8.9,18,1.7,1.08,0.9,0.68,0.64,0.59,0.76,0.67,0.81,0.92,0.72,0.68,0.77,"0.75 - 1"
"53033003800","53033",2362,3.8,6.5,3.9,3.7,6.2,2.3,8.6,19.9,8.8,22.5,2.1,0.74,1.12,0.89,0.78,0.8,0.87,0.67,0.84,0.91,0.9,0.84,0.85,"0.75 - 1"
"53033003900","53033",3070,6.8,7.7,4.3,3.7,6.6,2.6,7.3,19.1,8.5,24.3,2.3,1.33,1.33,0.98,0.78,0.85,0.99,0.57,0.81,0.88,0.97,0.92,0.95,"0.75 - 1"
"53033004000","53033",3237,4.3,7.4,5,4.7,7.4,2.9,9.4,21.5,9.3,25.8,2.7,0.84,1.28,1.14,1,0.95,1.1,0.73,0.91,0.97,1.03,1.08,1,"1 - 1.25"
"53033004100","53033",8106,5,7.2,3.9,3.4,6,2.3,6.9,18.6,8.4,22.7,2,0.98,1.24,0.89,0.72,0.77,0.87,0.54,0.79,0.87,0.91,0.8,0.85,"0.75 - 1"
"53033004200","53033",8588,5.4,6.5,3.4,3.2,5.5,2.2,7.3,19,8.6,21,1.8,1.06,1.12,0.77,0.68,0.71,0.83,0.57,0.81,0.89,0.84,0.72,0.82,"0.75 - 1"
"53033004301","53033",3827,4.9,5.2,3.4,3.4,5.1,2.2,8.8,19,9,19,1.8,0.96,0.9,0.77,0.72,0.66,0.83,0.69,0.81,0.94,0.76,0.72,0.79,"0.75 - 1"
"53033004302","53033",4116,5.7,2.7,2.7,3.5,3.9,2,12.2,18.9,10.3,14.1,1.6,1.11,0.47,0.61,0.74,0.5,0.76,0.95,0.8,1.07,0.56,0.64,0.74,".5 - .75"
"53033004400","53033",7634,3.8,3.2,2.5,3.1,4.1,1.8,10.4,19.3,9.7,15.1,1.4,0.74,0.55,0.57,0.66,0.53,0.68,0.81,0.82,1.01,0.61,0.56,0.68,".5 - .75"
"53033004500","53033",3348,0.5,3.9,2.2,2.8,3.8,1.7,9.5,19.5,9.3,15.2,1.3,0.1,0.67,0.5,0.59,0.49,0.64,0.74,0.83,0.97,0.61,0.52,0.59,".5 - .75"
"53033004600","53033",3623,2.4,5.5,3,3.1,4.9,2,8.4,19.6,8.8,19,1.6,0.47,0.95,0.68,0.66,0.63,0.76,0.66,0.83,0.91,0.76,0.64,0.72,".5 - .75"
"53033004700","53033",9409,5,5.1,2.8,2.8,4.3,1.9,8.7,19.2,8.8,17.5,1.5,0.98,0.88,0.64,0.59,0.55,0.72,0.68,0.82,0.91,0.7,0.6,0.73,".5 - .75"
"53033004800","53033",5213,1.8,5.1,2.6,2.8,4.4,1.8,8.3,19.6,8.7,17.7,1.5,0.35,0.88,0.59,0.59,0.57,0.68,0.65,0.83,0.9,0.71,0.6,0.66,".5 - .75"
"53033004900","53033",7058,3.4,4.3,2.1,2.4,3.5,1.6,8.5,18.4,8.8,15,1.2,0.66,0.74,0.48,0.51,0.45,0.61,0.66,0.78,0.91,0.6,0.48,0.62,".5 - .75"
"53033005000","53033",4011,4.3,4.9,2.6,2.6,3.9,1.8,8.2,18.3,8.8,16.5,1.4,0.84,0.84,0.59,0.55,0.5,0.68,0.64,0.78,0.91,0.66,0.56,0.68,".5 - .75"
"53033005100","53033",3716,1.8,5.5,2.9,3,4.8,1.9,8,19.6,8.7,19,1.6,0.35,0.95,0.66,0.64,0.62,0.72,0.62,0.83,0.9,0.76,0.64,0.69,".5 - .75"
"53033005200","53033",6674,2.8,2.9,2.4,3,4.1,1.8,10.8,18.5,9.1,14.8,1.4,0.55,0.5,0.55,0.64,0.53,0.68,0.84,0.79,0.95,0.59,0.56,0.65,".5 - .75"
"53033005301","53033",8226,1.2,1.6,1.8,3.2,3.3,1.7,13.7,18.7,10.8,12.1,1.2,0.23,0.28,0.41,0.68,0.42,0.64,1.07,0.79,1.12,0.48,0.48,0.59,".5 - .75"
"53033005302","53033",5320,0.3,0.8,0.9,2.7,1.8,1.5,13.5,16.9,11.6,8.6,0.7,0.06,0.14,0.2,0.57,0.23,0.57,1.05,0.72,1.21,0.34,0.28,0.47,"0 - .5"
"53033005400","53033",6120,2.3,4.2,2.1,2.3,3.6,1.6,7.8,18.4,8.7,15,1.2,0.45,0.72,0.48,0.49,0.46,0.61,0.61,0.78,0.9,0.6,0.48,0.59,".5 - .75"
"53033005600","53033",6954,10.5,8.6,4.5,3.9,6.7,2.6,6.9,19.6,8.5,25.8,2.3,2.05,1.48,1.02,0.83,0.86,0.99,0.54,0.83,0.88,1.03,0.92,1.05,"1 - 1.25"
"53033005700","53033",6864,3.9,7.4,4.2,3.8,6.5,2.5,8.3,20.3,8.6,24.1,2.2,0.76,1.28,0.96,0.8,0.84,0.95,0.65,0.86,0.89,0.97,0.88,0.89,"0.75 - 1"
"53033005801","53033",5351,3,5.6,3.3,3.6,5.4,2.2,10.2,20.6,9.3,20,1.9,0.59,0.97,0.75,0.76,0.69,0.83,0.8,0.87,0.97,0.8,0.76,0.79,"0.75 - 1"
"53033005802","53033",5853,4.8,5.4,3.2,3.1,5.1,2.1,8.5,19.8,8.7,19.4,1.7,0.94,0.93,0.73,0.66,0.66,0.8,0.66,0.84,0.9,0.78,0.68,0.78,"0.75 - 1"
"53033005900","53033",8030,2.5,4.4,2.7,3,4.3,1.8,8.8,18.6,9.7,16.5,1.5,0.49,0.76,0.61,0.64,0.55,0.68,0.69,0.79,1.01,0.66,0.6,0.67,".5 - .75"
"53033006000","53033",5915,5.1,6,3.4,3.3,5.2,2.1,8.4,19.2,9,20,1.8,1,1.03,0.77,0.7,0.67,0.8,0.66,0.82,0.94,0.8,0.72,0.81,"0.75 - 1"
"53033006100","53033",5312,2.7,5.5,2.8,2.8,4.5,1.8,7.6,18.2,8.6,18,1.5,0.53,0.95,0.64,0.59,0.58,0.68,0.59,0.77,0.89,0.72,0.6,0.68,".5 - .75"
"53033006200","53033",4578,3.4,7,3.6,3.2,5.8,2.2,6.8,19.1,8.5,22.4,1.9,0.66,1.21,0.82,0.68,0.75,0.83,0.53,0.81,0.88,0.9,0.76,0.8,"0.75 - 1"
"53033006300","53033",5945,10.6,9.5,5,3.9,6.8,2.8,6.5,18.9,8.6,26.5,2.5,2.07,1.64,1.14,0.83,0.87,1.06,0.51,0.8,0.89,1.06,1,1.09,"1 - 1.25"
"53033006400","53033",3616,3.1,6.6,3.3,3.2,5.5,2.1,7.3,19.7,8.6,21.4,1.8,0.61,1.14,0.75,0.68,0.71,0.8,0.57,0.84,0.89,0.86,0.72,0.77,"0.75 - 1"
"53033006500","53033",4995,3.5,5.3,2.7,2.7,4.4,1.8,7.7,18.7,8.5,17.8,1.4,0.68,0.91,0.61,0.57,0.57,0.68,0.6,0.79,0.88,0.71,0.56,0.68,".5 - .75"
"53033006600","53033",4245,0,4.6,2.6,2.6,4.4,1.7,8.5,19.1,8.5,17.3,1.4,0,0.79,0.59,0.55,0.57,0.64,0.66,0.81,0.88,0.69,0.56,0.6,".5 - .75"
"53033006700","53033",9508,3.4,4.9,2.5,2.5,3.9,1.7,7.9,18,8.6,16.4,1.4,0.66,0.84,0.57,0.53,0.5,0.64,0.62,0.76,0.89,0.66,0.56,0.65,".5 - .75"
"53033006800","53033",3356,3.1,6.1,3,2.9,4.9,2,7.3,19.1,8.6,19.5,1.6,0.61,1.05,0.68,0.61,0.63,0.76,0.57,0.81,0.89,0.78,0.64,0.72,".5 - .75"
"53033006900","53033",5121,4.9,6.1,3.1,3.2,5.1,2.1,8.1,19.8,8.9,20,1.7,0.96,1.05,0.71,0.68,0.66,0.8,0.63,0.84,0.92,0.8,0.68,0.79,"0.75 - 1"
"53033007000","53033",7477,5.9,5.7,3.1,3,4.7,2,8.5,18.8,8.9,18.8,1.7,1.15,0.98,0.71,0.64,0.6,0.76,0.66,0.8,0.92,0.75,0.68,0.79,"0.75 - 1"
"53033007100","53033",5041,2.1,4.2,2.3,2.5,4,1.6,8.7,19.2,8.6,16.2,1.3,0.41,0.72,0.52,0.53,0.51,0.61,0.68,0.82,0.89,0.65,0.52,0.61,".5 - .75"
"53033007200","53033",10403,2.4,3.7,1.9,2.1,3.7,1.5,7.7,17.4,8.6,14.7,1.2,0.47,0.64,0.43,0.44,0.48,0.57,0.6,0.74,0.89,0.59,0.48,0.56,".5 - .75"
"53033007300","53033",7402,7.5,5.1,3.5,3.2,5.6,2.2,9.7,20.7,8.7,20.6,1.9,1.47,0.88,0.8,0.68,0.72,0.83,0.76,0.88,0.9,0.83,0.76,0.87,"0.75 - 1"
"53033007401","53033",5502,3.9,3.5,2,2.3,3.4,1.5,9.2,18.9,8.7,14.3,1.1,0.76,0.6,0.46,0.49,0.44,0.57,0.72,0.8,0.9,0.57,0.44,0.61,".5 - .75"
"53033007402","53033",5560,0.9,3,2.1,2.8,4,1.6,11.7,21.5,9.1,15.5,1.3,0.18,0.52,0.48,0.59,0.51,0.61,0.91,0.91,0.95,0.62,0.52,0.61,".5 - .75"
"53033007500","53033",9289,1,3.8,2.3,2.5,3.9,1.7,9.3,19.9,8.7,15.7,1.3,0.2,0.65,0.52,0.53,0.5,0.64,0.73,0.84,0.9,0.63,0.52,0.59,".5 - .75"
"53033007600","53033",4389,5,4.6,2.5,2.9,4.7,1.9,9.5,20.7,9.2,18.1,1.6,0.98,0.79,0.57,0.61,0.6,0.72,0.74,0.88,0.96,0.73,0.64,0.74,".5 - .75"
"53033007700","53033",5382,1.4,4.6,2.5,2.7,5.1,1.9,8.6,20.8,8.9,19.4,1.6,0.27,0.79,0.57,0.57,0.66,0.72,0.67,0.88,0.92,0.78,0.64,0.66,".5 - .75"
"53033007800","53033",5675,6.1,7.3,4,3.6,6.9,2.5,7.4,20.9,8.9,25.3,2.3,1.19,1.26,0.91,0.76,0.89,0.95,0.58,0.89,0.92,1.01,0.92,0.93,"0.75 - 1"
"53033007900","53033",6228,5.1,4.7,3,3.1,5.3,2.1,9.7,21.3,9.2,19.6,1.8,1,0.81,0.68,0.66,0.68,0.8,0.76,0.9,0.96,0.79,0.72,0.79,"0.75 - 1"
"53033008001","53033",7182,1.8,4.5,2.7,2.7,4.8,1.8,8.6,19.3,8.2,18.1,1.5,0.35,0.78,0.61,0.57,0.62,0.68,0.67,0.82,0.85,0.73,0.6,0.65,".5 - .75"
"53033008002","53033",3688,4.1,5.7,5.1,5,8.3,2.8,12.5,24.6,9.3,26.1,2.7,0.8,0.98,1.16,1.06,1.07,1.06,0.98,1.04,0.97,1.05,1.08,1.02,"1 - 1.25"
"53033008100","53033",4706,3.9,6.2,5.2,5.2,8.7,2.9,12.5,24.7,9,27.6,2.9,0.76,1.07,1.18,1.1,1.12,1.1,0.98,1.05,0.94,1.11,1.16,1.05,"1 - 1.25"
"53033008200","53033",4286,12.7,7.3,4.4,3.4,5.7,2.6,7.5,17.6,8.2,22.4,2.4,2.48,1.26,1,0.72,0.73,0.99,0.59,0.75,0.85,0.9,0.96,1.04,"1 - 1.25"
"53033008300","53033",3265,11.9,6.5,4.6,4.1,7,2.6,10,20.5,8.6,24.1,2.5,2.33,1.12,1.05,0.87,0.9,0.99,0.78,0.87,0.89,0.97,1,1.09,"1 - 1.25"
"53033008400","53033",4865,6.6,4.7,2.9,2.9,4.6,1.9,9.1,18.9,8.7,17.8,1.6,1.29,0.81,0.66,0.61,0.59,0.72,0.71,0.8,0.9,0.71,0.64,0.77,"0.75 - 1"
"53033008500","53033",4195,16.5,5.1,5.2,5.1,8.9,3,15,26.2,9.4,27.5,3.1,3.23,0.88,1.18,1.08,1.14,1.14,1.17,1.11,0.98,1.1,1.24,1.33,"1.25 - 1.5"
"53033008600","53033",6079,2,2.5,2.2,3,4.5,1.8,11.7,19.6,10.3,15,1.4,0.39,0.43,0.5,0.64,0.58,0.68,0.91,0.83,1.07,0.6,0.56,0.64,".5 - .75"
"53033008700","53033",4573,1.8,4.3,3.7,4,7.5,2.6,12.7,25,10,23.4,2.4,0.35,0.74,0.84,0.85,0.96,0.99,0.99,1.06,1.04,0.94,0.96,0.87,"0.75 - 1"
"53033008800","53033",4435,3.3,5,3.2,3.4,6.7,2.4,10,23.7,10,23.4,2.2,0.65,0.86,0.73,0.72,0.86,0.91,0.78,1.01,1.04,0.94,0.88,0.84,"0.75 - 1"
"53033008900","53033",6068,3.6,5.4,3.9,4,7.8,2.7,11.1,24.4,9.8,25.6,2.6,0.7,0.93,0.89,0.85,1,1.02,0.87,1.04,1.02,1.03,1.04,0.93,"0.75 - 1"
"53033009000","53033",3457,12.7,6.3,6,4.7,11.6,3.6,11.5,21.5,8.9,30.7,3.7,2.48,1.09,1.37,1,1.49,1.37,0.9,0.91,0.92,1.23,1.48,1.31,"1.25 - 1.5"
"53033009100","53033",2464,17,6.5,8.2,6.1,17.1,4.5,13.5,18.5,8.3,36.3,5,3.32,1.12,1.87,1.29,2.2,1.71,1.05,0.79,0.86,1.45,2,1.63,"> 1.5"
"53033009200","53033",2763,7,5.8,7.4,6.9,13.6,4,17.2,28.2,9.5,34.4,4.4,1.37,1,1.69,1.46,1.75,1.52,1.34,1.2,0.99,1.38,1.76,1.41,"1.25 - 1.5"
"53033009300","53033",2637,6,5.2,4.5,4.4,8.8,2.7,12.5,22.9,8.9,25.5,2.6,1.17,0.9,1.02,0.93,1.13,1.02,0.98,0.97,0.92,1.02,1.04,1.01,"1 - 1.25"
"53033009400","53033",7243,5.6,4.7,4.5,4.3,9.8,2.9,13.4,21.6,8.9,25.3,2.8,1.1,0.81,1.02,0.91,1.26,1.1,1.05,0.92,0.92,1.01,1.12,1.02,"1 - 1.25"
"53033009500","53033",6517,2.5,6.4,4.5,4.4,8.6,2.8,10.2,22.6,9.3,27.2,2.7,0.49,1.1,1.02,0.93,1.11,1.06,0.8,0.96,0.97,1.09,1.08,0.95,"0.75 - 1"
"53033009600","53033",5663,7,8.4,5,4.5,7.2,2.8,8.5,20.4,8.9,26.5,2.6,1.37,1.45,1.14,0.95,0.93,1.06,0.66,0.87,0.92,1.06,1.04,1.05,"1 - 1.25"
"53033009701","53033",6233,4.5,7.2,4,3.9,6.2,2.4,8.6,20.4,8.9,23.4,2.1,0.88,1.24,0.91,0.83,0.8,0.91,0.67,0.87,0.92,0.94,0.84,0.89,"0.75 - 1"
"53033009702","53033",5596,6.3,6.9,3.7,3.6,5.7,2.3,8.5,20.6,8.8,22.3,2,1.23,1.19,0.84,0.76,0.73,0.87,0.66,0.87,0.91,0.89,0.8,0.89,"0.75 - 1"
"53033009800","53033",7201,6.1,6.3,3.6,3.8,5.8,2.3,9.8,21.5,9.1,21.9,2,1.19,1.09,0.82,0.8,0.75,0.87,0.76,0.91,0.95,0.88,0.8,0.9,"0.75 - 1"
"53033009900","53033",6180,2.2,4.8,2.8,3.1,5.2,2,9.9,21.2,8.9,19.1,1.6,0.43,0.83,0.64,0.66,0.67,0.76,0.77,0.9,0.92,0.77,0.64,0.72,".5 - .75"
"53033010001","53033",4516,6.1,5.7,5.2,4.6,11.2,3.2,11.7,21.3,9,28.8,3.2,1.19,0.98,1.18,0.97,1.44,1.21,0.91,0.9,0.94,1.15,1.28,1.1,"1 - 1.25"
"53033010002","53033",4925,6.2,4.9,4.1,3.8,9.2,2.7,11.5,19.4,8.4,24.5,2.5,1.21,0.84,0.93,0.8,1.18,1.02,0.9,0.82,0.87,0.98,1,0.96,"0.75 - 1"
"53033010100","53033",8943,5,6.1,5,5,10.1,3.2,11.9,24.3,9.7,29.4,3.2,0.98,1.05,1.14,1.06,1.3,1.21,0.93,1.03,1.01,1.18,1.28,1.1,"1 - 1.25"
"53033010200","53033",4762,4.7,6.8,4.2,3.8,8,2.7,8.5,20.9,8.9,26.3,2.5,0.92,1.17,0.96,0.8,1.03,1.02,0.66,0.89,0.92,1.05,1,0.94,"0.75 - 1"
"53033010300","53033",7305,3.1,5.2,4.8,5,10.4,3.2,13.8,25.7,9.8,28.9,3.2,0.61,0.9,1.09,1.06,1.34,1.21,1.08,1.09,1.02,1.16,1.28,1.06,"1 - 1.25"
"53033010401","53033",4382,7.5,5.3,5.6,4.9,12.8,3.4,13.1,19.1,8.6,30,3.6,1.47,0.91,1.28,1.04,1.65,1.29,1.02,0.81,0.89,1.2,1.44,1.18,"1 - 1.25"
"53033010402","53033",4933,5.5,5.2,4.5,4,10.3,2.8,11.3,17.2,8.2,26,2.7,1.08,0.9,1.02,0.85,1.32,1.06,0.88,0.73,0.85,1.04,1.08,0.98,"0.75 - 1"
"53033010500","53033",8303,8.2,7.7,4.4,4.2,6.3,2.6,9.3,20.2,9.1,23.8,2.4,1.6,1.33,1,0.89,0.81,0.99,0.73,0.86,0.95,0.95,0.96,1.01,"1 - 1.25"
"53033010600","53033",8466,5.2,6.7,4,4.2,6.3,2.4,10.1,21.6,9.3,23.2,2.2,1.02,1.15,0.91,0.89,0.81,0.91,0.79,0.92,0.97,0.93,0.88,0.93,"0.75 - 1"
"53033010701","53033",3907,1.9,4.2,3.8,4.6,7.9,2.6,14.8,26,10.2,23.5,2.4,0.37,0.72,0.87,0.97,1.02,0.99,1.15,1.1,1.06,0.94,0.96,0.91,"0.75 - 1"
"53033010702","53033",4930,2.2,4.8,5.3,6.6,10.4,3.5,18.8,29.9,11.8,28.8,3.6,0.43,0.83,1.21,1.4,1.34,1.33,1.47,1.27,1.23,1.15,1.44,1.18,"1 - 1.25"
"53033010800","53033",4862,3.9,5,3.7,3.9,7.4,2.4,11.5,21.7,8.9,22.8,2.2,0.76,0.86,0.84,0.83,0.95,0.91,0.9,0.92,0.92,0.91,0.88,0.88,"0.75 - 1"
"53033010900","53033",1115,4.2,4.7,3.5,3.6,6.2,2.1,11.9,22.7,8.7,21.1,1.9,0.82,0.81,0.8,0.76,0.8,0.8,0.93,0.96,0.9,0.85,0.76,0.84,"0.75 - 1"
"53033011001","53033",4777,11.5,5.3,7.2,7.3,15.4,4.4,18,25.9,10.6,34.5,4.9,2.25,0.91,1.64,1.55,1.98,1.67,1.4,1.1,1.1,1.38,1.96,1.55,"> 1.5"
"53033011002","53033",4765,9,4.6,6.5,6.7,15.6,4,18.4,22.8,9.8,32.8,4.4,1.76,0.79,1.48,1.42,2.01,1.52,1.44,0.97,1.02,1.31,1.76,1.41,"1.25 - 1.5"
"53033011101","53033",5546,3.5,5.3,5.3,5.1,12.5,3.4,13.5,21.9,9.4,30.7,3.6,0.68,0.91,1.21,1.08,1.61,1.29,1.05,0.93,0.98,1.23,1.44,1.11,"1 - 1.25"
"53033011102","53033",4747,5.8,6.6,5.9,5.5,10.7,3.4,12.3,22.8,9.2,29.9,3.5,1.13,1.14,1.34,1.16,1.38,1.29,0.96,0.97,0.96,1.2,1.4,1.17,"1 - 1.25"
"53033011200","53033",3705,4.2,4.6,5.8,6.3,11.1,3.5,17.6,29.4,9.8,27.9,3.4,0.82,0.79,1.32,1.33,1.43,1.33,1.37,1.25,1.02,1.12,1.36,1.2,"1 - 1.25"
"53033011300","53033",6973,7.2,5.4,4.2,4.8,7.9,2.6,13.5,22.8,9.7,23.8,2.5,1.41,0.93,0.96,1.02,1.02,0.99,1.05,0.97,1.01,0.95,1,1.03,"1 - 1.25"
"53033011401","53033",4347,3.3,4.6,3.6,4.5,7,2.4,14.5,24.1,10,22.2,2.2,0.65,0.79,0.82,0.95,0.9,0.91,1.13,1.02,1.04,0.89,0.88,0.9,"0.75 - 1"
"53033011402","53033",4316,4.6,5.7,5,5.3,9.1,3,13.9,24.2,9.8,26,3,0.9,0.98,1.14,1.12,1.17,1.14,1.08,1.03,1.02,1.04,1.2,1.07,"1 - 1.25"
"53033011500","53033",4509,2,6,3.4,3.8,5.8,2.2,10.5,21.3,9.2,21.2,2,0.39,1.03,0.77,0.8,0.75,0.83,0.82,0.9,0.96,0.85,0.8,0.8,"0.75 - 1"
"53033011600","53033",7049,5.8,8.1,4.8,4.4,6.9,2.7,8.8,21,8.9,25.9,2.5,1.13,1.4,1.09,0.93,0.89,1.02,0.69,0.89,0.92,1.04,1,1,"1 - 1.25"
"53033011700","53033",5379,7.3,5.1,5,4.6,11.8,3.2,12.8,20.4,9,29.3,3.3,1.43,0.88,1.14,0.97,1.52,1.21,1,0.87,0.94,1.17,1.32,1.13,"1 - 1.25"
"53033011800","53033",8520,5.1,5,5.7,6.4,12.5,3.7,17,28.1,10.8,32,4,1,0.86,1.3,1.35,1.61,1.4,1.33,1.19,1.12,1.28,1.6,1.27,"1.25 - 1.5"
"53033011900","53033",7649,5.2,5.7,5,4.9,10.6,3.1,12.6,22.9,9.6,29.4,3.2,1.02,0.98,1.14,1.04,1.36,1.18,0.98,0.97,1,1.18,1.28,1.09,"1 - 1.25"
"53033012000","53033",3622,4.1,6.5,3.9,4.3,6.4,2.4,10.7,21.8,9.2,23.2,2.2,0.8,1.12,0.89,0.91,0.82,0.91,0.83,0.93,0.96,0.93,0.88,0.9,"0.75 - 1"
"53033012100","53033",2660,8.3,8.7,5,4.5,7.3,2.7,8.1,20.5,8.8,27,2.5,1.62,1.5,1.14,0.95,0.94,1.02,0.63,0.87,0.91,1.08,1,1.07,"1 - 1.25"
"53033022801","53033",9233,3,4.4,2.5,2.4,4.9,1.8,7.4,15.5,7.3,17,1.4,0.59,0.76,0.57,0.51,0.63,0.68,0.58,0.66,0.76,0.68,0.56,0.63,".5 - .75"
"53033022901","53033",2992,11.3,7.3,4.7,4.3,7.7,2.7,8.9,18.7,8.4,25.3,2.5,2.21,1.26,1.07,0.91,0.99,1.02,0.69,0.79,0.87,1.01,1,1.09,"1 - 1.25"
"53033023000","53033",5718,8.7,7.7,4.6,4,7.3,2.6,8.2,18.9,8.3,25.3,2.4,1.7,1.33,1.05,0.85,0.94,0.99,0.64,0.8,0.86,1.01,0.96,1.02,"1 - 1.25"
"53033023100","53033",4143,9,7.8,4.6,3.9,7,2.6,8.2,18.5,8.3,25,2.4,1.76,1.34,1.05,0.83,0.9,0.99,0.64,0.79,0.86,1,0.96,1.02,"1 - 1.25"
"53033023201","53033",6639,3.3,5.6,3.3,2.6,5.7,2.1,7,14.8,6.9,19.6,1.8,0.65,0.97,0.75,0.55,0.73,0.8,0.55,0.63,0.72,0.79,0.72,0.71,".5 - .75"
"53033023202","53033",4724,9,6.6,5.3,5,8.6,3.1,11.4,21.1,8.6,26.1,3,1.76,1.14,1.21,1.06,1.11,1.18,0.89,0.9,0.89,1.05,1.2,1.14,"1 - 1.25"
"53033023300","53033",6721,7.7,7.1,5.6,5.6,8.8,3.1,11.8,21.9,9.2,27.3,3,1.51,1.22,1.28,1.19,1.13,1.18,0.92,0.93,0.96,1.09,1.2,1.16,"1 - 1.25"
"53033023401","53033",3980,8.2,6.5,4.2,3.9,7,2.5,9.1,18.6,8.4,23.2,2.3,1.6,1.12,0.96,0.83,0.9,0.95,0.71,0.79,0.87,0.93,0.92,0.97,"0.75 - 1"
"53033023403","53033",4257,5.6,7.7,4.5,4.1,7,2.6,8.3,19.1,8.5,25.1,2.4,1.1,1.33,1.02,0.87,0.9,0.99,0.65,0.81,0.88,1.01,0.96,0.96,"0.75 - 1"
"53033023500","53033",3788,7.2,7.2,4.4,3.9,6.9,2.5,8.2,18.8,8.3,24.3,2.3,1.41,1.24,1,0.83,0.89,0.95,0.64,0.8,0.86,0.97,0.92,0.96,"0.75 - 1"
"53033023601","53033",4252,6,7.2,4.4,3.8,7,2.6,8,18.2,8.3,24.2,2.3,1.17,1.24,1,0.8,0.9,0.99,0.62,0.77,0.86,0.97,0.92,0.93,"0.75 - 1"
"53033023603","53033",6649,3.4,4.9,3.2,3.1,5.9,2.1,9.2,17.4,7.8,19.5,1.8,0.66,0.84,0.73,0.66,0.76,0.8,0.72,0.74,0.81,0.78,0.72,0.74,".5 - .75"
"53033023604","53033",6616,8.7,5.7,4.2,4.3,7.3,2.6,11.2,20.1,8.8,22.8,2.4,1.7,0.98,0.96,0.91,0.94,0.99,0.87,0.85,0.91,0.91,0.96,1.01,"1 - 1.25"
"53033023700","53033",4425,5.1,6.7,3.8,3.5,6.3,2.3,7.9,18.8,8.4,22.7,2,1,1.15,0.87,0.74,0.81,0.87,0.62,0.8,0.87,0.91,0.8,0.86,"0.75 - 1"
"53033023801","53033",3074,3.5,5.7,3.4,3.2,5.8,2.2,8.2,18.8,8.3,20.7,1.9,0.68,0.98,0.77,0.68,0.75,0.83,0.64,0.8,0.86,0.83,0.76,0.77,"0.75 - 1"
"53033023803","53033",5339,11.7,6.3,3.6,2.7,5.2,2.2,6.8,15.5,7.5,19.9,1.9,2.29,1.09,0.82,0.57,0.67,0.83,0.53,0.66,0.78,0.8,0.76,0.91,"0.75 - 1"
"53033023804","53033",7397,6.9,5.2,2.8,2.4,4.9,1.9,6.9,15.2,7.5,17.8,1.5,1.35,0.9,0.64,0.51,0.63,0.72,0.54,0.65,0.78,0.71,0.6,0.74,".5 - .75"
"53033023900","53033",7067,8.3,8,4.9,4.2,7.4,2.8,7.8,19.7,8.5,26.2,2.5,1.62,1.38,1.12,0.89,0.95,1.06,0.61,0.84,0.88,1.05,1,1.05,"1 - 1.25"
"53033024000","53033",7674,7.9,7.6,4.1,3.3,6.4,2.4,6.7,17.4,7.9,23.6,2.1,1.54,1.31,0.93,0.7,0.82,0.91,0.52,0.74,0.82,0.95,0.84,0.92,"0.75 - 1"
"53033024701","53033",4068,6.4,7,4.6,4.3,7.7,2.7,9.6,19.1,8.6,25.1,2.5,1.25,1.21,1.05,0.91,0.99,1.02,0.75,0.81,0.89,1.01,1,0.99,"0.75 - 1"
"53033024702","53033",7732,7.7,7.9,4.9,4.3,8.1,2.8,8.7,18.6,8.3,26.7,2.6,1.51,1.36,1.12,0.91,1.04,1.06,0.68,0.79,0.86,1.07,1.04,1.05,"1 - 1.25"
"53033024702","53033",7732,7.7,5.2,3.3,3.4,6.7,2.1,9.5,19,8.2,21.5,1.9,1.51,0.9,0.75,0.72,0.86,0.8,0.74,0.81,0.85,0.86,0.76,0.88,"0.75 - 1"
"53033024800","53033",5990,5.8,4.6,3.3,3.5,7.1,2.2,10.7,17.2,8.2,20.7,2,1.13,0.79,0.75,0.74,0.91,0.83,0.83,0.73,0.85,0.83,0.8,0.84,"0.75 - 1"
"53033024901","53033",5428,9.2,7.9,4.7,3.7,8.5,2.7,6.5,16.8,7.5,27,2.4,1.8,1.36,1.07,0.78,1.09,1.02,0.51,0.71,0.78,1.08,0.96,1.03,"1 - 1.25"
"53033024902","53033",4065,5.6,7.2,4.1,3.5,7.3,2.4,7,18,7.9,24.6,2.1,1.1,1.24,0.93,0.74,0.94,0.91,0.55,0.76,0.82,0.99,0.84,0.89,"0.75 - 1"
"53033024903","53033",7114,2.3,6.1,3.6,3.3,7.5,2.3,7.3,16.8,7.7,23.4,2,0.45,1.05,0.82,0.7,0.96,0.87,0.57,0.71,0.8,0.94,0.8,0.78,"0.75 - 1"
"53033025001","53033",5127,8,8.4,4.9,4,7.5,2.7,7.3,18,8.1,26.4,2.5,1.56,1.45,1.12,0.85,0.96,1.02,0.57,0.76,0.84,1.06,1,1.03,"1 - 1.25"
"53033025003","53033",6863,5.3,5.8,3.3,3.4,6.5,2.1,8.5,18.2,8.3,21.7,1.9,1.04,1,0.75,0.72,0.84,0.8,0.66,0.77,0.86,0.87,0.76,0.82,"0.75 - 1"
"53033025006","53033",6164,7.5,5.5,3.2,3.2,6.7,2.1,8.3,17.8,7.9,21.4,1.8,1.47,0.95,0.73,0.68,0.86,0.8,0.65,0.76,0.82,0.86,0.72,0.85,"0.75 - 1"
"53033025101","53033",6675,3.3,5.2,3.9,4.4,7.5,2.5,12.4,22.8,9.1,22.9,2.3,0.65,0.9,0.89,0.93,0.96,0.95,0.97,0.97,0.95,0.92,0.92,0.91,"0.75 - 1"
"53033025102","53033",7878,1.6,4.4,2.9,3.2,6.6,2.1,10.6,18.7,8.3,20.3,1.8,0.31,0.76,0.66,0.68,0.85,0.8,0.83,0.79,0.86,0.81,0.72,0.72,".5 - .75"
"53033025200","53033",8985,5.1,5.7,3.9,4.2,7.1,2.4,11.3,21,9,23.1,2.2,1,0.98,0.89,0.89,0.91,0.91,0.88,0.89,0.94,0.93,0.88,0.92,"0.75 - 1"
"53033025301","53033",6330,3.9,6.1,4.1,4.4,6.8,2.5,11.6,21.9,9.3,23.5,2.3,0.76,1.05,0.93,0.93,0.87,0.95,0.91,0.93,0.97,0.94,0.92,0.92,"0.75 - 1"
"53033025302","53033",5583,8.7,6.6,6,6.2,9.8,3.5,14.5,25.5,10,29.4,3.6,1.7,1.14,1.37,1.31,1.26,1.33,1.13,1.08,1.04,1.18,1.44,1.28,"1.25 - 1.5"
"53033025400","53033",7445,1.9,4.9,4.5,5.4,8.3,2.8,15.7,25.7,10.3,24.6,2.7,0.37,0.84,1.02,1.14,1.07,1.06,1.23,1.09,1.07,0.99,1.08,0.99,"0.75 - 1"
"53033025500","53033",4794,4,5.4,4.6,5,8.1,2.8,13.7,23.4,9.4,24.6,2.7,0.78,0.93,1.05,1.06,1.04,1.06,1.07,0.99,0.98,0.99,1.08,1,"1 - 1.25"
"53033025601","53033",5644,3.2,5.9,4.4,4.5,8,2.6,11.9,20.4,8.9,24.5,2.5,0.63,1.02,1,0.95,1.03,0.99,0.93,0.87,0.92,0.98,1,0.93,"0.75 - 1"
"53033025602","53033",6356,5.4,4.7,2.9,3.1,6.1,2,10,18.2,8.2,19.7,1.7,1.06,0.81,0.66,0.66,0.78,0.76,0.78,0.77,0.85,0.79,0.68,0.78,"0.75 - 1"
"53033025701","53033",6215,5.4,5.8,4.5,4.6,7.6,2.7,12.1,23,9.5,24.8,2.6,1.06,1,1.02,0.97,0.98,1.02,0.94,0.98,0.99,0.99,1.04,1,"1 - 1.25"
"53033025702","53033",3577,4.8,5.8,3.9,4.1,7.3,2.4,10.8,20.7,9,23.7,2.2,0.94,1,0.89,0.87,0.94,0.91,0.84,0.88,0.94,0.95,0.88,0.91,"0.75 - 1"
"53033025803","53033",4755,5.3,5.1,4.5,5.6,8.1,2.8,15.6,25.5,10.8,24.9,2.8,1.04,0.88,1.02,1.19,1.04,1.06,1.22,1.08,1.12,1,1.12,1.07,"1 - 1.25"
"53033025804","53033",3614,6.5,6.6,4.9,5.4,8.2,2.8,12.7,23.2,9.6,26.3,2.7,1.27,1.14,1.12,1.14,1.05,1.06,0.99,0.98,1,1.05,1.08,1.09,"1 - 1.25"
"53033025805","53033",5197,3.8,5.1,3.8,4.4,7.6,2.5,12.9,22.8,9.5,23.7,2.3,0.74,0.88,0.87,0.93,0.98,0.95,1.01,0.97,0.99,0.95,0.92,0.92,"0.75 - 1"
"53033025806","53033",5329,4.3,5.2,3.6,3.6,7.4,2.3,10.3,19.6,8.6,23,2.2,0.84,0.9,0.82,0.76,0.95,0.87,0.8,0.83,0.89,0.92,0.88,0.85,"0.75 - 1"
"53033026001","53033",5704,7.9,5.5,4.2,4.6,8.7,2.7,12.7,23.9,10.1,26.8,2.6,1.54,0.95,0.96,0.97,1.12,1.02,0.99,1.01,1.05,1.07,1.04,1.07,"1 - 1.25"
"53033026002","53033",8529,3.5,5.3,5,5.4,9.8,3.1,14.1,25.3,10.2,28.1,3.2,0.68,0.91,1.14,1.14,1.26,1.18,1.1,1.07,1.06,1.13,1.28,1.08,"1 - 1.25"
"53033026100","53033",8327,3.4,6.6,6.8,7.7,10.2,3.6,17.4,27.5,10.7,31.1,4,0.66,1.14,1.55,1.63,1.31,1.37,1.36,1.17,1.11,1.25,1.6,1.28,"1.25 - 1.5"
"53033026500","53033",4392,5.4,5.9,7.8,7.7,14.8,4.3,18.2,27.9,10.3,34,4.6,1.06,1.02,1.78,1.63,1.9,1.63,1.42,1.18,1.07,1.36,1.84,1.45,"1.25 - 1.5"
"53033028300","53033",5241,4.8,3.9,2.9,3.2,6.9,2.1,12.1,19,8.5,20.4,1.8,0.94,0.67,0.66,0.68,0.89,0.8,0.94,0.81,0.88,0.82,0.72,0.8,"0.75 - 1"
"53033029004","53033",4078,3.4,4.2,5.3,7.2,10.3,3.4,21,32.1,11.4,27.1,3.4,0.66,0.72,1.21,1.52,1.32,1.29,1.64,1.36,1.18,1.09,1.36,1.21,"1 - 1.25"
"53033029101","53033",3096,4.9,4.8,3.5,4,7.4,2.4,12.2,20.4,8.9,22.4,2.2,0.96,0.83,0.8,0.85,0.95,0.91,0.95,0.87,0.92,0.9,0.88,0.89,"0.75 - 1"
"53033029102","53033",4324,7.3,6.1,5,5.8,8.8,2.9,14.5,24.8,10.2,26.8,2.9,1.43,1.05,1.14,1.23,1.13,1.1,1.13,1.05,1.06,1.07,1.16,1.15,"1 - 1.25"
"53033029203","53033",4244,5.7,5.1,5.8,7.2,9.7,3.4,19.9,29.4,10.8,28.2,3.6,1.11,0.88,1.32,1.52,1.25,1.29,1.55,1.25,1.12,1.13,1.44,1.26,"1.25 - 1.5"
"53033029204","53033",7360,2.4,4.4,3.5,4.4,7,2.4,13.8,23.1,10,21.9,2.2,0.47,0.76,0.8,0.93,0.9,0.91,1.08,0.98,1.04,0.88,0.88,0.87,"0.75 - 1"
"53033029205","53033",4659,4.1,5.2,4.1,5,7.8,2.6,13.8,24.6,9.8,24,2.5,0.8,0.9,0.93,1.06,1,0.99,1.08,1.04,1.02,0.96,1,0.98,"0.75 - 1"
"53033029206","53033",4409,5,5.5,5.9,7.2,10.4,3.6,18,29.1,11,28.3,3.6,0.98,0.95,1.34,1.52,1.34,1.37,1.4,1.24,1.14,1.13,1.44,1.26,"1.25 - 1.5"
"53033029303","53033",7473,11.4,6.3,4.6,4.6,8.3,2.8,11.5,20.8,9.1,25.9,2.7,2.23,1.09,1.05,0.97,1.07,1.06,0.9,0.88,0.95,1.04,1.08,1.14,"1 - 1.25"
"53033029304","53033",5237,3.5,5.6,3.7,4,6.8,2.3,11.1,20.2,8.9,22.3,2.1,0.68,0.97,0.84,0.85,0.87,0.87,0.87,0.86,0.92,0.89,0.84,0.86,"0.75 - 1"
"53033029305","53033",4256,3.4,6.9,5.1,5.2,9,2.9,11.6,21.1,9,27.4,2.8,0.66,1.19,1.16,1.1,1.16,1.1,0.91,0.9,0.94,1.1,1.12,1.03,"1 - 1.25"
"53033029305","53033",4256,3.4,6.6,5,5,8.6,2.8,11.6,20.4,8.9,26.6,2.8,0.66,1.14,1.14,1.06,1.11,1.06,0.91,0.87,0.92,1.07,1.12,1,"1 - 1.25"
"53033029406","53033",5174,2.8,5.8,4.4,4.8,8.2,2.6,12.2,21.2,9.1,25,2.5,0.55,1,1,1.02,1.05,0.99,0.95,0.9,0.95,1,1,0.94,"0.75 - 1"
"53033029407","53033",4639,8.5,4.9,4.5,5.8,8.7,2.9,16.7,26.4,10.8,25.3,2.8,1.66,0.84,1.02,1.23,1.12,1.1,1.3,1.12,1.12,1.01,1.12,1.16,"1 - 1.25"
"53033029408","53033",3993,2.5,4.2,4.2,5.4,8.8,2.8,17.2,26.2,10.5,24.4,2.7,0.49,0.72,0.96,1.14,1.13,1.06,1.34,1.11,1.09,0.98,1.08,1,"1 - 1.25"
"53033029502","53033",7516,2.2,5.3,4.5,5.3,8.4,2.7,14.7,22.6,9.7,24.8,2.6,0.43,0.91,1.02,1.12,1.08,1.02,1.15,0.96,1.01,0.99,1.04,0.97,"0.75 - 1"
"53033029503","53033",8828,5,4.2,4.7,6.2,9.1,3,19.6,27.5,10.8,25.3,3,0.98,0.72,1.07,1.31,1.17,1.14,1.53,1.17,1.12,1.01,1.2,1.13,"1 - 1.25"
"53033029504","53033",6103,3.6,5.5,5.2,6.4,9,3.2,17,27,11.1,26.9,3.3,0.7,0.95,1.18,1.35,1.16,1.21,1.33,1.15,1.15,1.08,1.32,1.14,"1 - 1.25"
"53033029601","53033",7134,2.3,9.1,8.7,9.5,12,4,15.7,27.2,10.6,35.7,4.6,0.45,1.57,1.98,2.01,1.54,1.52,1.23,1.15,1.1,1.43,1.84,1.44,"1.25 - 1.5"
"53033029601","53033",7134,2.3,4.6,4.3,5.6,8.5,2.7,16.7,24.9,10.5,24.7,2.7,0.45,0.79,0.98,1.19,1.09,1.02,1.3,1.06,1.09,0.99,1.08,1,"1 - 1.25"
"53033029602","53033",6235,4.4,4.7,3.3,4,6.5,2.1,12.4,22.3,9.5,21.1,1.9,0.86,0.81,0.75,0.85,0.84,0.8,0.97,0.95,0.99,0.85,0.76,0.86,"0.75 - 1"
"53033029602","53033",6235,4.4,5.7,4,4.5,7.1,2.4,11.8,21.2,9.2,23.3,2.3,0.86,0.98,0.91,0.95,0.91,0.91,0.92,0.9,0.96,0.93,0.92,0.92,"0.75 - 1"
"53033029700","53033",8219,8.3,7.4,6.3,6.7,9.3,3.4,14.5,25,10.1,29.5,3.5,1.62,1.28,1.43,1.42,1.2,1.29,1.13,1.06,1.05,1.18,1.4,1.29,"1.25 - 1.5"
"53033029700","53033",8219,8.3,8.8,7.5,8.3,10.4,3.6,15.2,25.6,10.3,33,3.9,1.62,1.52,1.71,1.76,1.34,1.37,1.19,1.09,1.07,1.32,1.56,1.43,"1.25 - 1.5"
"53033029801","53033",9944,2.9,5.3,4.4,5.2,7.9,2.7,14.4,24.7,9.9,24.5,2.6,0.57,0.91,1,1.1,1.02,1.02,1.12,1.05,1.03,0.98,1.04,0.98,"0.75 - 1"
"53033029802","53033",9213,3.4,6.1,4.8,5.8,8.4,2.8,14.2,24,10.1,26.2,2.8,0.66,1.05,1.09,1.23,1.08,1.06,1.11,1.02,1.05,1.05,1.12,1.04,"1 - 1.25"
"53033029902","53033",4226,4.1,6.3,4.7,5.3,8.2,2.7,13,22.7,9.5,26.1,2.6,0.8,1.09,1.07,1.12,1.05,1.02,1.01,0.96,0.99,1.05,1.04,1.02,"1 - 1.25"
"53033030003","53033",6309,8.2,3.3,2.5,3.5,5.7,2,14,23.8,9.7,18.7,1.7,1.6,0.57,0.57,0.74,0.73,0.76,1.09,1.01,1.01,0.75,0.68,0.87,"0.75 - 1"
"53033030003","53033",6309,8.2,7.3,6,6.6,10,3.3,13.9,25.2,10.3,30.3,3.4,1.6,1.26,1.37,1.4,1.29,1.25,1.08,1.07,1.07,1.21,1.36,1.28,"1.25 - 1.5"
"53033030004","53033",8736,1.6,3.7,3.3,4.6,7.4,2.4,15.9,25.4,10.6,22,2.2,0.31,0.64,0.75,0.97,0.95,0.91,1.24,1.08,1.1,0.88,0.88,0.87,"0.75 - 1"
"53033030005","53033",5923,3.1,5.2,5.2,6.4,9.6,3.2,16.9,27.4,10.4,26.7,3.1,0.61,0.9,1.18,1.35,1.23,1.21,1.32,1.16,1.08,1.07,1.24,1.12,"1 - 1.25"
"53033030006","53033",4000,8.6,6.2,6.9,7.4,11.7,3.9,16.9,27.6,10.5,30.6,4.1,1.68,1.07,1.57,1.57,1.5,1.48,1.32,1.17,1.09,1.23,1.64,1.4,"1.25 - 1.5"
"53033030100","53033",7711,6,7.8,6,6.1,9.6,3.2,11.7,23.3,9.4,29.8,3.2,1.17,1.34,1.37,1.29,1.23,1.21,0.91,0.99,0.98,1.19,1.28,1.18,"1 - 1.25"
"53033030201","53033",5391,2.9,5.2,4.1,4.9,7.6,2.6,13.8,24,9.7,23.8,2.4,0.57,0.9,0.93,1.04,0.98,0.99,1.08,1.02,1.01,0.95,0.96,0.94,"0.75 - 1"
"53033030202","53033",6970,6.5,6.3,5.2,5.7,9.3,3.1,13.8,24.8,9.9,27.8,3.1,1.27,1.09,1.18,1.21,1.2,1.18,1.08,1.05,1.03,1.11,1.24,1.15,"1 - 1.25"
"53033030304","53033",3868,4.7,5.7,4.9,5.8,8.4,2.8,14.9,24.4,10,25.9,2.8,0.92,0.98,1.12,1.23,1.08,1.06,1.16,1.04,1.04,1.04,1.12,1.07,"1 - 1.25"
"53033030305","53033",5273,7.4,7.4,5.9,6.2,9.3,3.2,13.3,24.6,10,29.1,3.2,1.45,1.28,1.34,1.31,1.2,1.21,1.04,1.04,1.04,1.17,1.28,1.22,"1 - 1.25"
"53033030306","53033",5527,5,6.2,4.6,5.2,8.1,2.7,12.8,24,9.9,26.1,2.6,0.98,1.07,1.05,1.1,1.04,1.02,1,1.02,1.03,1.05,1.04,1.04,"1 - 1.25"
"53033030308","53033",7029,3.4,4.7,3.8,4.5,7.8,2.5,13.4,22.8,9.7,23,2.3,0.66,0.81,0.87,0.95,1,0.95,1.05,0.97,1.01,0.92,0.92,0.91,"0.75 - 1"
"53033030309","53033",5783,2.5,4.8,3.4,3.9,6.8,2.3,12.1,21.2,9.5,21.7,2.1,0.49,0.83,0.77,0.83,0.87,0.87,0.94,0.9,0.99,0.87,0.84,0.83,"0.75 - 1"
"53033030310","53033",6298,5.3,5.4,4,4,7.7,2.5,11.2,20.3,8.9,23.4,2.3,1.04,0.93,0.91,0.85,0.99,0.95,0.87,0.86,0.92,0.94,0.92,0.93,"0.75 - 1"
"53033030311","53033",5311,6,5.6,4.6,5.3,8.2,2.8,13.8,25.2,10.1,25.2,2.7,1.17,0.97,1.05,1.12,1.05,1.06,1.08,1.07,1.05,1.01,1.08,1.07,"1 - 1.25"
"53033030312","53033",4777,3.5,5.3,4.4,5.4,8.4,2.8,14.8,25.7,10.2,25.7,2.7,0.68,0.91,1,1.14,1.08,1.06,1.15,1.09,1.06,1.03,1.08,1.02,"1 - 1.25"
"53033030313","53033",4511,7.3,7.5,6.8,7.3,10.4,3.7,15,25.3,10.5,30.7,3.9,1.43,1.29,1.55,1.55,1.34,1.4,1.17,1.07,1.09,1.23,1.56,1.34,"1.25 - 1.5"
"53033030314","53033",4438,9.8,7.9,7.7,8,11.6,4.1,15.5,26,10.4,33,4.5,1.92,1.36,1.75,1.69,1.49,1.55,1.21,1.1,1.08,1.32,1.8,1.49,"1.25 - 1.5"
"53033030401","53033",9689,3.5,4.5,3.8,4.4,7.9,2.4,13.9,20.8,9.4,22.5,2.3,0.68,0.78,0.87,0.93,1.02,0.91,1.08,0.88,0.98,0.9,0.92,0.9,"0.75 - 1"
"53033030403","53033",4472,8.6,5.7,4.2,4.7,8.4,2.6,12.4,21.8,9.1,25.2,2.4,1.68,0.98,0.96,1,1.08,0.99,0.97,0.93,0.95,1.01,0.96,1.06,"1 - 1.25"
"53033030501","53033",1907,10.7,9,9.5,9.6,13,4.7,16.2,28.5,10.2,36.2,5.2,2.09,1.55,2.16,2.03,1.67,1.78,1.26,1.21,1.06,1.45,2.08,1.69,"> 1.5"
"53033030503","53033",5802,8.1,7.2,6.3,6.9,9.4,3.5,15.4,25.4,10.3,29.1,3.6,1.58,1.24,1.43,1.46,1.21,1.33,1.2,1.08,1.07,1.17,1.44,1.3,"1.25 - 1.5"
"53033030504","53033",4690,8.5,7.2,6.3,7,9.3,3.4,15.3,25.6,10.5,28.9,3.5,1.66,1.24,1.43,1.48,1.2,1.29,1.19,1.09,1.09,1.16,1.4,1.31,"1.25 - 1.5"
"53033030600","53033",5592,3.2,6.2,5.4,6.9,8.5,3,17.7,25.9,10.8,26.7,3.1,0.63,1.07,1.23,1.46,1.09,1.14,1.38,1.1,1.12,1.07,1.24,1.14,"1 - 1.25"
"53033030700","53033",4101,5.6,6.4,6.6,8.1,10,3.6,18.9,28.6,11.2,29.6,3.8,1.1,1.1,1.5,1.71,1.29,1.37,1.47,1.21,1.16,1.19,1.52,1.34,"1.25 - 1.5"
"53033030801","53033",7091,2.5,5.3,5.9,8,9.8,3.4,20.5,30.2,11.3,27.6,3.5,0.49,0.91,1.34,1.69,1.26,1.29,1.6,1.28,1.17,1.11,1.4,1.23,"1 - 1.25"
"53033030802","53033",3588,3.9,5.8,5.9,7.4,9.2,3.2,18.8,27.9,10.9,27.3,3.4,0.76,1,1.34,1.57,1.18,1.21,1.47,1.18,1.13,1.09,1.36,1.21,"1 - 1.25"
"53033031000","53033",4247,2.4,5.9,3.6,4.1,6.4,2.2,10.7,21.7,9.4,22.4,2,0.47,1.02,0.82,0.87,0.82,0.83,0.83,0.92,0.98,0.9,0.8,0.83,"0.75 - 1"
"53033031100","53033",7701,6.5,6.5,5.5,6.4,8.8,3,15.7,25.5,10.6,27.3,3.1,1.27,1.12,1.25,1.35,1.13,1.14,1.23,1.08,1.1,1.09,1.24,1.19,"1 - 1.25"
"53033031202","53033",6310,7.4,5.6,4.2,5.1,7.2,2.5,14.3,23.6,10.4,23.4,2.4,1.45,0.97,0.96,1.08,0.93,0.95,1.12,1,1.08,0.94,0.96,1.05,"1 - 1.25"
"53033031205","53033",7252,1.7,4.7,3.7,4.8,6.6,2.4,14,23.3,10,21.8,2.2,0.33,0.81,0.84,1.02,0.85,0.91,1.09,0.99,1.04,0.87,0.88,0.87,"0.75 - 1"
"53033031206","53033",5475,5.1,5.8,4.9,5.6,7.4,2.8,13.7,23,10,24.1,2.7,1,1,1.12,1.19,0.95,1.06,1.07,0.98,1.04,0.97,1.08,1.04,"1 - 1.25"
"53033031703","53033",6829,6.7,7.8,5.8,6,8.9,3.1,11.9,23.3,9.7,28.9,3.1,1.31,1.34,1.32,1.27,1.14,1.18,0.93,0.99,1.01,1.16,1.24,1.18,"1 - 1.25"
"53033031704","53033",5728,2.9,5.3,4.1,5.1,7.4,2.5,14.6,23.7,10,23.8,2.5,0.57,0.91,0.93,1.08,0.95,0.95,1.14,1.01,1.04,0.95,1,0.95,"0.75 - 1"
"53033031800","53033",4719,5.6,7.7,5.2,5.3,8.7,2.8,10.7,21.8,9.2,28.2,2.8,1.1,1.33,1.18,1.12,1.12,1.06,0.83,0.93,0.96,1.13,1.12,1.08,"1 - 1.25"
"53033031903","53033",6801,7,4.9,3.3,3.8,5.9,2.1,12.1,20.5,8.7,20.5,1.9,1.37,0.84,0.75,0.8,0.76,0.8,0.94,0.87,0.9,0.82,0.76,0.88,"0.75 - 1"
"53033031906","53033",3958,5.8,5.4,3.7,3.4,7.1,2.2,8.4,21.9,7.9,22.1,1.9,1.13,0.93,0.84,0.72,0.91,0.83,0.66,0.93,0.82,0.89,0.76,0.86,"0.75 - 1"
"53033031907","53033",8159,4.2,5.3,3.2,3.5,6.4,2.2,10.2,20.2,9,21.3,1.9,0.82,0.91,0.73,0.74,0.82,0.83,0.8,0.86,0.94,0.85,0.76,0.82,"0.75 - 1"
"53053060200","53053",2414,1.7,3.1,4,5.2,7.7,2.4,22.8,34.1,9.9,24.8,2.1,0.33,0.53,0.91,1.1,0.99,0.91,1.78,1.45,1.03,0.99,0.84,0.99,"0.75 - 1"
"53053060300","53053",4667,11.4,9.9,7.6,6.7,10.7,3.6,13.9,27.3,10.2,36.6,3.7,2.23,1.71,1.73,1.42,1.38,1.37,1.08,1.16,1.06,1.47,1.48,1.48,"1.25 - 1.5"
"53053060400","53053",3995,5.2,7.3,4.9,5.2,8.4,2.6,14.1,28.1,10.5,30,2.4,1.02,1.26,1.12,1.1,1.08,0.99,1.1,1.19,1.09,1.2,0.96,1.1,"1 - 1.25"
"53053060500","53053",4113,3.7,7.6,5.2,5.4,8.9,2.7,13.2,27.6,10.6,30.8,2.6,0.72,1.31,1.18,1.14,1.14,1.02,1.03,1.17,1.1,1.23,1.04,1.09,"1 - 1.25"
"53053060600","53053",5849,2.7,6.5,4.5,4.8,7.9,2.5,13.8,28.1,10.6,28.2,2.3,0.53,1.12,1.02,1.02,1.02,0.95,1.08,1.19,1.1,1.13,0.92,1,"1 - 1.25"
"53053060700","53053",7187,2.8,4.4,3.2,3.9,5.6,2,13.6,24.7,11.3,20.9,1.7,0.55,0.76,0.73,0.83,0.72,0.76,1.06,1.05,1.17,0.84,0.68,0.82,"0.75 - 1"
"53053060800","53053",5459,3.4,7,4.9,5.3,8.1,2.6,14.9,27.9,10.7,28.9,2.5,0.66,1.21,1.12,1.12,1.04,0.99,1.16,1.18,1.11,1.16,1,1.06,"1 - 1.25"
"53053060903","53053",3284,12.8,9.2,7.5,7.5,12.1,3.6,15.7,29.3,11,37.8,3.8,2.5,1.59,1.71,1.59,1.56,1.37,1.23,1.24,1.14,1.51,1.52,1.57,"> 1.5"
"53053060904","53053",4999,6.3,6.6,6.1,7.3,10.4,3.2,20.3,32.1,12,32.4,3.3,1.23,1.14,1.39,1.55,1.34,1.21,1.58,1.36,1.25,1.3,1.32,1.34,"1.25 - 1.5"
"53053060905","53053",6489,14.4,9.5,7.4,6.6,11.2,3.6,13.3,27.5,10.6,36.8,3.7,2.82,1.64,1.69,1.4,1.44,1.37,1.04,1.17,1.1,1.47,1.48,1.54,"> 1.5"
"53053060906","53053",2291,9.3,8.9,6.6,6.3,10.6,3.2,13.9,27.8,10.6,35.3,3.3,1.82,1.53,1.5,1.33,1.36,1.21,1.08,1.18,1.1,1.41,1.32,1.36,"1.25 - 1.5"
"53053061001","53053",4133,11.4,9.3,6.9,6.1,10.7,3.4,12.9,27.4,10.2,35.6,3.4,2.23,1.6,1.57,1.29,1.38,1.29,1.01,1.16,1.06,1.43,1.36,1.42,"1.25 - 1.5"
"53053061002","53053",4366,11.1,7.3,7.4,7.8,11.9,3.7,19.7,31.9,11.7,35.4,3.9,2.17,1.26,1.69,1.65,1.53,1.4,1.54,1.35,1.22,1.42,1.56,1.55,"> 1.5"
"53053061100","53053",6298,9.2,7.7,5.9,6,9.7,3.1,15.8,28.5,11,32.3,3.1,1.8,1.33,1.34,1.27,1.25,1.18,1.23,1.21,1.14,1.29,1.24,1.31,"1.25 - 1.5"
"53053061200","53053",5373,5.3,5.8,4.9,5.7,8.9,2.7,18.1,29.9,11.5,29.3,2.7,1.04,1,1.12,1.21,1.14,1.02,1.41,1.27,1.19,1.17,1.08,1.15,"1 - 1.25"
"53053061300","53053",5001,3.5,5,5.2,6.4,10.9,3.1,21.2,34.6,12.4,32.1,3.2,0.68,0.86,1.18,1.35,1.4,1.18,1.65,1.47,1.29,1.29,1.28,1.23,"1 - 1.25"
"53053061400","53053",3333,2.6,4,6.4,8.3,13,3.5,29.7,40.4,12.8,35.3,3.9,0.51,0.69,1.46,1.76,1.67,1.33,2.32,1.71,1.33,1.41,1.56,1.43,"1.25 - 1.5"
"53053061500","53053",5064,4.9,5.9,5.1,5.6,8.8,2.8,17,30.1,11.4,28.8,2.7,0.96,1.02,1.16,1.19,1.13,1.06,1.33,1.28,1.18,1.15,1.08,1.14,"1 - 1.25"
"53053061601","53053",1899,3.6,6.8,7.7,7.3,13.3,3.9,18.7,32.4,11.2,36.2,4.1,0.7,1.17,1.75,1.55,1.71,1.48,1.46,1.38,1.16,1.45,1.64,1.4,"1.25 - 1.5"
"53053061602","53053",816,1.3,3.9,4.5,5.3,9,2.5,20.6,33.8,10.8,28.4,2.5,0.25,0.67,1.02,1.12,1.16,0.95,1.61,1.43,1.12,1.14,1,1.04,"1 - 1.25"
"53053061700","53053",4941,4,5,4.8,5.9,10.6,2.9,20.4,33.3,12.5,31.4,3,0.78,0.86,1.09,1.25,1.36,1.1,1.59,1.41,1.3,1.26,1.2,1.19,"1 - 1.25"
"53053061800","53053",2798,2.7,5.2,5.1,6.1,10.3,2.9,20.7,33.4,11.6,30.7,2.9,0.53,0.9,1.16,1.29,1.32,1.1,1.62,1.42,1.21,1.23,1.16,1.17,"1 - 1.25"
"53053061900","53053",1770,8.5,6.3,8,8.9,14.3,4,23,37,11.8,37.8,4.4,1.66,1.09,1.82,1.88,1.84,1.52,1.79,1.57,1.23,1.51,1.76,1.62,"> 1.5"
"53053062000","53053",4550,3.4,5.8,6.4,7.8,12.1,3.4,22.8,34.6,12.2,33.9,3.6,0.66,1,1.46,1.65,1.56,1.29,1.78,1.47,1.27,1.36,1.44,1.36,"1.25 - 1.5"
"53053062300","53053",5720,3.6,5.1,5.2,6,11,3,20.1,32.1,11.4,31,3,0.7,0.88,1.18,1.27,1.41,1.14,1.57,1.36,1.18,1.24,1.2,1.19,"1 - 1.25"
"53053062400","53053",6229,4.5,6.3,6,7,10.5,3.2,20.6,32.5,11.7,32.4,3.3,0.88,1.09,1.37,1.48,1.35,1.21,1.61,1.38,1.22,1.3,1.32,1.29,"1.25 - 1.5"
"53053062500","53053",7413,2.6,5.6,5.5,6.7,10.5,3,21.1,32.8,12,31.4,3.1,0.51,0.97,1.25,1.42,1.35,1.14,1.65,1.39,1.25,1.26,1.24,1.22,"1 - 1.25"
"53053062600","53053",3501,3.1,5,4.4,5.1,8.9,2.6,17.6,31.1,11.3,28.4,2.5,0.61,0.86,1,1.08,1.14,0.99,1.37,1.32,1.17,1.14,1,1.06,"1 - 1.25"
"53053062801","53053",6956,4.1,4.8,5.2,6.8,10.4,3.1,23.1,34.9,12.8,30.8,3.2,0.8,0.83,1.18,1.44,1.34,1.18,1.8,1.48,1.33,1.23,1.28,1.26,"1.25 - 1.5"
"53053062802","53053",4380,3.9,5.6,5.2,6.1,10.5,2.9,19.3,31.1,11.6,31.4,2.9,0.76,0.97,1.18,1.29,1.35,1.1,1.51,1.32,1.21,1.26,1.16,1.19,"1 - 1.25"
"53053062900","53053",7410,2.7,4.8,4.6,5.7,9.1,2.7,20,31.6,12.1,28.2,2.6,0.53,0.83,1.05,1.21,1.17,1.02,1.56,1.34,1.26,1.13,1.04,1.1,"1 - 1.25"
"53053063000","53053",3292,2.3,5.6,5.8,7.3,10.7,3.1,22.9,33.2,12.4,31.7,3.2,0.45,0.97,1.32,1.55,1.38,1.18,1.79,1.41,1.29,1.27,1.28,1.26,"1.25 - 1.5"
"53053063100","53053",4604,8.5,6.8,6.6,7.4,11.6,3.4,20.3,31.4,11.8,34.3,3.6,1.66,1.17,1.5,1.57,1.49,1.29,1.58,1.33,1.23,1.37,1.44,1.43,"1.25 - 1.5"
"53053063200","53053",5337,4.3,6.3,5.9,6.6,10.7,3,19.5,31.1,11.3,32.4,3.1,0.84,1.09,1.34,1.4,1.38,1.14,1.52,1.32,1.17,1.3,1.24,1.25,"1.25 - 1.5"
"53053063300","53053",8776,6.1,5.8,6.3,6.7,12.6,3.5,19.7,32.1,11.3,33.7,3.6,1.19,1,1.43,1.42,1.62,1.33,1.54,1.36,1.17,1.35,1.44,1.35,"1.25 - 1.5"
"53053063400","53053",7728,5.5,6.1,6.5,7.4,12.2,3.4,21,32.6,11.7,33.8,3.5,1.08,1.05,1.48,1.57,1.57,1.29,1.64,1.38,1.22,1.35,1.4,1.37,"1.25 - 1.5"
"53053063501","53053",4238,7.5,6.3,6.5,7,12.9,3.5,19.6,32,11.6,35.3,3.7,1.47,1.09,1.48,1.48,1.66,1.33,1.53,1.36,1.21,1.41,1.48,1.42,"1.25 - 1.5"
"53053063502","53053",4754,5.6,5,5.1,5.7,11.9,3,19.4,29,11,31.6,3,1.1,0.86,1.16,1.21,1.53,1.14,1.51,1.23,1.14,1.27,1.2,1.22,"1 - 1.25"
"53053070315","53053",6181,3.3,5.4,3.7,4.2,7.6,2.2,15.3,27.2,10.2,25.9,2,0.65,0.93,0.84,0.89,0.98,0.83,1.19,1.15,1.06,1.04,0.8,0.94,"0.75 - 1"
"53053070316","53053",5684,2.5,4.7,3,3.6,6.4,1.9,14.3,25,10.1,22.7,1.7,0.49,0.81,0.68,0.76,0.82,0.72,1.12,1.06,1.05,0.91,0.68,0.82,"0.75 - 1"
"53053071601","53053",5144,4.9,2.6,3.2,3.8,8.8,2.5,20.5,30.7,9.7,22.8,1.8,0.96,0.45,0.73,0.8,1.13,0.95,1.6,1.3,1.01,0.91,0.72,0.97,"0.75 - 1"
"53053071703","53053",3737,3.4,5.5,6,6.6,11,3.4,19.6,32.2,12.1,30.9,3.4,0.66,0.95,1.37,1.4,1.41,1.29,1.53,1.37,1.26,1.24,1.36,1.25,"1.25 - 1.5"
"53053071705","53053",3741,3.5,6.5,7.6,7.8,14.9,4.2,19.7,35.9,11.5,37.8,4.1,0.68,1.12,1.73,1.65,1.92,1.59,1.54,1.52,1.19,1.51,1.64,1.47,"1.25 - 1.5"
"53053072309","53053",6534,5.2,3.5,2.5,3.3,5,1.8,14.8,25.9,11.1,19.3,1.4,1.02,0.6,0.57,0.7,0.64,0.68,1.15,1.1,1.15,0.77,0.56,0.81,"0.75 - 1"
"53053072310","53053",3921,5.4,10.9,8.9,7.8,13.5,4.1,12.8,29.1,10.4,41.2,4.2,1.06,1.88,2.03,1.65,1.74,1.55,1,1.24,1.08,1.65,1.68,1.51,"> 1.5"
"53053072312","53053",5576,4.4,5.9,4.5,4.8,8.6,2.8,14.7,29.6,11.7,28.6,2.7,0.86,1.02,1.02,1.02,1.11,1.06,1.15,1.26,1.22,1.15,1.08,1.08,"1 - 1.25"
"53053940001","53053",2813,5.2,5.7,3.8,4.2,8.1,2.2,13.6,27.4,9.9,27.4,2,1.02,0.98,0.87,0.89,1.04,0.83,1.06,1.16,1.03,1.1,0.8,0.98,"0.75 - 1"
"53053940002","53053",4434,4.7,4.6,4.3,5.3,8.8,2.5,19.3,32.8,10.9,28.2,2.3,0.92,0.79,0.98,1.12,1.13,0.95,1.51,1.39,1.13,1.13,0.92,1.09,"1 - 1.25"
"53053940005","53053",6055,2.3,5,4.1,5.1,8.6,2.4,18,29.4,11.1,27.5,2.3,0.45,0.86,0.93,1.08,1.11,0.91,1.4,1.25,1.15,1.1,0.92,1.01,"1 - 1.25"
"53053940006","53053",3279,3.9,4.4,6.2,7.8,14.8,3.9,26.2,35.2,13.5,34.4,4,0.76,0.76,1.41,1.65,1.9,1.48,2.04,1.49,1.4,1.38,1.6,1.44,"1.25 - 1.5"
"53053940007","53053",3177,4.4,5.2,5.9,7,11.9,3.2,23.1,34.2,12.4,32.4,3.4,0.86,0.9,1.34,1.48,1.53,1.21,1.8,1.45,1.29,1.3,1.36,1.32,"1.25 - 1.5"
"53053940008","53053",6097,4.7,6,4.4,4.7,8.8,2.5,14.4,27.3,10.4,28.6,2.3,0.92,1.03,1,1,1.13,0.95,1.12,1.16,1.08,1.15,0.92,1.04,"1 - 1.25"
"53053940011","53053",4299,5.7,7.8,5.5,5.2,9.8,2.8,12.5,26.6,9.9,32.8,2.7,1.11,1.34,1.25,1.1,1.26,1.06,0.98,1.13,1.03,1.31,1.08,1.15,"1 - 1.25"
"53061040100","53061",4832,5,5.6,3.8,4.3,6.2,2.2,13.5,26.1,9.4,24.7,2,0.98,0.97,0.87,0.91,0.8,0.83,1.05,1.11,0.98,0.99,0.8,0.94,"0.75 - 1"
"53061040200","53061",6242,7.4,6.6,7.5,9.4,12.4,4.1,23,35.8,11.6,35.7,4.3,1.45,1.14,1.71,1.99,1.6,1.55,1.79,1.52,1.21,1.43,1.72,1.57,"> 1.5"
"53061040300","53061",3105,7.4,7,6,6.8,9.2,3.3,18.1,32.6,10.6,32.1,3.3,1.45,1.21,1.37,1.44,1.18,1.25,1.41,1.38,1.1,1.29,1.32,1.32,"1.25 - 1.5"
"53061040400","53061",4654,2.1,5.6,4.4,5.6,7.9,2.7,17.6,31.7,10.4,28.2,2.5,0.41,0.97,1,1.19,1.02,1.02,1.37,1.35,1.08,1.13,1,1.05,"1 - 1.25"
"53061040500","53061",2366,3.6,5.5,4.8,6.6,8.7,2.9,20.8,33.7,10.9,29.7,2.8,0.7,0.95,1.09,1.4,1.12,1.1,1.62,1.43,1.13,1.19,1.12,1.17,"1 - 1.25"
"53061040700","53061",4332,3.9,5.4,6,7.7,10,3.3,23.6,36.4,10.8,32.3,3.4,0.76,0.93,1.37,1.63,1.29,1.25,1.84,1.55,1.12,1.29,1.36,1.32,"1.25 - 1.5"
"53061040800","53061",2731,8.3,6.7,5.7,6.4,9.2,3.1,16.8,30.9,10.3,31.7,3,1.62,1.15,1.3,1.35,1.18,1.18,1.31,1.31,1.07,1.27,1.2,1.28,"1.25 - 1.5"
"53061040900","53061",3070,5.9,8.3,6.1,6.3,9.6,3.2,14.1,29.8,9.8,34.1,3.1,1.15,1.43,1.39,1.33,1.23,1.21,1.1,1.26,1.02,1.37,1.24,1.25,"1.25 - 1.5"
"53061041000","53061",5524,6.4,6.8,5.5,6.3,8.8,3.1,16.8,31,10.4,31.1,3,1.25,1.17,1.25,1.33,1.13,1.18,1.31,1.32,1.08,1.25,1.2,1.23,"1 - 1.25"
"53061041100","53061",4580,6.8,6.6,5.9,6.9,9.9,3.3,18.5,32.4,10.5,32.5,3.2,1.33,1.14,1.34,1.46,1.27,1.25,1.44,1.38,1.09,1.3,1.28,1.31,"1.25 - 1.5"
"53061041201","53061",3362,3.1,5.4,4.3,5.2,8.2,2.6,16.7,30.2,9.9,27.9,2.4,0.61,0.93,0.98,1.1,1.05,0.99,1.3,1.28,1.03,1.12,0.96,1.03,"1 - 1.25"
"53061041202","53061",5874,3.1,5.9,5.6,7,10,3.2,20.3,33.4,10.6,31.6,3.2,0.61,1.02,1.28,1.48,1.29,1.21,1.58,1.42,1.1,1.27,1.28,1.23,"1 - 1.25"
"53061041303","53061",4526,4.1,5.7,4,4.8,7.6,2.5,14.6,28.6,9.8,27.3,2.2,0.8,0.98,0.91,1.02,0.98,0.95,1.14,1.21,1.02,1.09,0.88,1,"1 - 1.25"
"53061041304","53061",3077,8.6,7.6,5.1,5.1,8.5,2.8,12.2,27.2,9.5,30.9,2.6,1.68,1.31,1.16,1.08,1.09,1.06,0.95,1.15,0.99,1.24,1.04,1.17,"1 - 1.25"
"53061041400","53061",5910,3.9,6.3,5.6,7,9.3,3.1,19.9,32,11,31.1,3.1,0.76,1.09,1.28,1.48,1.2,1.18,1.55,1.36,1.14,1.25,1.24,1.23,"1 - 1.25"
"53061041500","53061",1329,3.2,6.8,5.8,6.8,9.6,3.2,18.3,33.1,10.3,33.1,3.1,0.63,1.17,1.32,1.44,1.23,1.21,1.43,1.41,1.07,1.33,1.24,1.23,"1 - 1.25"
"53061041601","53061",6232,4.2,5.9,4.3,5.3,8.3,2.6,15.9,28.7,9.9,28.7,2.4,0.82,1.02,0.98,1.12,1.07,0.99,1.24,1.22,1.03,1.15,0.96,1.06,"1 - 1.25"
"53061041605","53061",6857,2.7,4.4,3.1,4.2,6.5,2.1,15.7,27.1,9.9,23.5,1.9,0.53,0.76,0.71,0.89,0.84,0.8,1.23,1.15,1.03,0.94,0.76,0.87,"0.75 - 1"
"53061041606","53061",5423,7.7,6.1,4.4,4.8,7.5,2.7,15,26.6,9.8,26.8,2.5,1.51,1.05,1,1.02,0.96,1.02,1.17,1.13,1.02,1.07,1,1.1,"1 - 1.25"
"53061041701","53061",6057,6.5,7.7,6.2,6.6,10.1,3.4,15.8,29.6,10.2,33.3,3.4,1.27,1.33,1.41,1.4,1.3,1.29,1.23,1.26,1.06,1.33,1.36,1.3,"1.25 - 1.5"
"53061041805","53061",6364,5.7,5.9,5.2,6,9.3,3,17.7,30.7,10.2,30.3,2.9,1.11,1.02,1.18,1.27,1.2,1.14,1.38,1.3,1.06,1.21,1.16,1.19,"1 - 1.25"
"53061041806","53061",8654,2.6,4.6,4,5.2,7.7,2.5,18.4,30.3,10.6,25.8,2.3,0.51,0.79,0.91,1.1,0.99,0.95,1.44,1.29,1.1,1.03,0.92,1,"1 - 1.25"
"53061041808","53061",3873,8.5,8.4,7.1,7.6,10.7,3.7,16.1,30.3,10.7,35.1,3.7,1.66,1.45,1.62,1.61,1.38,1.4,1.26,1.29,1.11,1.41,1.48,1.44,"1.25 - 1.5"
"53061041903","53061",8115,4.7,4.8,4.8,6,9.2,3,19.9,32.9,10.5,28.6,2.8,0.92,0.83,1.09,1.27,1.18,1.14,1.55,1.4,1.09,1.15,1.12,1.16,"1 - 1.25"
"53061041904","53061",5369,2.7,4.2,4.3,5.6,8.8,2.8,20,34.3,10.3,27.4,2.6,0.53,0.72,0.98,1.19,1.13,1.06,1.56,1.46,1.07,1.1,1.04,1.08,"1 - 1.25"
"53061041905","53061",6498,2,4.3,3.7,4.7,7.3,2.3,17.7,29.7,9.9,25.3,2.1,0.39,0.74,0.84,1,0.94,0.87,1.38,1.26,1.03,1.01,0.84,0.93,"0.75 - 1"
