"","GEOID","pm25_1998","pm25_1999","pm25_2000","pm25_2001","pm25_2002","pm25_2003","pm25_2004","pm25_2005","pm25_2006","pm25_2007","pm25_2008","pm25_2009","pm25_2010","pm25_2011","pm25_2012","pm25_2013","pm25_2014","pm25_2015","pm25_2016"
"1","25003900100",11.3000001907349,11.1000003814697,9.19999980926514,9.59999990463257,11.6000003814697,10.2999997138977,9,9.65000009536743,NA,9,7.04999995231628,7.19999980926514,6.35000014305115,8.30000019073486,7.5,7.60000014305115,6.15000009536743,7.59999990463257,7.5
"2","25003900200",12.1499996185303,11.6999998092651,NA,10.0500001907349,11.9000000953674,9.04999971389771,NA,11,NA,8.69999980926514,6.95000004768372,7.25,7.90000009536743,8.59999990463257,NA,7.5,6.29999995231628,8.84999990463257,NA
"3","25003900300",12.3999996185303,11.8999996185303,8.23333326975504,11.1333335240682,12.5999999046326,10.7666670481364,9.66666666666667,9.83333301544189,NA,9.79999987284342,7.30000019073486,7.26666657129924,7.60000006357829,8.43333339691162,7.43333339691162,6.89999985694885,6,NA,6.35000014305115
"4","25003900400",11.2333334287008,11.100000222524,8.78999996185303,10.7642857347216,11.2818181297996,10.6000000238419,9.45714282989502,10.3357142039708,8.38750004768372,10.3800001144409,7.43000001907349,7.36000003814697,7.19285716329302,8.19230761894813,7.48181811246005,6.86250001192093,6.36363636363636,8.57500004768372,7.19090916893699
"5","25003900500",10.9764706106747,10.8294117871453,9.61052641115691,10.5700000127157,11.595238049825,10.3961538534898,9.22000002861023,10.3107142789023,8.28461540662325,9.82142853736877,7.29599998474121,7.21249997615814,7.03461540662325,8.46428578240531,7.47692306225116,7.01538467407227,6.56818181818182,8.81249985098839,7.26315797002692
"6","25003900600",NA,NA,9.65000009536743,10.5999999046326,11.8999996185303,11.25,9,9.20000028610229,NA,8.89999961853027,7.25,7.19999980926514,6.90000009536743,NA,7.09999990463257,6.5,6.54999995231628,9.80000019073486,6.30000019073486
"7","25003900700",10.3999998569489,10.0249998569489,9.36000003814697,10.5300000190735,10.4874999523163,10.9222223493788,9.32000007629395,11.2666664123535,NA,9.25999999046326,7.07499992847443,7.09999996423721,6.4333332379659,8.19999996821086,6.84285722460066,7.11999998092651,6.43333334392971,9.08571420397077,6.79999997880724
"8","25003900800",9.88333325915866,9.91111108991835,9.39999999671147,11.7166666785876,10.9958332379659,11.260000038147,10.1227273507552,10.0250001549721,NA,8.83999991416931,7.18571424484253,7.4277778201633,6.86500005722046,8.39411766388837,7.38571428117298,7.11904761904762,6.77272722937844,9.00869574754134,6.61500000953674
"9","25003900900",13.5666666030884,12.4000002543132,9.15000009536743,10.375,12.1999998092651,11.0250000953674,9.39999985694885,NA,NA,8.84999990463257,8.25000011920929,6.90000009536743,6.47499990463257,7.97500002384186,7.85000014305115,8.23333342870077,7.14999985694885,9.10000038146973,6.93333339691162
"10","25003901100",11.4,11.0399997711182,9.68333339691162,10.4090909090909,10.9833334287008,10.2444443702698,10.2454546148127,9.87272730740634,NA,10.2454544414173,7.68888886769613,7.13636363636364,6.08181819048795,8.20909088308161,7.31818186153065,6.74545461481268,6.66000003814697,9.02222225401137,7.43636361035434
"11","25003911100",10.8539683024089,10.8857142887418,9.27999997138977,10.2611111270057,10.8371794896248,10.8078947569195,9.45789480209351,10.3982456106889,8.78554217212171,9.07647059945499,7.7394736942492,7.32419356223076,6.93066668192546,8.17948719782707,7.3907692689162,7.4481481505029,6.61551722164812,8.50506328631051,6.9226415292272
"12","25003912100",11.1490195779239,10.8372549356199,9.26388895511627,10.5338710200402,11.284905649581,10.5979999542236,9.90204081243398,10.1906977143399,8.43888886769613,8.77142855099269,7.5652174120364,7.4576922930204,6.70357142175947,8.76382976897219,7.39245286977516,7.18947368755675,6.7276595704099,8.52241382105597,7.375
"13","25003913100",9.73243239119246,9.96756745673515,9.07499994550433,10.0966666618983,11.0807017778095,10.8000000098656,9.4390243902439,10.081632672524,8.70714289801461,8.74791669845581,7.0657142502921,7.01333333121406,6.79210527319657,8.39512199308814,7.56666668256124,7.29024392802541,6.62380950791495,8.86346155863542,6.96363637664101
"14","25003914100",9.56874998410543,9.50625002384186,9.08181819048795,10.4536232257235,11.6338709092909,10.6984615472647,9.4136363809759,9.92835817764055,8.59811329391767,9.10277777247959,7.38750001362392,7.26862746593999,6.64705880950479,8.27999999046326,7.50892856291362,7.10000001059638,6.54615383881789,8.68500003019969,7.11960783191756
"15","25003920101",12.3315789072137,12.2052631880108,9.76153845664782,11.0034483054589,10.4945946126371,10.2897436190874,9.53823535582599,10.3846154090686,8.44500008821487,8.75000005960464,7.1117647114922,7.3441176554736,6.7857142993382,8.74705879828509,7.48857143947056,7.25937500596046,6.6769230732551,8.49999995231628,7.28888889595314
"16","25003920102",11.8325581661491,11.8488371649454,9.15178573983056,10.71323530113,10.6374999555674,10.5952941333546,9.41038961534376,10.392857170105,8.62340424415913,8.66071421759469,7.07671230786467,7.11232876451048,6.73692308572622,8.3898304923106,7.42083332935969,7.20000001262216,6.53380284510868,8.92467528504211,7.01625001430511
"17","25003921300",12.542857170105,12.7999999182565,9.29999990463257,11.6500000953674,10.8499999841054,10.0444445080227,9.35714272090367,10.3499999046326,8.52499993642171,8.73333334922791,7.25454551523382,7.31111113230387,6.74000000953674,8.77777777777778,7.27500003576279,6.94999998807907,6.68000001907349,8.87999992370606,7.2363636710427
"18","25003921400",12.3999999046326,12.3699999809265,8.50000003178914,10.9437500238419,10.5894736741718,10.327777783076,9.60000001059638,10.4500000476837,8.6450001001358,8.65999984741211,7.1894736540945,7.02857143538339,6.64117644814884,8.69285712923322,7.3,7.25384620519785,6.53571428571429,8.83124998211861,7.34999999403954
"19","25003921500",12.3299999237061,12.4500000953674,9.17142854418073,10.8153844980093,10.6949999809265,10.1999999455043,9.41578942851016,10.1799999237061,8.42499995231628,8.65999994277954,7.46666661898295,7.51176463856417,6.63846158981323,8.36249998211861,7.56428565297808,7.4200000445048,6.36428570747375,9.31000008583069,7.44444441795349
"20","25003922100",7.04999995231628,7.54999995231628,NA,11.7000002861023,10.1500000953674,8.60000038146973,9.69999980926514,11.25,10.3499999046326,9.40000009536743,NA,6.5,6.69999980926514,8.10000038146973,7.64999985694885,7.40000009536743,6.35000014305115,9.69999980926514,7.40000009536743
"21","25003922200",10.6999998092651,10.1999998092651,9.28636360168457,10.7741934868597,10.772972957508,10.9081081441931,9.54230774365939,10.2454545136654,9.46578946866487,9.00000011920929,6.84444443384806,7.00000001766064,6.47407402815642,8.26666671037674,7.42500005449568,7.16071433680398,6.50689656158973,9.1620689918255,6.93939392494433
"22","25003922300",9.80000019073486,9.89999961853027,8.85454550656405,10.6999999455043,11.2476190385364,11.1388889948527,9.2466667175293,10.1374999284744,9.3125,8.67272732474587,7.17500007152557,7.20000003178914,6.97999989191691,8.38500008583069,7.62222221162584,7.40526314785606,6.75789479205483,8.85789474688078,6.98823530533735
"23","25003923100",11.0733334011502,11.0777777989705,9.04754093045094,10.3596774531949,10.7329113573968,10.664788736424,9.66190474373954,10.3615384762104,9.02658231348931,9.18367339153679,8.06222225824992,7.44285717180797,6.57017543859649,8.39193545618365,7.42307695242075,7.33918919434419,6.89607842763265,8.52222222752041,6.51639342698895
"24","25003924100",9.33181821216236,9.36818179217252,8.86341461321203,10.3399999985328,11.4608695196069,10.9219999885559,9.24772728573192,10.1939999580383,8.70697680185008,8.82380949883234,7.1642857392629,7.30192310076493,6.78461537911342,8.55909091776068,7.45964915292305,7.52857145581927,6.64528301526915,8.7311110496521,6.95416672031085
"25","25003925100",9.6422680481193,9.79690724795627,9.25128204394609,10.5396039556749,11.0399999965321,11.0620370529316,9.33417722243297,9.88000000317891,8.86774193086932,9.21460675121693,7.2350000333786,7.1111111262488,6.75955056608393,8.46021508145076,7.44651165119437,7.09426230680747,6.369411760218,9.00000004401574,7.22500000829282
"26","25003926100",9.67321428656578,9.48035720416478,8.39384614504301,10.3478632421575,11.312612567936,11.0610526335867,9.30097086452743,9.79818179390647,8.64018695153923,8.9298076904737,7.06900000095367,7.18876405780235,6.6965116290159,8.47127662821019,7.52222222222222,7.32187502582868,6.61081081682497,8.94800004482269,7.10180180781596
"27","25003931100",12.3272727619518,12.5454543720592,10.3392856802259,10.7523810295832,10.1185184054905,10.713333384196,9.67272729584665,10.033333344893,8.59999999133023,8.53333341714108,7.01249998807907,7.11379314291066,7.08750002086163,8.38333338101705,7.36666667019879,7.17777778484203,6.40624997019768,8.49090907790444,7.375
"28","25003931300",9.81527778175142,9.93611110581292,9.21692304244408,11.0913386157179,11.0086419817842,10.6193798937539,9.6323308155949,10.4249999920527,8.92603555938901,8.72499995807122,7.31311474080946,7.129752092125,6.73277310363385,8.32049186503301,7.49682539606851,7.17741933945687,6.7370370582298,8.91382112735655,7.00800001144409
"29","25003931400",10.8788135294187,10.7898305634321,9.46399997711182,10.4956790252968,11.0526666704814,10.8854961686462,9.67443609596195,10.3467741858575,9.34722219573127,9.01857141767229,7.37181820435957,7.33435115013414,6.77857140132359,8.4737226702001,7.45507246860559,7.19411766762827,6.60305343147453,8.75178572109767,7.34210529662015
"30","25003932200",9.69162012345298,9.74804471191747,8.83919599906883,10.4385321118416,11.1541871789641,11.1762430865462,9.5,9.98055554760827,8.49370625302508,9.05620443733939,7.12275449387328,7.34457831497652,6.8644329936234,8.47307693303286,7.37407407558784,7.15337838675525,6.69891302481942,8.71801245730856,7.24829544533383
"31","25003932300",10.5394737093072,10.3210525638179,9.35999998516507,10.5566666841507,10.7557691794175,11.087500055631,9.53617022899871,10.0795454545455,9.16666666666667,9.09166664878527,7.22830187599614,7.12127658154102,6.89777779049344,8.50512824914394,7.37777778837416,6.99268294543755,7.05434782608696,8.87619046937852,7.08400000572205
"32","25003933200",9.88651688179273,9.99213479609972,9.16333331664403,10.3250000136239,11.3466667084467,11.1326315729242,9.28900001525879,9.85106387036912,8.90000004034776,9.07441863348318,7.29899999141693,7.45714287984939,6.8528455253539,8.31016948263524,7.38202248262555,7.30224720815594,6.47706419831022,9.19012346385438,7.52199998855591
"33","25003933300",9.58799997806549,9.56399997234345,8.73839998626709,10.3419643044472,11.4357798077645,10.8249999904633,9.40094339622642,9.93518518077003,8.70480767580179,8.95673076923077,7.04942526214424,7.18144330290175,6.74020621211258,8.40439559077168,7.3915789604187,7.25961538003041,6.59056603233769,8.92772282232152,7.13333335577273
"34","25003933400",9.7550000111262,9.77611111799876,8.98823531335142,10.5131068090791,11.5545454675501,11.1734375208616,9.41526314835799,9.78309861483149,8.8521126592663,9.13298966466766,7.15343136647168,7.13604061010525,6.7899521344016,8.65795454382896,7.40495049599374,7.35344827038118,6.58673469874324,9.01555553807153,7.12842105062384
"35","25003934200",10.0499999382917,10.0264706050648,8.75757577202537,10.3679999828339,11.5000000325116,11.4323528794681,9.5073170778228,9.70540550592783,9.34814816934091,8.88620688997466,7.32413793432301,7.55937501788139,6.82894736842105,8.48749992847443,7.52340424314458,7.23478258174399,6.68292682926829,8.72222223988286,6.76176469466265
"36","25003934300",9.47809523173741,9.51333330699376,8.64820144845427,10.5471074049138,11.1921259962668,11.2066666557675,9.08936164734211,9.85089289290564,9.47757011484877,9.10098038000219,7.06698113567424,7.2298387019865,6.7240384725424,8.50000002750984,7.50571428026472,6.98879313057867,6.48899080119002,9.1202127476956,7.09814816492575
"37","25003935100",9.9607476920725,9.94485977208503,9.22965519674893,10.762130192751,11.106741567676,10.8058442016701,9.51456951937139,10.2699248163324,8.93571429782444,8.95714284692492,7.03673471074526,7.26590909741142,6.80263159149571,8.31111111983754,7.40000001243923,7.48560605627118,6.63481010968172,8.89027779963281,7.04222222080937
"38","25003935200",11.625,11.0624998807907,9.28749990463257,9.55384628589337,11.8624999523163,11.0153845273531,9.18888876173231,10.0833333333333,NA,9.21000003814697,7.15999999046326,7.20000002934383,6.97692309893095,8.39999997615814,7.26666662428114,7.16666666666667,6.35384618318998,8.53333314259847,6.84444438086616
"39","25003935300",9.48333326975504,10.3499997456868,9.63333304723104,12.6499998569489,9.04999987284342,9.83333333333333,8.96666669845581,10.8166666030884,8.19999996821086,8.66666666666667,7.08333333333333,7.18333331743876,6.77499985694885,8.69999980926514,7.17500007152557,7.73333342870076,6.33333317438761,8.15000009536743,7.54999995231628
"40","25011040100",9.54117649302763,9.72235296473784,9.55454546600193,10.8346590806137,10.9403628254153,10.6534210681915,9.53448276367997,10.3610619626566,9.04739232182232,8.62477610004482,7.11942856652396,7.17764706611633,6.77065868434792,8.42034385948946,7.41086352435991,7.20154322223899,6.65454545957951,8.8779661103157,6.90803572535515
"41","25011040200",9.38166660467784,9.33666665554047,9.56559136093304,11.1196581237337,10.9690789203895,10.6080882128547,9.45423733581931,10.6757009185363,9.84999998807907,8.86727272380482,7.05867771668868,7.20256412131155,6.81848740778049,8.43909091949463,7.50517239241764,7.16964286565781,6.67478992558327,8.85867771038339,6.98376070739877
"42","25011040300",9.69062498211861,9.68124997615814,9.83846150911771,11.1539473721856,10.8340206441191,10.622988492593,9.64941176246194,10.4203125983477,10.4437499940395,8.81486482233615,7.33797468716585,7.15999997258186,6.77564102564103,8.47333335876465,7.36527777380413,7.28904111418006,6.70789474562595,8.77249997854233,6.94799998601278
"43","25011040400",10.8375000208616,10.7562500201166,9.50909089753122,10.7396825230311,10.7465116079464,10.4635000371933,9.49782611494479,10.4364640831289,8.88636360927062,8.97383182739543,7.31875000728501,7.34171779609165,6.85408804851508,8.61611112488641,7.37777778307597,7.28626373049977,6.6849710982659,8.90191083045522,7.12484474656004
"44","25011040501",12.0263157894737,11.9947368220279,9.3222222328186,10.7916667461395,11.1586207685799,10.9363636537032,9.91923079123864,10.3239999771118,9.13999996185303,8.47619043077741,7.08095232645671,7.18888892067803,7.12631574429964,8.31363625959917,7.53461538828336,7.37916668256124,6.53846152012165,8.64347826916238,6.83333333333333
"45","25011040502",11.711111134953,11.6027777857251,9.37272727489471,10.9750000139078,11.0593220096523,10.8428572075708,9.61555563608805,10.784848502188,8.81249994039536,8.76562504470348,7.08918914279422,7.1853658513325,6.77249999046326,8.64821429763522,7.41395350389702,7.3259259418205,6.78749996423721,8.75192312093881,6.87115388650161
"46","25011040600",10.1797872173025,10.2324467948143,9.32232144474983,10.4488524452585,11.0395348811334,10.8834024761722,9.59181034153905,10.1903361452728,8.20160260414466,8.96432431968483,7.39688889185588,7.21229509252017,6.84329501331081,8.44497993384978,7.40347827828449,7.11391303228295,6.55044247829809,8.84000002069676,7.13243246078491
"47","25011040701",12.5749998092651,12.8000001907349,9.42499971389771,10.2000000817435,10.0000001362392,10.6571430478777,10.457142829895,10.6285715103149,NA,8.69999980926514,7.59999990463257,7.28333330154419,6.59999990463257,7.48000001907349,7.35999994277954,7.78000011444092,6.73999996185303,9.25999984741211,6.28000011444092
"48","25011040702",12.139622625315,11.8415094861444,9.317460332598,10.4763888981607,11.1275361517201,10.9088235181921,9.63749998807907,10.4357142789023,9.03928572790963,9.84285708836147,7.2020833392938,7.32127659371559,6.67826083777607,8.3232877221826,7.45072465012039,7.66666667938232,6.68688523964804,8.50945949554443,6.92142859527043
"49","25011040800",9.94716981671891,10.2075471428205,9.2293103152308,10.4515463838872,11.0845238197417,10.6974025825401,9.59166661898295,10.2202898523082,8.3128713192326,8.75820896518764,7.34941176246194,7.2246913380093,6.90111111005147,8.43536586296268,7.39200001398722,6.84090911258351,6.60999997456868,8.62439018342553,7.35365854240045
"50","25011040900",10.943396235412,10.7660377250527,9.13055551714367,10.7297297426172,11.2037499785423,10.7093333307902,9.63378377862879,10.1823529425789,8.76129027335874,9.14500002861023,7.88400000572205,7.21666662620776,6.73287671232877,8.1264367816092,7.39552241652759,7.11999999284744,6.70563382162175,8.78333338101705,6.92950820922852
"51","25011041000",10.9500000817435,11.0642857551575,9.34999999133023,10.8125,10.7677419108729,11.0958333015442,9.6333332768193,10.1466667811076,NA,8.43809534254528,7.34736841603329,6.70555549197727,6.66666669845581,8.47142855326335,7.45454549789429,7.06086954863175,6.73478265430616,9.0333333545261,7.17916667461395
"52","25011041100",11.125,11.1916666825612,9.69999998807907,10.7615385789138,10.6333332970029,10.5611110263401,9.84375011920929,9.90000013204721,NA,8.55714280264718,7.50000005298191,6.93846148710984,6.71875,8.58235286263859,7.28461525990413,7.05555555555556,6.58461537727943,8.88823534460629,7.1
"53","25011041200",NA,NA,6.16666650772095,11.3666667938232,10.9333333969116,9.36666679382324,9.43333339691162,10.5333334604899,NA,NA,7.40000009536743,7.00000015894572,6.90000009536743,8.65000009536743,7.30000003178914,6.9333332379659,NA,8.60000038146973,7.25
"54","25011041300",12.0499997138977,12.25,9.34999990463257,9.97500014305115,10.5250000953674,11.25,10.3999998569489,10.0750000476837,NA,8,7.90000009536743,7.5,7.10000006357829,7.10000022252401,6.96666653951009,7.39999985694885,6.92499983310699,9.56666660308838,7.15000009536743
"55","25011041400",11.5333334604899,11.8333333333333,10.4333330790202,9.87500023841858,10.2249999046326,11.4000000953674,10.0499999523163,10.9749999046326,NA,8.56666692097982,6.29999995231628,6.93333339691162,7.14999985694885,8.59999990463257,7.39999993642171,6.59999990463257,8.03333346048991,8.80000019073486,6.46666669845581
"56","25011041501",10.990540568893,10.7925675591907,9.23086419223267,10.0865671693982,11.1203296472738,10.6352601051331,9.70736197606186,10.2294520351985,8.76133330027262,9.40153847474318,7.63111113795528,7.2235294342041,6.9597014953841,8.42154696237975,7.47526881258975,7.34253731058605,6.55454543349031,8.58711661005313,6.84951459088372
"57","25011041502",10.9132352506413,11.03676469887,9.32235296473784,11.0829545042732,10.878333346049,10.7202020510279,9.63894738649067,10.5000000107154,9.2085713659014,8.61714288166591,6.97681159558504,7.21969696247216,6.89999996579212,8.32323231359925,7.36886792812707,7.11914894428659,6.63510637080416,8.92068965955712,6.92903225908997
"58","25013800101",11.266666730245,10.6666669845581,8.76666673024496,9.33333333333333,9.70000028610229,10.9000000953674,9.10000006357829,10.3333333333333,8.66666666666667,8.40000009536743,7.13333336512248,8.0666667620341,6.59999990463257,8.20000012715658,7.75000023841858,7.69999980926514,7.09999990463257,8.6333335240682,6.96666669845581
"59","25013800102",12.1000003814697,11.1999998092651,9.39999961853027,11.1000003814697,9.39999961853027,10.8000001907349,9,11.1000003814697,8.39999961853027,NA,7.09999990463257,7.30000019073486,6.59999990463257,7.90000009536743,7.40000009536743,NA,9.19999980926514,8.60000038146973,6.5
"60","25013800201",10.233333269755,10.0999997456868,8,9.63333320617676,13.6000003814697,10.5,9.94999980926514,10.2000002861023,8.40000025431315,8.8666664759318,7.33333333333333,8.10000014305115,NA,8.60000038146973,6.90000009536743,6.5,6.54999995231628,9,7.59999990463257
"61","25013800202",10.4714285986764,10.0714287076678,8.6000000834465,10.4875000715256,10.8428570883615,10.5,9.25714302062988,10.2142858505249,8.78749996423721,9.23333342870077,7.88000001907349,7.37142862592425,7.25,8.11999988555908,7.35714278902326,7.76000003814697,6.375,8.23333319028219,6.81666668256124
"62","25013800300",10.2999997138977,9.59999990463257,9.10000038146973,11.75,12.8000001907349,10.5,NA,NA,8.80000019073486,9,7.09999990463257,NA,NA,8.20000028610229,NA,7.40000009536743,6.90000009536743,9.69999980926514,6.75
"63","25013800400",10.3000001907349,10.8000001907349,6.40000009536743,8.69999980926514,10.1500000953674,11.25,NA,NA,8.45000028610229,8.20000028610229,7.54999995231628,7.04999995231628,6.5,NA,7.85000014305115,7.19999980926514,6.30000019073486,5.09999990463257,6.40000009536743
"64","25013800500",9.89999961853027,10.5,8.09999990463257,8.79999971389771,10.0500001907349,11.7000002861023,NA,NA,8.95000028610229,8.59999990463257,7.14999985694885,7.10000014305115,NA,NA,7.04999995231628,6.60000014305115,6.19999980926514,8.60000038146973,6.70000004768372
"65","25013800600",8.5,8,11.3999996185303,11.5,NA,NA,8.80000019073486,NA,8.30000019073486,8.89999961853027,7.09999990463257,NA,NA,8.60000038146973,6.40000009536743,6.90000009536743,6.09999990463257,NA,NA
"66","25013800700",10.4500002861023,10.1999998092651,10.0999999046326,9.90000009536743,10.3999996185303,11.8999996185303,9.10000038146973,NA,8.25000023841858,8.59999990463257,6.85000014305115,6.69999980926514,7.80000019073486,8.60000038146973,7,9.19999980926514,6.80000019073486,9.25,7.09999990463257
"67","25013800800",12.1999998092651,12.3999996185303,8,10,11.8999996185303,10.3000001907349,9.19999980926514,10.1000003814697,NA,NA,6.09999990463257,7.09999990463257,NA,NA,NA,6.59999990463257,6,NA,7
"68","25013800900",6.69999980926514,6.5,10.2999997138977,11.1000003814697,NA,NA,8.84999990463257,NA,7.59999990463257,8.60000038146973,6.95000004768372,7.04999995231628,6.40000009536743,8.90000009536743,7.40000009536743,7.05000019073486,NA,8.30000019073486,7.09999990463257
"69","25013801101",11.6000003814697,11.8000001907349,7.69999980926514,9.69999980926514,12.3000001907349,10.3999996185303,9.19999980926514,10.3999996185303,NA,NA,7.30000019073486,7.09999990463257,NA,6.19999980926514,7.69999980926514,5.30000019073486,6.59999990463257,8.60000038146973,7.30000019073486
"70","25013801200",11.5,11.6000003814697,7.69999980926514,9.89999961853027,12,10.6000003814697,9.10000038146973,10.3999996185303,NA,NA,7,7.40000009536743,NA,8.80000019073486,7.19999980926514,7.59999990463257,NA,9.60000038146973,7.30000019073486
"71","25013801300",NA,NA,10.75,11.4499998092651,NA,NA,9.15000009536743,10.5,NA,9,8.10000014305115,6.59999990463257,6.09999990463257,8.65000009536743,6.34999990463257,8.35000014305115,6.30000019073486,8.80000019073486,5.69999980926514
"72","25013801401",11.0999997456868,11.1000000635783,10,10.2249999046326,11.4000002543132,11.266666730245,9.39999961853027,10.3000001907349,8.53333346048991,8.10000038146973,7.43333339691162,7,6.32499992847443,8.17500019073486,7.30000019073486,7.43333339691162,6.80000019073486,8.86666679382324,7.40000009536743
"73","25013801402",11.8000001907349,12.1999998092651,NA,9.10000038146973,10.6999998092651,11.6000003814697,NA,NA,8.69999980926514,NA,NA,NA,6,7.69999980926514,NA,NA,8,NA,NA
"74","25013801501",11.0500001907349,11.5500001907349,10.5,10.1666666666667,10.2999997138977,11.5999999046326,9.55000019073486,10.1000003814697,7.09999990463257,8.75,8,7.34999990463257,6.5,7.86666679382324,7.40000009536743,7.33333333333333,7,8.19999980926514,6.5
"75","25013801502",10.75,9.90000009536743,9.25,12.3999996185303,13.5500001907349,10.7000002861023,NA,NA,8.75,NA,7.45000004768372,8.20000028610229,6.34999990463257,8.30000019073486,7.40000009536743,7,6.44999980926514,6.95000004768372,6.79999995231628
"76","25013801503",10.1800001144409,9.94000015258789,8.24000005722046,9.86666679382324,12.9499998092651,10.4500002861023,9.06666660308838,9.26666673024496,8.70000028610229,7.92500007152557,7.6,7.25,6.40000009536743,8.89999997615814,7.57500004768372,7,6.63333336512248,9.27999982833862,7.00000015894572
"77","25013801601",10.0999999046326,10.3499999046326,9.03333346048991,10.9333332379659,11.9000000953674,10.1999998092651,9.0666667620341,10.1166666348775,8.29999987284342,9.13333336512248,6.75,7.300000111262,6.89999993642171,8.73333326975504,7.66000003814697,7.27499997615814,7.1600001335144,8.67999973297119,6.52499997615814
"78","25013801602",10.9499998092651,11.3499999046326,7.99999976158142,9.19999980926514,9.90000009536743,11.4000000953674,9.55000019073486,NA,9.19999980926514,9,6.79999995231628,7.10000014305115,8.55000019073486,8.09999990463257,7.40000009536743,7.15000009536743,6.79999995231628,9.39999961853027,7.34999990463257
"79","25013801603",10.0999999046326,9.97499990463257,8.69999980926514,10.8,10.8999996185303,10.8499999046326,9.06666660308838,10.5,8.32000007629395,9.26000003814697,7.84000005722046,7.07499992847443,7.40000009536743,8.35999994277954,8.82500004768372,7,6.66666666666667,9.07500004768372,7.25000011920929
"80","25013801604",9.73999996185303,9.79999980926514,10.1333333651225,10.25,10.5833333333333,10.8,9.28333346048991,9.91666650772095,8.71666669845581,9.13333328564962,6.83333333333333,7.28000001907349,7.14999985694885,8.65000009536743,7.22500002384186,7.51999998092651,6.5600001335144,8.58000011444092,7.04000005722046
"81","25013801605",10.6799999237061,10.4,10.5200000762939,10.3499999046326,10.3799999237061,10.7800001144409,9.90000009536743,9.92000007629395,8.62000007629394,9.02000007629394,6.80000019073486,7,7.24999988079071,8.20000004768372,7.39999997615814,7.62499988079071,6.92500007152557,8.43333339691162,7.55000007152557
"82","25013801700",10,10.1999998092651,7.69999980926514,10.3999996185303,12.1999998092651,10.1999998092651,9.69999980926514,9.5,8.60000038146973,8.60000038146973,NA,6.69999980926514,9.39999961853027,NA,NA,7.40000009536743,7,NA,7.69999980926514
"83","25013801800",9.89999961853027,10.1999998092651,7.69999980926514,10.3000001907349,11.8999996185303,10.3999996185303,9.60000038146973,9.60000038146973,9.10000038146973,9.10000038146973,6.30000019073486,NA,7.19999980926514,NA,NA,7.09999990463257,6.40000009536743,NA,7.40000009536743
"84","25013801902",10.3999996185303,10.6999998092651,7.90000009536743,10.1999998092651,11.6999998092651,10.6000003814697,9.5,9.60000038146973,8.80000019073486,8.69999980926514,8.19999980926514,NA,NA,NA,6.80000019073486,7.09999990463257,6.69999980926514,8.19999980926514,7.30000019073486
"85","25013802000",NA,NA,10.8999996185303,NA,10.0499997138977,10.7000002861023,8.39999961853027,9.75,9.34999990463257,8.45000028610229,7.04999995231628,6.59999990463257,7.54999995231628,9,7.30000019073486,6.90000009536743,6.25,NA,6.5
"86","25013802100",8.16666666666667,8.53333330154419,9.36666671435038,9.48333326975504,12.3666666348775,11.0499997138977,9,9.58333333333333,8.69999980926514,8.80000019073486,6.48333326975505,7.25,6.96666669845581,8.60000009536743,7.38000001907349,6.92499995231628,6.69999990463257,9.99999968210856,7.71666661898295
"87","25013802200",NA,NA,11.1999998092651,NA,10.3000001907349,10.6999998092651,8.60000038146973,9.60000038146973,8.60000038146973,8.39999961853027,7.09999990463257,6.5,6.69999980926514,8.30000019073486,NA,6.90000009536743,5.69999980926514,NA,7.59999990463257
"88","25013802300",NA,NA,11.5,NA,10.1000003814697,10.8999996185303,8.69999980926514,9.89999961853027,8.69999980926514,8.39999961853027,6.80000019073486,6.59999990463257,NA,8.39999961853027,7.30000019073486,NA,7.09999990463257,NA,NA
"89","25013802400",10.6000000635783,10.5666666030884,9.23333358764648,9.89999961853027,11.5333331425985,10.6000000635783,9.16666666666667,9.73333358764648,8.63333320617676,10.5333334604899,8.5,7,6.80000019073486,8.89999961853027,8.30000019073486,6.65000009536743,6.23333326975505,8.64999961853027,7
"90","25013802500",10.9999997615814,10.7750000953674,9.95000004768372,10.7999997138977,11.125,11.2250001430511,10.25,9.92499995231628,8.67499995231628,9.45000004768372,8.59999990463257,7.5,7.375,8.20000004768372,7.17500007152557,6.39999993642171,6.45000016689301,9,7.12499988079071
"91","25013802601",9.65000009536743,10,8.80000003178914,10.1000000635783,12.5666666030884,11.6500000953674,9.19999980926514,9.66666666666667,9.34999990463257,9.29999987284342,6.76666657129924,7.59999990463257,7.39999993642171,7.90000025431315,8.53333314259847,7.5,6.54999995231628,9.30000019073486,8.19999980926514
"92","25013810100",10.312244882389,10.1204080776292,8.36415093799807,10.279999976688,11.602325572524,10.9439999961853,9.56250001986822,9.76666670579177,8.29500000476837,9.35263149361861,7.17826086541881,7.33799996376038,6.79375006258488,8.70222217771742,7.19210529327393,7.18809526307242,6.48499997854233,8.55405411849151,7.2133333630032
"93","25013810200",9.17142868041992,9.08571427209037,8.29523813156855,9.73529420179479,11.3999999682109,10.6999999455043,9.28823527167825,9.95999997456869,7.17499983310699,9.57333335876465,7.36315792485287,8.10952388672602,6.85,8.04736842607197,7.51249998807907,7.03809524717785,6.35294117647059,9.41764710931217,7.21538459337675
"94","25013810300",9.21333338419596,9.35333331425985,8.37333329518636,11.1199998855591,11.230769267449,11.5,9.33999996185303,9.5599999109904,8.24999984105428,8.778571333204,7.09999999133023,7.58461545063899,6.85454546321522,8.85384603647085,7.43076926011306,7.14545449343595,6.18888886769613,8.78461540662325,7.17692305491521
"95","25013810403",10.1333332061768,10.1999998092651,9.89999993642171,10.8000001907349,11.4666665395101,11.1999998092651,9.26666673024496,10,10,7.09999990463257,6.83333333333333,6.40000009536743,6.73333342870076,8.19999980926514,6.69999996821086,6.19999980926514,7.36666663487752,8.89999961853027,8.24999976158142
"96","25013810404",9.83749997615814,9.86250007152557,9.28750002384186,11.4999998092651,11.4000000953674,11.0874999761581,9.22499990463257,9.17499995231628,10.1333332061768,9.45000012715658,6.74285711560931,7.1875,7.06666660308838,8.82500016689301,7.39999995912824,7.375,NA,9.55000003178914,6.46666669845581
"97","25013810412",9.64444446563721,9.62222237057156,8.74444442325168,10.7249999642372,11.2,10.6500000953674,9.20000028610229,9.66666666666667,9.84999990463257,8.46666653951009,6.76000003814697,7.22222222222222,6.71111106872559,8.7111111746894,7.25,6.68888892067803,5.96666669845581,9,7.25000011920929
"98","25013810414",9.62195119625185,9.50487806738877,8.32037035624186,10.4395833611488,11.1999999576145,11.1435897778242,9.28837215068728,9.72368421052632,9.23333326975504,9.42641507454638,7.24772726405751,7.29482759278396,6.86666667670534,8.51111112170749,7.42682926829268,6.98166664441427,6.27948720638569,9.33488373423732,7.07631579198335
"99","25013810601",9.23999996185303,9.41999988555908,8.51428576878139,11.2249999046326,11.6400001525879,11.2166665395101,9.1333335240682,9.68571431296212,8.89999961853027,9.32857145581927,6.82000007629395,7.61428580965315,7.15714284351894,8.30000003178914,6.95000004768372,6.55000003178914,6.54999995231628,8.36666663487752,6.96666669845581
"100","25013810602",9.28333330154419,9.27500001589457,8.68333331743876,9.55000003178914,12.0833333333333,11.0199999809265,9.14999961853027,9.88333328564962,9.6333335240682,8.97499990463257,7.08000001907349,7.70000000794729,7.00000004334883,8.59999998410543,7.13749998807907,6.61818174882369,7.10000014305115,9.05000003178914,6.72000007629395
"101","25013810700",8.40000009536743,8.29999987284342,8.67499995231628,10.3249998092651,10.5,9.63333320617676,9.09999990463257,9.375,9.33333365122477,9.22499990463257,6.65000009536743,7.40000009536743,7.13333320617676,8.0666667620341,7.39999997615814,6.5,6.89999997615814,9.36666679382324,7.23333342870076
"102","25013810800",10.0000003178914,10,8.26666688919067,9.16666698455811,10.1999998092651,9.80000019073486,8.83333333333333,9.30000019073486,9.05000019073486,9.23333358764648,6.66666650772095,7.30000003178914,7.23333342870076,8.83333333333333,6.94999980926514,7.40000009536743,6,9.69999980926514,7.70000012715658
"103","25013810901",9.59999990463257,10,8,7.79999995231628,NA,NA,8.75,8.94999980926514,10.3000001907349,8.90000009536743,6.90000009536743,7.09999990463257,6.60000014305115,9.04999971389771,NA,6.80000019073486,6,NA,7.30000019073486
"104","25013810902",9.89999993642171,9.29999987284342,9.16666698455811,11.3000001907349,13.0333334604899,10.7999998728434,NA,8.79999995231628,8.96666685740153,9.36666679382324,7.39999993642171,6.40000009536743,7.30000019073486,7.90000009536743,8.29999995231628,6.5,6.66666666666667,8.04999971389771,6.53333330154419
"105","25013811000",9.49999980926514,9.37999992370606,8.71999998092651,10.3999999364217,11.4500000476837,10.6399997711182,9.14999985694885,9.43999996185303,NA,9.06000003814697,7.17500007152557,7.32500004768372,6.73999996185303,8.1333335240682,7.10000014305115,6.56666660308838,6.90000009536743,8.93333371480306,7.85000002384186
"106","25013811101",NA,NA,9.59999990463257,12.75,11.2000002861023,11.1500000953674,8.30000019073486,9.94999980926514,NA,8.65000009536743,6.15000009536743,7.19999980926514,6.5,8.34999990463257,NA,6.54999995231628,NA,9.14999961853027,7.20000004768372
"107","25013811102",8.55000003178914,8.58333341280619,8.71666646003723,10.2999999523163,11.7000000476837,10.6333333651225,9.57500004768372,9.5666667620341,NA,9.21666669845581,6.97499990463257,6.57500016689301,6.78333330154419,9.32500028610229,6.70000004768372,6.38000001907349,7.0666667620341,9.27500009536743,7.06666668256124
"108","25013811200",9,8.60000038146973,9.22499990463257,12.1000001430511,11.0999997456868,11.9500002861023,NA,9.72499990463257,NA,9.42500019073486,5.47499990463257,7.27500009536743,6.97499990463257,8.375,NA,6.40000009536743,7.69999980926514,9.40000009536743,7.35000014305115
"109","25013811301",9.16666698455811,8.96666653951009,8.09999990463257,10.2600001335144,11.1200000762939,11.5,9.08000030517578,9.89999993642171,NA,8.96000003814697,7.38000001907349,7.16000003814697,6.52000007629394,8.17999992370605,8.15999994277954,6.89999990463257,6.18000011444092,8.98000001907349,7.00000015894572
"110","25013811302",9.2600001335144,9.24000005722046,8.23999993006388,10.4363637404008,10.9800000190735,11.060000038147,9.13846155313345,9.75,9.44999980926514,9.66666666666667,7.12857147625514,7.19333327611287,6.5,8.14000002543131,7.32307694508479,6.70666669209798,6.57272729006681,8.95384619786189,6.95
"111","25013811400",NA,NA,6.69999980926514,13.6000003814697,9.10000038146973,10.6000003814697,9.30000019073486,NA,NA,9.5,7.30000019073486,7.40000009536743,6.59999990463257,8.60000038146973,7.90000009536743,6.59999990463257,6.09999990463257,9.80000019073486,NA
"112","25013811500",9.30000019073486,9.19999980926514,9.10000038146973,8.39999961853027,12.5,12.1999998092651,8.80000019073486,10.1999998092651,NA,8.69999980926514,7.59999990463257,6,6.40000009536743,9.10000038146973,7.09999990463257,7.09999990463257,6.19999980926514,5.80000019073486,7.09999990463257
"113","25013811600",9,8.89999961853027,8.00000023841858,10.6500000953674,10.9000000953674,11.3000001907349,9.04999971389771,10.1999998092651,NA,9.05000019073486,7.65000009536743,6.95000004768372,6.5,8.90000009536743,7.54999995231628,6.75,6.04999995231628,7.90000009536743,6.90000009536743
"114","25013811700",NA,NA,6.69999980926514,13.5,8.89999961853027,10.6999998092651,9.10000038146973,NA,NA,9.30000019073486,7.5,7.59999990463257,6.40000009536743,8.69999980926514,7.80000019073486,6.59999990463257,6,9.80000019073486,6.90000009536743
"115","25013811800",11.8000001907349,11.6000003814697,8.89999961853027,NA,11.3999996185303,NA,9,10.1999998092651,NA,9.80000019073486,7.09999990463257,7,7.59999990463257,NA,7.59999990463257,6.69999980926514,7,6.40000009536743,NA
"116","25013811900",9.87272722070867,10.2181818702004,9.08749997615814,10.3388889630636,11.2499999566512,10.925,9.59375011920929,9.64761902037121,NA,9.15,7.32500007748604,7.36666668029059,6.80909089608626,8.68124997615814,7.35263159400538,7.14999994364652,6.27894740355642,7.83749997615814,7.52142858505249
"117","25013812002",9.79999987284342,9.76666673024496,7.92857129233224,11.9199998855591,10.3714284896851,10.9199998855591,9.04285717010498,10.5,NA,9.62857151031494,7.43333347638448,6.70000009536743,7.07142857142857,8.71666669845581,7.85714285714286,6.89999995912824,6.27142858505249,9.0399998664856,7.09999990463257
"118","25013812101",9.65624982118607,9.64374995231628,8.47916666666667,10.4095237368629,11.4333332606724,10.8047619320097,9.43157886203967,9.90476188205537,9.04000015258789,9.47826078663702,7.99999997490331,6.74583335717519,6.86956525885541,8.22105262154027,7.44374999403954,6.62083331743876,6.14666668574015,8.66315786462081,7.44210534346731
"119","25013812103",9.40000009536743,9.40000009536743,9.07499992847443,11.1999998092651,11.2000001271566,10.7749998569489,8.59999990463257,9.85000014305115,NA,8.66666666666667,7.23333326975505,6.89999997615814,6.5,8.55000019073486,7.5,6.44999992847443,7.84999990463257,8.84999990463257,7.42500007152557
"120","25013812104",9.05000019073486,8.94999980926514,9.19999980926514,8.69999980926514,12.75,11.1500000953674,8.80000019073486,10.4499998092651,NA,8.75,7.95000004768372,6.34999990463257,6.34999990463257,8.10000014305115,7.14999985694885,6.45000004768372,6,8.95000028610229,7.5
"121","25013812201",11.1666668256124,10.8166664441427,9.91666666666667,10.2000001271566,11.3250000476837,11.2200000762939,9.06666660308838,10.1999998092651,9.49999980926514,9.08333349227905,7.26666657129924,6.90000009536743,7.35000002384186,7.10000006357829,7.06666660308838,7.28333346048991,6.80000009536743,8.66666682561239,7.33333333333333
"122","25013812202",9.74285711560931,9.47142859867641,8.91428579602923,9.64285727909633,11.25,10.375,9.03333346048991,9.45714282989502,8.61666671435038,8.53333330154419,7.67142847606114,7.21428578240531,6.4,8.18000011444092,7.125,7.60000014305115,7.00000007947286,9.18571417672294,7.43333339691162
"123","25013812300",11.3999996185303,11.8000001907349,10.039999961853,9.60000038146973,10.560000038147,10.7400001525879,8.83999977111816,9.91999988555908,8.57499980926514,7.59999990463257,6.66000003814697,6.8,6.52499997615814,8.32499980926514,7.33333333333333,6.76666673024495,6.70000009536743,10,7.7
"124","25013812401",9.7899998664856,9.60499987602234,9.30555563502842,10.2200000762939,11.3500000238419,10.9750001430511,9.21052626559609,9.52499997615814,8.40588227440329,8.86315797504626,7.08571420397077,7.2352941456963,6.48571423121861,8.70769221966083,7.84736844112999,7.26666673024495,6.51333328882853,8.875,7.35625001788139
"125","25013812403",10.7999997138977,11.2000002861023,9.30000019073486,10,11.6999998092651,10.5999999046326,9.75,10.3499999046326,7.95000028610229,8.75,7,6.25,NA,NA,NA,7.09999990463257,7.04999995231628,9.25,6.5
"126","25013812404",10.339999961853,10.1199998855591,9.76000003814697,9.81999988555908,10.5,11.1999998092651,9.05000019073486,NA,9.46000022888184,9.23999996185303,6.96000003814697,7.29999995231628,6.41999998092651,7.35000014305115,7.25000011920929,7.03999996185303,6.79999995231628,8.33333365122477,7.06000003814697
"127","25013812500",9.93214276858738,9.71428571428571,8.83000008265177,10.4555555449592,10.8925926243817,11.1952381588164,9.88260866248089,9.75833328564962,8.92272728139704,8.91851859622532,7.17619046710786,7.22692306225116,6.78846153846154,8.88750000794729,7.65625,7.00476192292713,6.97826084883317,9.04347828160162,7.38947368922986
"128","25013812600",10.310000038147,10.5600001335144,9.25624999403954,11.2300000190735,12.2230769670927,10.9888888465034,9.26923076923077,9.97999992370606,8.96000003814697,8.97000007629395,6.86250004172325,6.98888879352146,6.49999992052714,8.44999992847443,7.59090904756026,7.28666671117147,6.40000003576279,8.7636363289573,7.1307692527771
"129","25013812701",10.4000000953674,10,9.64999961853027,11.6500000953674,12.5500001907349,11.1500000953674,9,NA,10.1000003814697,8.69999980926514,7.10000014305115,7.09999990463257,6.40000009536743,9.65000009536743,7.59999990463257,7.5,6.90000009536743,10.0500001907349,8.80000019073486
"130","25013812702",10.2250001430511,9.85000014305115,9.52500009536743,11.5750000476837,11.9249999523163,11.0333331425985,8.80000019073486,NA,9.26666673024496,9.36666679382324,7.35000002384186,6.76666673024495,6.5,7.85000014305115,7.65000021457672,6.875,7.02500009536743,9.13333320617676,7.12499988079071
"131","25013812800",9.36363633473714,9.38787882255785,8.8906976788543,10.202777756585,11.4085714885167,10.9655171756087,9.44054054569554,9.91794869838617,8.65624997019768,9.01111108726925,7.17999997820173,7.40750002861023,6.52258066977224,8.80303037527836,7.49687501788139,6.94347825257675,7.01034480127795,9.07500001362392,7.37297299101546
"132","25013812901",10.7,10.439999961853,9.1,11.2750000953674,12.7999998092651,11.8500001430511,9.16666698455811,10.3999996185303,8.57500004768372,8.64999985694885,7.27999992370605,7.20000004768372,7.27499997615814,8.66666666666667,6.86666663487752,7.20000004768372,6.43333339691162,8.49999988079071,6.77500009536743
"133","25013812902",9.96666675143772,9.9148148254112,9.76129028874059,10.4826087122378,11.8749999602636,11.1086956521739,9.50416672229767,9.75882356307086,8.72500004087176,8.89999996185303,6.70000004768372,7.13181820782748,6.90526317295275,8.32222215334574,7.54210522300319,7.22000003814697,6.84799999237061,9.12083335717519,7.33181819048795
"134","25013813000",9.80582524619056,9.78592234097638,8.97475345788388,10.3913502290782,11.3373650011182,10.9686498903846,9.29345088521539,9.75617976778009,8.76470589720254,9.07474225820954,7.08490098821055,7.24117646821484,6.86995074431885,8.52427886770322,7.39904988576567,7.08584071893608,6.61744472611448,8.87594935501678,7.10849514285338
"135","25013813101",10.4879998779297,10.3239999008179,8.87647064994363,9.71250006556511,11.6533333778381,10.8520000076294,9.43599996566772,9.59999997275216,8.7962962962963,8.86666671435038,6.9434782733088,7.14999999602636,6.72800001144409,8.47777779897054,7.4318182034926,7.36666667019879,6.62500001986821,8.88260872467704,6.86153846520644
"136","25013813102",9.75333334604899,9.76333327293396,9.00196074504478,10.5744186334832,11.1824999809265,11.466666618983,9.60238100233532,9.69565217391304,8.91612901995259,9.09666668574015,7.56000001907349,7.05882352941176,6.91351351866851,8.1694444153044,7.39285714285714,7.28648645813401,6.8899999777476,8.70624995231628,7.04444448153178
"137","25013813204",9.85454541986639,10.009090683677,9.4375,11.0000000866977,10.8285715239389,11.5363636016846,9.06249988079071,9.82499992847443,8.74444442325168,9.22499990463257,6.86666667461395,7.33750003576279,6.58999996185303,9.09999998410543,7.88999996185303,6.86363632028753,6.63076928945688,9.13333344459534,7.19230769230769
"138","25013813205",10.0727271166715,9.90909099578857,9.46400001525879,9.97777769300673,11.55,10.9400000254313,9.07500019073486,9.50909094376997,8.92941174787634,8.72727272727273,7.12857140813555,6.97333335876465,6.84117645375869,7.97500009536743,7.31250005960464,7.36842110282496,6.62222223811679,8.7550000667572,6.80625000596046
"139","25013813206",9.46250021457672,9.36250025033951,9.58749997615814,10.5874999761581,9.87499988079071,10.860000038147,8.97999992370606,10.137500166893,8.81249988079071,9.22499990463257,7.69999996821086,7.5142857006618,7.08333333333333,8.41428579602923,7.40000009536743,7.54999987284342,6.48000001907349,8.38000001907349,7.02000007629394
"140","25013813207",10.0400001525879,10.1199998855591,8.61666679382324,9.95999984741211,11.6166666348775,12.0749998092651,9.19999980926514,9.79999987284342,8.93333339691162,NA,6.95000004768372,9.59999990463257,6.94999992847443,8.55000007152557,7.60000014305115,7.86000003814697,6.31666668256124,8.84999990463257,7.60000014305115
"141","25013813208",10.0333331425985,9.90000025431315,9.46000022888184,11.3833333651225,10.9,10.9200000762939,9.42000007629395,9.27500009536743,8.35000014305115,8.68000011444092,6.93333339691162,6.5666667620341,6.66666666666667,8.26666673024496,7.36666671435038,7.51999998092651,6.48333334922791,8.82500004768372,6.86666663487752
"142","25013813209",9.48888884650336,9.54444434907701,8.91111119588216,10.1666665607029,11.5444445080227,11.7200000762939,8.80000019073486,9.65555551317003,9.67777771419949,8.58333349227905,6.61111111111111,7.17500007152557,6.97500002384186,7.91428572790963,7.07142857142857,7.01428576878139,6.81250005960464,9.55000019073486,7.55000007152557
"143","25013813301",9.64000005722046,9.43000001907349,9.42222224341499,11.3933332443237,11.3461538461538,11.2357142993382,9.40000005868765,9.44444433848063,8.599999944369,8.74615383148193,7.3300000667572,7.52142858505249,6.67500007152557,8.45000004768372,7.7083332935969,7.17333335876465,6.26666657129924,9.10000010899135,6.61333335240682
"144","25013813303",10.4200000762939,10.1599998474121,9.51250004768372,10.950000166893,10.8000000317891,10.8000000317891,9.38333336512248,9.57500004768372,8.63333336512248,8.74285704748971,6.61666663487752,6.96666669845581,6.5,8.18333339691162,7.9399998664856,7.26249992847443,7.06666668256124,9.21428571428571,7.08333333333333
"145","25013813304",10.0999999046326,9.75,9.41999988555908,11.3599998474121,11.6999998092651,11.5333334604899,9.625,8.79999971389771,8.09999990463257,8.67500019073486,6.69999980926514,7.57999992370605,6.21999998092651,7.74000005722046,7.26000003814697,6.96000003814697,6.68000001907349,9.40000009536743,7
"146","25013813401",10.7500002384186,10.6000001430511,9.12857157843453,10.1428571428571,12,10.7249999046326,9.13333336512248,9.51428576878139,8.52499985694885,9.22000007629395,7.16000003814697,8.6333335240682,7.36666671435038,7.875,7.56666668256124,7.81666668256124,5.96666685740153,8.90000002724784,7.47499990463257
"147","25013813403",9.96666653951009,10.0333334604899,8.75714274815151,9.84285708836147,12.0428570338658,10.5666666030884,9.52499985694885,9.58571420397077,8.52500009536743,9.1333335240682,8.32500004768372,8.94999980926514,6.95000004768372,7.75,7.48000001907349,7.54285717010498,6.51666665077209,9.5,7.69999996821086
"148","25013813404",9.48181811246005,9.34545456279408,9.19615389750554,10.2538460951585,11.6124999523163,10.84375,9.37368423060367,9.14545445008711,8.99000000953674,8.48333326975504,7.67500004172325,7.12999997138977,6.78888887829251,8.3416666785876,7.48095237641108,7.27142856234596,6.49999997350905,8.80999999046326,6.87142858051118
"149","25013813500",9.39250004291534,9.38000003099441,9.27666663328807,10.4101695125386,11.3073170592145,11.1024389964778,9.84761903399513,9.89285716556367,8.86170213780505,9.0724999666214,6.87999999788072,7.17647058823529,6.62666668362088,8.53000001907349,7.42888890372382,7.29183669966094,6.59148936576032,8.58085105774251,6.85454547405243
"150","25013813601",9.4600000222524,9.41999996503194,8.51000008583069,10.6818182685158,11.2875001033147,11.0045453851873,9.54347830233367,9.27647052091711,8.8736841302169,9.18965517241379,7.02000001907349,7.53846153846154,6.575,8.33913040161133,7.225,7.38888886239794,6.8900000333786,8.95769234804007,7.68823533899644
"151","25013813602",9.31904758725848,9.57142852601551,8.59259253961069,10.7119999694824,11.2699999809265,10.7849999904633,9.53793098186624,10.0199998855591,8.62962959430836,8.70526318801077,7.14545451511036,7.11250003178914,6.92727273160761,8.57058828017291,7.80800001144409,7.39523812702724,6.79615385715778,8.66249992450078,7.03809526988438
"152","25013813701",9.64687497913837,9.64374995231628,8.82978724418802,10.488372126291,11.3837838044038,10.8846153846154,9.071428666796,9.66176469185773,8.7393940000823,9.08000007356916,6.82195121486013,7.26176470868728,6.60277774598863,8.05263157894737,7.2027027027027,7.08536588854906,6.64358977782421,8.86666664623079,6.73243240407995
"153","25013813702",9.59827582589511,9.65172415766223,8.97000000476837,10.4758064516129,11.4612903287334,11.2018867078817,9.61666669845581,9.73800003051758,8.64848487304919,8.89137931527763,7.20666666030884,7.28245617214002,6.63962263431189,8.48771930159184,7.42500000340598,7.30833333333333,6.73859646445826,8.72758621182935,6.87962961196899
"154","25013813801",9.35000003973643,9.32166665395101,8.86363635744367,10.4369230270386,11.7846153516036,10.843137254902,9.07959186787508,9.83124999205271,8.63559320417501,8.91200004577637,7.17111110687256,7.29454543373801,6.73333335390278,8.4293103875785,7.45230772311871,7.21785718202591,6.66818180228725,8.6946428673608,6.65538462858934
"155","25013813802",9.50461537287785,9.59076925424429,8.61799996852875,10.2356322003507,11.2918604141058,11.1367088631739,9.21818179795236,9.7283783474484,8.61538458918477,8.99036147221025,7.11621624070245,7.21410256165725,6.66197185784998,8.53421055015765,7.36470589918249,7.22297295364174,6.66811595446822,8.89459457912961,7.1126582350912
"156","25015820101",9.59032252527052,9.82258057594299,9.11368420751471,10.4891304036845,11.1488095408394,10.848314617457,9.45492956671916,10.0686046245486,8.54047621999468,9.60289850096772,7.20588238099042,7.27260275409646,6.85822786258746,8.29999998171036,7.42317076427181,7.20952383677165,6.47790698117988,8.87166668574015,6.95535715988704
"157","25015820102",9.6,9.84000015258789,8.92222224341499,10.7749999761581,11.2333333757189,10.9,9.45555559794108,9.85555542839898,NA,9.44999980926514,6.98571423121861,7.12222215864393,6.73999996185303,7.95714296613421,7.33750003576279,NA,6.51250004768372,9.42000007629395,6.30000019073486
"158","25015820202",9.99583333730698,9.89375000198682,9.31538459887871,10.3722222513623,11.0602941372815,11.0785714047296,9.51935485101515,10.1723404133573,8.20405415586523,9.02982452459503,7.03684210359005,7.12978722186799,6.78297873760792,8.27735852295498,7.2719298496581,7.24736839428283,6.67115382964794,8.7803921512529,6.97450983758066
"159","25015820203",9.91290323195919,10.2290322396063,9.15849056783712,10.0696428588458,11.0264150871421,11.4170732265565,9.48709678649902,9.89374995231628,8.7176472158993,9.04444436673765,7.27714290618897,7.34634144713239,6.94074071778191,8.39565223196279,7.35000000829282,7.46,6.73750004768372,8.66333336830139,7.11612905994538
"160","25015820204",9.3467741627847,9.52580646545656,9.07590360526579,10.0725274871994,11.3892856893085,11.3438355955359,9.28032790637407,10.0139239830307,8.58979594950773,9.26093751192093,7.48793102132863,7.36438357340146,6.86931818181818,8.38767124855355,7.47866667429606,7.17586209856231,6.48648649937398,8.89827585220337,6.77999997933706
"161","25015820300",10.3235293556662,10.3941175797406,9.44545459747314,10.3526315187153,10.8583333492279,10.4999998494198,9.34999997275216,10.0157893833361,8.11052633586683,9.24736841101396,6.94736837085925,7.58571434020996,6.33636357567527,8.03999999364217,7.49000010490417,7.16249999403954,6.83846161915706,8.5555554760827,7.1599999109904
"162","25015820400",10.6000003814697,10.6000003814697,7.39999985694885,9.80000019073486,12.1000003814697,10.75,9.80000019073486,10.3999996185303,8.09999990463257,9.09999990463257,6.79999995231628,7,6.59999990463257,9.39999985694885,7.25,9.30000019073486,6.54999995231628,8.30000019073486,6.39999985694885
"163","25015820500",9.95000004768372,9.95000004768372,9.67142868041992,10.0222222540114,11.3444445927938,10.5428570338658,9.75000015894572,10.0499999523163,8.21111133363512,8.73333326975504,6.52222225401137,7.42857142857143,6.82000007629395,8.85555564032661,7.58571434020996,7.1625000834465,6.42222224341498,8.52500009536743,6.95999994277954
"164","25015820600",9.60000038146973,9.5,9.30000019073486,11.1000003814697,11.1000003814697,9.30000019073486,8.89999961853027,10.1999998092651,8,8.89999961853027,6.80000019073486,NA,7.59999990463257,8,7.09999990463257,6.5,6.90000009536743,8.39999961853027,5.30000019073486
"165","25015820700",10.0999999046326,9.91249990463257,9.45999984741211,10.2642859050206,11.138461626493,10.9583334128062,9.43076933347262,10.2090909264304,8.04000002543131,8.85714295932225,6.88666661580404,6.89999995231628,6.81111118528578,8.30769230769231,7.44285712923322,7.32499996821086,7.04285710198539,9.01538452735314,7.18000001907349
"166","25015820801",9.29583328962326,9.3416666785876,9.07999996185303,10.3750000298023,11.4879999542236,11.2888888606319,9.60000008803148,10.3593749701977,8.3531249910593,8.80833339691162,6.96818182685158,7.20869566046673,6.83461534059965,8.53076923810519,7.65925928398415,7.23846153112558,6.7619047164917,8.9095238049825,7.03200004577637
"167","25015820802",11.1999998092651,10.1999998092651,9,13,10.6999998092651,12.1999998092651,NA,10.6000003814697,8.69999980926514,8.89999961853027,NA,7.19999980926514,6.30000019073486,8.39999961853027,7.5,7.30000019073486,6.59999990463257,NA,NA
"168","25015820900",9.45624998211861,9.79791667064031,9.27428573199681,10.5847222407659,11.3584615560678,11.0761905094934,9.55217384255451,9.84057974469835,8.45833321412404,9.14545446453672,7.01063832830875,7.34411766248591,6.78354430500465,8.25972223944134,7.60967743781305,7.51212128003438,6.57384614944458,9.00652172254479,7.48076924910912
"169","25015821000",9.70000028610229,9.875,8.75000015894572,11.2000000817435,11.1999999284744,10.7714286531721,8.40000021457672,9.51428576878139,NA,8.34999990463257,6.67999992370605,7.26249992847443,6.55000001192093,8.24285704748971,7.28000001907349,6.82499998807907,6.68571424484253,8.625,8.41666666666667
"170","25015821100",10.4333333969116,10.4666668574015,7.97777785195245,11.0833333333333,11.5300001144409,10.8999999364217,8.86000003814697,8.84285722460065,NA,9.19999992847443,6.54999995231628,7.31999998092651,6.92000007629395,8.11428574153355,7.1625000834465,6.77000002861023,5.98333334922791,5.85000002384186,8
"171","25015821200",9.70000012715658,10.2333335876465,8.06666692097982,11.6666666666667,NA,10.9666665395101,8.93333307902018,10.233333269755,NA,NA,7.13333336512248,5.69999980926514,8.05000019073486,8.63333320617676,7.5,7.19999996821086,NA,10.3666667938232,7.53333330154419
"172","25015821300",9.21176478442024,9.55294123817893,8.7407406700982,10.314999961853,10.9318180951205,10.6499999653209,9.40000007549922,9.94117652668672,8.34999990463257,8.71428564616612,6.98124998807907,7.35263156890869,6.99230766296387,8.60952379589989,7.22500004768372,7.28399993896484,6.73750005165736,8.40454545888034,7.3380952108474
"173","25015821400",10.1520832777023,10.0666666428248,9.20508471990036,10.4913043215655,10.9081966368878,10.79230763362,9.60925926985564,10.1607142686844,8.06571436609541,9.1870369999497,7.05952382087708,7.09999996907002,6.99302322919979,8.29074073720861,7.54339625700465,7.27400003433228,6.843859622353,8.78085101918971,7.05740744096261
"174","25015821500",10.0142857347216,10.1857142789023,9.19354841786046,10.1204082333312,11.6878048966571,10.8547618729728,9.57714282444545,10.1121212641398,8.20000000389255,8.94999999749033,7.18108108881358,7.07741937329692,6.83428568158831,8.37105264161762,7.56341463182031,7.22972974261722,6.60769232725486,8.82631575433832,7.1153846398378
"175","25015821601",9.70000002119276,9.66666656070285,9.8888889948527,9.63333320617676,10.9583332538605,11.3888888888889,9.26666673024496,9.88888888888889,8.21666677792867,8.60833326975504,6.32499998807907,7.37142855780465,6.92857149669102,8.52222220102946,7.46249997615814,7.01249998807907,6.89090906489979,8.66666666666667,6.88888888888889
"176","25015821602",8,7.75,8.75000023841858,11.0500001907349,12,10.5250000953674,9.19999980926514,11.2250001430511,8.02500009536743,8.79999995231628,6.80000019073486,7.33333333333333,6.52499997615814,9.15000009536743,7.95000028610229,7.62500023841858,6.43333339691162,9.46666669845581,7.27500009536743
"177","25015821700",9.59047630855015,9.53809520176479,9.36176472551682,9.86571423666818,10.9999999682109,11.0541666348775,9.57619053976876,9.99333324432373,8.16857141767229,8.82222215334574,7.05000000733596,7.46666667196486,6.62500002384186,8.31923075822684,7.46086960253508,7.27500004427774,6.56153849455026,8.8749999829701,6.90000002007735
"178","25015821901",8.55000019073486,8.15000009536743,9.54999971389771,11.7000002861023,12.1500000953674,9.09999990463257,NA,11.5500001907349,7.79999995231628,8.59999990463257,6.75,6.69999980926514,6.30000019073486,7.90000009536743,7.25,6.95000004768372,6.5,7.15000009536743,6.5
"179","25015821903",9.73999977111816,10.060000038147,9.61999988555908,11,11.7000001907349,10.6800001144409,9.67999992370605,10.039999961853,8.12000007629394,9.60000038146973,7.625,7.27999992370605,6.84999990463257,8.48000011444092,7.67999992370605,6.92000007629395,6.63999996185303,8.90000009536743,5.69999980926514
"180","25015822200",8.98684220564993,9.0131578821885,9.68787875319972,11.26410254454,11.3105262455187,11.242857170105,9.45151513995546,9.71724145165805,8.13589748969445,8.69629625037864,7.41363635930148,7.42666660944621,7.06000006993612,8.3066667397817,7.49090909957886,7.26666661898295,6.55862071596343,8.8655171887628,6.81071432999202
"181","25015822300",10.3000001907349,10.839999961853,9.27272727272727,10.3874999284744,11.6142857415336,10.9125000238419,9.85000014305115,9.98750007152557,11.6000000635783,9.57500004768372,7.1,7.15555556615194,6.63333336512248,8.8125,7.76363637230613,7.7000000260093,6.73999996185303,8.4,6.54444445504083
"182","25015822401",9.22000001271566,9.57333339055379,8.70624995231628,10.3941177199869,11.223076747014,11.7214285305568,9.85000002384186,10.111764683443,9,8.73999996185303,7.15000004768372,6.93529415130615,6.49473682202791,7.97647063872393,7.49411768071792,6.99523814519246,6.63684207514713,8.66666666666667,7.30625003576279
"183","25015822402",10.9500002861023,11.6500000953674,9.02500009536743,10.2000000476837,11.1749999523163,11.375,9.9333332379659,10.2250001430511,11.5,9.19999980926514,7.15000009536743,7.12857137407575,6.22857134682792,8.51666688919067,7.61250007152557,7.58749997615814,6.53749996423721,8,6.19999992847443
"184","25015822500",9.52653057721196,9.76734699521746,8.71694917193914,10.4371428898403,11.3122806883695,11.3127272519198,9.435384618319,9.74444445352706,12,9.42790699005127,7.24509802986594,7.09473686887507,6.61964286225183,8.43870962819745,7.44754098673336,6.77662337910045,6.37741934868597,9.1875,7.2782609048097
"185","25015822601",9.72916669646899,9.81666671236356,8.75438598164341,10.1942029344863,11.3181818702004,11.0745098076615,9.32127650240634,10.0688524246216,8.20967738859115,8.96666662620776,7.4603773422961,7.06034486869286,6.73454542160034,8.2507462216847,7.67777780502562,7.02615386522733,6.50178570406778,9.03333331920483,6.84102568259606
"186","25015822603",9.84166669845581,9.80625001589457,9.31044777115779,10.1999999973136,11.1217391249062,11.1890909541737,9.3108696108279,10.2476190990872,8.22592594005443,8.99807696159069,7.00588238473032,7.11290322580645,6.98275862068965,8.38730164179726,7.45344827092927,7.05468750745058,6.58461537727943,8.62653059862098,7.21000000953674
"187","25015822605",9.7607842613669,10.04117640327,9.59242420485525,10.741666612171,11.1782608585081,10.903797439382,9.55468751490116,10.1374999880791,8.36292136117314,8.82580650237299,7.13035713774817,7.08000000317891,6.80204081048771,8.53333334337201,7.55573765957942,7.24027780691783,6.71785715648106,8.96428572280066,7.22173911246701
"188","25015822606",10.1976470498478,10.3223529310787,9.31923085603959,10.6049586800504,10.8388888615149,11.0485148665929,9.58651686250494,10.1782051905608,8.43119999313354,9.0320388553212,7.17325583724088,7.09204544262453,6.75624999403954,8.47529418047737,7.46444446775648,7.22000001072884,6.68072288582124,8.87368420048764,7.11000000635783
"189","25015822700",10.3830000114441,10.3164999771118,9.26250001558891,10.3487179532593,11.0775862171732,10.8462809885829,9.47752295940294,10.1664921525885,8.74866310160428,9.03690479199092,7.19396984637083,7.14687499403954,6.78597286060385,8.3803571675505,7.4000000013124,7.17601810860957,6.72112676011565,8.78823531051567,7.13613861858255
"190","25017300100",11.6818181818182,11.799999887293,9.59999993642171,10.875,11.2204081379637,10.3533333672418,9.65777774386936,10.2823528121499,8.65294118021049,8.48484842705004,7.29166666666667,7.1636363918131,6.70714289801461,8.56764710650724,7.22000002861023,7.06111110581292,6.45405405920905,9.12058824651382,7.29677417201381
"191","25027700100",12.9370370441013,12.8129629029168,9.30384613917424,11.00853659467,11.309345780132,10.7052083412806,9.5595959653758,10.412195170798,8.55585586702501,8.7157894623907,7.08488367879113,7.27674418826436,6.68024689474224,8.51159423330556,7.388607616666,7.13253012048193,6.65769229179774,9.0307692197653,7.15348838650903
"192","25027701100",11.2599999533759,11.2022222095066,9.19137928403657,10.9983333985011,11.0209302458652,10.5155844502635,9.55857137952532,10.4864406424054,8.8233765998444,8.70317462133983,7.17076921463013,7.09295773841965,6.82539683296567,8.37101449137149,7.23050848912385,7.16231885854749,6.73571426527841,8.8912280651561,7.13968255027892
"193","25027702200",9.97848100903668,9.85063296330126,9.58301884273313,11.04000002089,10.8217948644589,10.3895104748386,9.52265625074506,10.4669290752861,9.13518525052954,8.77524752664094,7.15039370003648,7.30234375223517,6.68499998648961,8.3723577367581,7.4229358051895,7.17767855099269,6.62666668210711,8.79696970636194,7.12960000991821
"194","25027703100",12.3250000476837,12.3124998807907,9.60000002384186,10.6499999761581,10.7846152232243,10.2230768203735,8.95714282989502,9.35000014305115,8.41538458604079,8.5,6.91999998092651,7.3300000667572,6.70909092643044,8.53636355833574,7.06249994039536,7.55833335717519,6.65454548055475,9.14000005722046,7.02499997615814
"195","25027703200",13.2624999582767,13.1562499403954,9.30666669209798,10.6560000991821,10.6785713945116,10.8680001068115,9.756521805473,10.3655173531894,8.91333332061768,8.51923078757066,7.00952377773467,7.02380952380952,6.81578944858752,8.08333335320155,7.46666669845581,7.30909089608626,6.6,9.03809515635172,7.6111110051473
"196","25027703300",11.0235293612761,10.7823529664208,9.34193549617644,10.5533333036635,10.8176469428867,10.7690476462955,9.94090908223932,10.3781250715256,8.39215690014409,8.20000004768372,6.86666669845581,7.38888887564341,6.56363634629683,8.24000001483493,7.47560982587861,7.26041666666667,6.80937500298023,8.84791662295659,6.8400000333786
"197","25027704200",10.4048276177768,10.4689654942217,9.23283579812121,10.4733333396912,11.109375,10.6872146075175,9.68750000916994,10.2250000187691,8.12786262999964,8.92153841532194,7.3643678138996,7.36129032668247,6.88961040612423,8.34278609384945,7.48267327204789,7.13376069884015,6.63749999326208,8.6120192523186,6.97482995597684
"198","25027705100",11.8872340587859,11.6361702249405,9.33090912212025,10.4792207928447,10.8218390914215,10.5974359084398,9.65342465492144,10.2589041174275,8.26451613313408,8.51428567341396,7.10000000608728,7.27857147795813,6.85662649913007,8.57564103297698,7.47764711380005,7.06153848843697,6.61451609673039,8.99016388908761,6.54629628746598
"199","25027706100",10.2114285741534,10.4157142502921,9.14653464591149,10.1548672481976,11.1787878672282,10.8443182164972,9.40714286622547,10.2249999954587,8.298333354791,9.46956519804139,7.72098765549836,7.34444443973494,6.76363635930148,8.34000004768372,7.48817203378165,7.2710526324155,6.68354430983338,8.61311480256378,7.26133333206177
"200","25027707100",9.08181797374379,8.90909090909091,8.39999995912824,10.5272727446123,9.94000000953674,10.5090908570723,9.67272732474587,10.3555555343628,8.20909083973278,NA,7.35000014305115,7.46666669845581,6.4857142993382,7.59090904756026,7.34545460614291,NA,6.45714282989502,9.34285708836147,5.98181824250655
"201","25027707300",6.54999995231628,7.19999980926514,8.94999980926514,8.93333339691162,10.5749998092651,11.1500000953674,9.80000019073486,NA,7.97500014305115,NA,8.02499997615814,6.72500002384186,7.13333336512248,9.66666666666667,7.37500011920929,6.90000009536743,6.16666666666667,10.4666668574015,7.80000019073486
"202","25027707400",11.9375001192093,11.9249999523163,8.98749983310699,10.791666785876,10.8500000238419,9.94285726547241,9.43571424484253,10.2,8.50000002980232,8.41428562573024,7.27857143538339,6.73333334922791,6.78181821649725,8.30666672388713,7.51538452735314,7.10833334922791,6.79166666666667,8.79999997880724,6.5071428503309
"203","25027707500",10.3647058991825,10.3823529411765,9.22941174226649,11.0074074180038,10.8885714122227,11.0038460951585,9.59629627510353,10.3100000858307,8.32571428843907,8.515625,7.12777776188321,7.39285717691694,7.14090912992304,8.44827579629832,7.33333333333333,7.16818185286088,6.6307692527771,8.85925921687373,6.67241377666079
"204","25027708100",10.6744186046512,10.6604651517646,9.34137932185469,10.6749999761581,11.3270588145537,10.8033707972323,9.71558444530933,10.2417722412303,8.37307697993058,8.61666666666667,7.25076925571148,7.36710526441273,6.69500001072884,8.24270837008953,7.5123457202205,7.28604652715284,6.74583330419328,8.69777779049343,6.85396827213348
"205","25027709100",9.85999994277954,10.0800000190735,9.57272729006681,10.5666666030884,11.3533332188924,10.6166665818956,10.1411763920504,10.4187499880791,8.48571423121861,10.5,7.83333333333333,7.47222214274936,6.52857136726379,8.17894739853708,7.18235296361587,6.69999980926514,6.44285716329302,8.3333333787464,7.74999988079071
"206","25027710200",10.1333335240682,9.8666664759318,9.22500014305115,11.1750001907349,10.7625000476837,11.1875002384186,10.1250001192093,10.3500000238419,8.46250021457672,8.54999971389771,8.23333326975504,7.30000001192093,7.09999990463257,8.3125,7.45714276177543,7.32499998807907,7.05714273452759,8.49999992052714,6.99999994039536
"207","25027710300",9.75714288439069,9.80000005449567,9.0142856325422,11.239999961853,10.607692351708,10.4666665395101,9.80909078771418,10.2375000715256,8.50000012715658,8.44444439146254,7.44000005722046,7.45454545454545,6.64285714285714,7.76923073255099,7.61818183552135,7.35000014305115,6.71333328882853,8.85454550656405,6.63999999364217
"208","25027710400",7.5,7.80000019073486,9.30000019073486,NA,10.6000003814697,NA,9.39999961853027,NA,8.39999961853027,8.5,7.19999980926514,8.19999980926514,6.30000019073486,7.69999980926514,NA,NA,NA,8.60000038146973,7
"209","25027710500",9.60000038146973,9.5,9.10000038146973,NA,9.89999961853027,NA,9.19999980926514,NA,8,8.30000019073486,7.09999990463257,7.19999980926514,NA,7.59999990463257,7.69999980926514,8.39999961853027,6.09999990463257,NA,8.60000038146973
"210","25027710600",7,7.30000019073486,9.30000019073486,10,10.25,9.19999980926514,8.80000019073486,NA,8.34999990463257,8.30000019073486,7.09999990463257,8.29999995231628,6.85000014305115,8.75,8.10000038146973,7.69999980926514,7.5,7.69999980926514,6.40000009536743
"211","25027710700",NA,NA,NA,10.3000001907349,10.3999996185303,9.39999961853027,NA,NA,8.19999980926514,8.19999980926514,NA,8.60000038146973,6.59999990463257,8.19999980926514,8.80000019073486,7.59999990463257,7.59999990463257,8.5,NA
"212","25027710800",9.10000038146973,9.19999980926514,9,12.3999996185303,11.1999998092651,10.8999996185303,9.10000038146973,NA,8.89999961853027,8.80000019073486,NA,6.80000019073486,NA,NA,7.59999990463257,6.69999980926514,6.5,NA,6.69999980926514
"213","25027711100",12.5499999182565,12.457142829895,9.52000002861023,11.1653845860408,10.3999999853281,10.5961538461538,9.86842115301835,10.3727273074063,8.04230768863971,8.75384613183829,6.76874998211861,7.13529410081751,6.51333338419596,8.48421061666388,7.43888892067803,7.18888889418708,6.69999992146212,9.00999987125397,6.74499995708466
"214","25027719100",10.5066665649414,10.433333269755,9.63749995827675,10.4899999856949,10.7789473282663,10.0894735988818,9.52499997615814,10.6882353389964,8.85909089175138,9.80000000529819,7.29473681198923,7.37368423060367,6.90588230245254,8.46666663487752,7.24999989782061,6.98000001907349,6.58571427209037,9.04705886279835,7.12352949030259
"215","25027720100",10.9849315146877,10.8958903404131,9.45747127204106,10.3431372502271,10.8315789875231,10.7883720619734,9.77654324048831,10.1802816928273,8.95145632456807,9.18666670481364,7.25769230646965,7.35238095692226,6.76105262354801,8.36506023751684,7.54054054054054,7.53636368838224,6.7953125089407,8.94374999403954,7.26612904763991
"216","25027721101",9.47894738849841,9.69473680696989,9.20588233891655,9.7650000890096,11.4285714091087,11.3093023300171,9.44255316511114,10.2160000133514,9.25909095460718,8.63095234689258,6.89047619274684,7.19062501192093,6.62619049208505,8.32093027026154,7.40638300713072,7.25681820782748,6.87021277813201,8.99772729656913,7.04615386327108
"217","25027721102",10.2753846095159,10.1907692102286,8.9101266015934,10.5215054122351,11.1367088390302,10.9559523605165,9.52142861230033,10.2383561591579,9.1771083797317,8.99512194424141,7.00000002014805,7.2268292496844,6.66249998410543,8.20793654426696,7.51304350728574,7.23764706779929,6.64487177897722,9.04146340998208,7.08625000715256
"218","25027722100",10.4875000227581,10.3693181926554,8.99047618593488,10.7347457449315,10.840517233158,10.8356435889065,9.37692307901906,10.2010416487853,8.57063498572698,8.98737862503644,7.06947371332269,7.24183672301623,6.62947370629562,8.38977272944017,7.38024695714315,7.04736844112999,6.53522726080634,9.17586209856231,7.27777778837416
"219","25027723100",9.66814160557975,9.80884957102548,9.30000002916194,10.3953757120695,11.1580419340334,11.0639455756363,9.5706349024697,10.1683333555857,8.75526315914957,8.99396551066432,7.02260870311571,7.25555555404179,6.72049181578589,8.34887221702059,7.43880597157265,7.24921879172325,6.67246376949808,8.78217055076777,6.85952380346873
"220","25027724100",9.73243241696744,9.75945944399447,9.27962957488166,10.7413044183151,11.3377358238652,10.9931818138469,9.15238097735814,9.99245281939237,7.48571423121861,10.0906976211903,7.13902440885218,7.1962264078968,6.65102038091543,8.17169808441738,7.38378379151628,6.91176471990698,6.51162794024445,8.87499994701809,7.31538464472844
"221","25027725100",9.29473686218262,9.4289473483437,9.194230730717,10.7481482293871,11.0425531914894,11.2521739628004,9.63030300718365,10.0535713945116,NA,9.73953492142433,7.26976750617804,7.33035715988704,6.625423706184,8.42641512852795,7.56923076739678,6.94499999682109,6.60869566253994,8.3529411203721,7.0255319209809
"222","25027726100",9.73124998807907,9.70781250298023,9.07341772996927,10.5493333562215,11.2826086818308,10.9811594175256,9.33272724151611,9.95949362501313,9.51875007152557,9.70624999205271,7.15873015116131,7.45256409889612,6.82093027026154,8.65555555290646,7.4533333381017,7.11095888973915,6.45000000681196,8.86969702171557,7.15070424281376
"223","25027726200",9.06666660308838,8.96666685740153,8.33333349227905,10.0666666030884,10.625,11.7833333015442,8.89999961853027,10.0750000476837,NA,9.39999985694885,6.85999984741211,6.45000004768372,6.73333334922791,8.54999995231628,7.53333338101705,6.76666673024495,6.33333333333333,NA,7.61666679382324
"224","25027727100",10.0333334026915,10.0969696622906,8.78571424484253,10.3948717484107,11.468888897366,10.8921052531192,9.30454540252686,10.1666666348775,NA,8.75833344459534,7.04242421641494,7.25263161408274,7.0027027001252,8.36666656262947,7.44642853736877,7.08787876186949,6.52702703991452,8.64444447888268,7.20540540282791
"225","25027728100",9.23000000317891,9.49999998410543,9.14347826916238,10.9470587898703,11.0824999570847,10.8714285714286,9.33333340397587,10.1307692527771,NA,8.6100000222524,7.45151515440507,7.57741937329692,6.85185185185185,8.27777774245651,7.34482756976424,7.36842107772827,6.83103452879807,8.70312502980232,6.79999997275216
"226","25027728200",9.66666634877523,10.266666730245,9.55000019073486,11.0199998855591,10.7199998855591,11.3499999046326,9.5,9.10000038146973,NA,8.5,7.15000009536743,6.92500007152557,6.77499997615814,8.73999996185303,7.27999992370605,7.125,6.97500002384186,9.375,6.93333339691162
"227","25027728300",9.10000006357829,9.59999974568685,8.67499989271164,9.9,11.8799999237061,10.9666666984558,9.57142870766776,10.8000000953674,NA,8.86999998092651,6.88000001907349,6.74285711560931,6.68571431296212,7.96666677792867,7.55714287076678,7.5874999165535,6.87777773539225,8.69999992847443,7.25000005960464
"228","25027728400",9.91428574153355,9.86285709653582,8.74857143674578,10.4326087184574,11.5303030014038,10.8761904807318,9.4310344498733,10.0972973076073,9.23913043478261,8.61764705882353,7.15625002980232,7.11470591320711,6.65599996566772,8.42962969674004,7.65666667620341,7.17894739853708,6.55945948007945,8.58947376201027,7.09210526315789
"229","25027729100",9.30000019073486,9.6,8.75000011920929,10,10.5333332485623,10.7000000476837,9.64999985694885,10.1444443596734,NA,9.21250009536743,6.92222213745117,6.97142853055681,6.60000002384186,8.40000009536743,7.80000005449568,7.85000014305115,6.51428576878139,8.44999992847443,7.03750002384186
"230","25027730100",9.76666673024496,10.266666730245,9.45000028610229,10.3000001907349,11.1,10.8799999237061,9.03999996185303,10.4499998092651,NA,8.69999980926514,8.20000012715658,7.86666663487752,7.125,7.85000002384186,7.76000003814697,7.29999995231628,6.39999997615814,9.08000020980835,6.83333333333333
"231","25027730500",9.45000028610229,9.70000028610229,7.10000002384186,9.70000004768372,11.4500002861023,11.6999998092651,10.25,10.3500001430511,NA,9.36666695276896,7.77499997615814,7.125,6.72500002384186,8.54999995231628,7.04999995231628,7.76666673024495,6.76666673024495,8.64999997615814,7.1333335240682
"232","25027730600",9.75,9.94999980926514,8.12857137407575,10.542857170105,11.260000038147,11.160000038147,8.98000011444092,10.3142856870379,NA,8.60000002384186,7.23333326975505,7.20000001362392,6.45714282989502,7.94000005722046,7.9,7.14285707473755,7.20000004768372,8.24999988079071,7.06000003814697
"233","25027730700",9.51999988555908,9.65999984741211,8.97777779897054,10.7111110687256,11.3999998910086,11.1428571428571,9.14999993642171,10.266666730245,NA,8.05000019073486,7.54999989271164,7.08333333333333,6.58750009536743,8.54444445504082,7.22499990463257,7.38571425846645,6.625,8.55000001192093,6.18333331743876
"234","25027730801",9.25,9.39999961853027,8.40000009536743,11.5666669209798,10.5333331425985,11.2000001271566,9.46666653951009,9.73333358764648,NA,7.09999990463257,6.96666669845581,7.39999985694885,7.5666667620341,8.66666698455811,7.25,7.79999987284342,6.73333342870076,8.63333320617676,7.16666682561239
"235","25027730901",9,9.10000038146973,8.84999990463257,10.8000001907349,9.60000038146973,10.5,9.29999971389771,10.5999999046326,9.80000019073486,9.39999961853027,7.35000014305115,6.80000019073486,6.59999990463257,8.40000009536743,7.40000009536743,7.34999990463257,6.39999985694885,8.75,6.75
"236","25027730902",9,9.19999980926514,9.19999980926514,10.8000001907349,9.39999961853027,10.5,9.34999990463257,10.3500003814697,10.1000003814697,10.6999998092651,7.34999990463257,6.80000019073486,6.59999990463257,7.90000009536743,7.40000009536743,7.74999976158142,6.20000004768372,8.20000028610229,6.55000019073486
"237","25027731001",9.20000028610229,9.25,9.66000003814697,7.92000017166138,11.1666666666667,9.94999996821086,9.29999995231628,10.8000001907349,9.62500023841858,10.4666665395101,7.26666657129924,6.76000003814697,6.79999995231628,7.65000009536743,7.86666671435038,6.98333334922791,6.65999994277954,7.63333320617676,6.49999990463257
"238","25027731002",9.79999987284342,9.66666666666667,10,10.6000003814697,11.8000001907349,10.7999998728434,10.3000001907349,8.84999990463257,9.80000019073486,9.93333339691162,7.5,6.66666666666667,7.80000003178914,8.10000006357829,7.63333336512248,7,8.10000038146973,NA,6.09999990463257
"239","25027731101",9.5,9.30000019073486,NA,10.5,12.1000003814697,11.5,10.1000003814697,8.69999980926514,9.69999980926514,9.5,NA,7,8.60000038146973,8,7.40000009536743,7.30000019073486,NA,NA,6.40000009536743
"240","25027731102",NA,NA,9.39999961853027,NA,NA,NA,9.30000019073486,11.3000001907349,10.1999998092651,8.69999980926514,7.80000019073486,6.5,6.5,8.60000038146973,7.19999980926514,8,6,8.39999961853027,NA
"241","25027731203",10.3000001907349,10.1500000953674,9.80000019073486,10.5,11.5,11.0499997138977,10,8.5,9.95000028610229,10.5,9.69999980926514,6.90000009536743,7.40000009536743,8.00000023841858,7.39999985694885,6.89999985694885,8,NA,7.25
"242","25027731204",11.1000003814697,11,9.30000019073486,NA,10.8999996185303,10.8999996185303,NA,NA,10,10.1000003814697,6.30000019073486,NA,6.59999990463257,7.59999990463257,7.69999980926514,6.80000019073486,7.90000009536743,NA,6.69999980926514
"243","25027731400",9.30000019073486,9.10000038146973,NA,10.6000003814697,12.6999998092651,11.3000001907349,10.3000001907349,8.69999980926514,10.1999998092651,9.89999961853027,NA,7.09999990463257,8.30000019073486,7.90000009536743,7.19999980926514,7.19999980926514,NA,NA,NA
"244","25027731500",NA,NA,9.30000019073486,NA,NA,NA,9,11.1999998092651,10.1000003814697,9.30000019073486,8.5,6.40000009536743,6.59999990463257,8.60000038146973,7.30000019073486,7.40000009536743,6,8.19999980926514,NA
"245","25027731600",9.30000019073486,9.39999961853027,7.59999990463257,11,9.69999980926514,10.8000001907349,9.69999980926514,9.60000038146973,NA,NA,6.80000019073486,8.10000038146973,8.30000019073486,8.60000038146973,7,8.10000038146973,6.59999990463257,8.60000038146973,6.59999990463257
"246","25027731700",NA,NA,9.60000038146973,11.8000001907349,NA,NA,9.10000038146973,10.6999998092651,10.1000003814697,10.6999998092651,7.59999990463257,7.09999990463257,7,8.5,7.40000009536743,6.90000009536743,6,8,5.80000019073486
"247","25027732500",9,8.89999961853027,NA,10.6999998092651,12,11,10.1999998092651,8.69999980926514,10.1000003814697,9.89999961853027,NA,7.30000019073486,8.19999980926514,8.10000038146973,7.30000019073486,7.40000009536743,NA,NA,NA
"248","25027732901",10.5999999046326,10.3499999046326,9.79999971389771,10.5999999046326,11.6000003814697,11.1999998092651,9.84999990463257,10.1999998092651,11.6999998092651,9.25,7,6.95000004768372,7.40000009536743,8.55000019073486,NA,6.94999980926514,6.29999995231628,12.3000001907349,NA
"249","25027732902",10.1000003814697,9.39999961853027,8.30000019073486,13,NA,10.3000001907349,10,NA,12.1999998092651,9.60000038146973,6.90000009536743,6.69999980926514,8,8.10000038146973,NA,7.19999980926514,6.30000019073486,NA,NA
"250","25027733000",11.0500001907349,11.1500000953674,9.5,NA,9.75,11.4499998092651,NA,NA,10.6999998092651,9.54999971389771,6,7.45000004768372,7.14999985694885,7.40000009536743,7.90000009536743,7,6,NA,NA
"251","25027733101",9.80000019073486,9.16666634877523,9.23333326975504,13.3333330154419,11.6999998092651,10.8999996185303,9.63333320617676,NA,9.76666673024496,9.33333333333333,6.93333339691162,7.23333342870076,8.39999993642171,8.34999990463257,7.54999995231628,6.73333342870076,5.93333339691162,9.66666666666667,NA
"252","25027733102",9.30000019073486,8.80000019073486,8.5,13.3999996185303,12.1000003814697,9.80000019073486,9.60000038146973,NA,9.80000019073486,9.5,7,6.09999990463257,8.5,NA,9.60000038146973,7.80000019073486,6.09999990463257,9.69999980926514,NA
"253","25027735100",9.71666666666667,9.56999998092651,9.03999996185303,10.2243243294793,11.06296299122,10.7647058823529,9.11724136615622,9.98124995827675,9.77727270126343,9.33000001907349,7.05555552023429,7.79259263144599,6.75000003576279,8.60370365778605,7.46666675625425,6.77250000238419,6.29999997538905,7.82352941176471,6.95200000762939
"254","25027735200",9.91904767354329,9.73333331516811,8.52173913043478,10.1666666666667,11.3652173747187,10.96,9.35714290255592,9.72380960555304,10.1449999809265,9.56666660308838,7.02000001271566,7.31999995708466,6.71481485720034,8.37619043531872,7.52000003814697,6.94074081491541,6.20434783852619,8.70588238099042,7.02631581457038
"255","25027736100",10.5,10.5363636883822,8.68181822516701,9.94000000953674,11.307143007006,10.6999999682109,9.5,9.98333334922791,12.1363637230613,9.30000003178914,7.38333328564962,7.51538467407227,6.71538470341609,8.15833342075348,8.1199999332428,6.70714279583522,6.23750001192093,9.13000001907349,7.40833326180776
"256","25027736200",10.0833334128062,10.2999999523163,9.07500004768372,10.2124998569489,10.8999999761581,11.1800001144409,9.45000004768372,9.82500004768372,11.1750000715256,8.69999980926514,7.23333326975505,6.58333333333333,7.07500004768372,8.22500014305115,7.11999998092651,6.85000002384186,6.375,8.36666663487752,7.40000009536743
"257","25027736300",10.3166667620341,10.1499999364217,9.76666657129923,10.2000001907349,10.9833334287008,11.1999998092651,9.6,9.91666682561239,11.0166665712992,9.29999971389771,7.36666663487752,6.72000007629395,6.93333331743876,8.33333325386047,7.52499985694885,6.70000004768372,5.84999990463257,9.83333333333333,7.72500002384186
"258","25027736400",11.4249999523163,10.7999999523163,9.67499995231628,11.9999997615814,10.3500001430511,11.6000000635783,9.25,9.67499995231628,12.3249998092651,9.39999961853027,7.30000019073486,6.26666673024495,7.10000002384186,8.125,7.13333320617676,7,6.5,10.1333335240682,7.5666667620341
"259","25027736500",8.90833342075348,9.22500002384186,9.49166663487752,9.81666668256124,11.3199999491374,10.9250000317891,9.69999996821086,9.52307715782752,10.9999999659402,9.52000007629394,7.25454542853616,7.07500004768372,6.77499997615814,8.39999985694885,7.49090905623002,6.74666665395101,6.65,8.49090901288119,7.00999989509583
"260","25027737100",9.30000003178914,9.63333344459534,9.11999998092651,10.1888889736599,11.0999999046326,10.8000000544957,9.67777771419949,9.53999996185303,10.4800001144409,9.06000003814697,7.48999996185303,7.41999998092651,6.83749997615814,8.41249990463257,7.7428571837289,6.58571427209037,6.32499992847443,9.16666666666667,6.83749997615814
"261","25027751102",10.4749999046326,10.5,8.96666675143772,10.5999999046326,11.9999998807907,11.0571428026472,9.69999980926514,10.1000000238419,8.85714299338204,9.31111102634006,7.65000009536743,7.55000007152557,6.61428574153355,8.2285714830671,7.46666653951009,7.4,6.15714284351894,9.31428582327706,7.35714272090367
"262","25027752100",9.43636361035434,9.3636364069852,8.60000000681196,11.0999999841054,11.6416665712992,10.7333334816827,9.01111104753282,10.260000038147,8.82500004768372,8.7888888253106,7.57142857142857,7.50909094376998,6.56250005960464,8.71666669845581,7.52222214804755,7.27000002861023,6.60999999046326,8.96153846153846,7.15454539385709
"263","25027753100",9.15909098495137,9.2113636081869,8.61186438091731,10.3824560935037,11.4674418249796,10.8760869814002,9.5863636190241,9.77755097953641,9.04545451944525,9.01555553012424,7.0703703739025,7.29285711901529,6.74418603542239,8.20217391718989,7.44999998494198,7.26590909741142,6.75999998516507,8.74255326453676,6.99019608778112
"264","25027753200",9.3166667620341,9.13333344459534,7.78181825984608,10.0555555555556,11.7124999761581,11.2000001271566,9.36000003814697,9.75454547188499,8.55000014305115,8.79090903022072,7.0999999479814,7.10000004087176,6.25555552376641,8.34285715648106,7.8374999165535,7.06666665607029,6.87500005960464,9.19999985694885,7.55714287076678
"265","25027754100",9.80645159752138,9.67096773270638,8.56571429116385,10.722222186901,11.0999999455043,10.9599999427795,9.21599998474121,9.76666669050852,8.94799993515015,8.65454543720592,7.04782616573831,6.94999997615814,6.67200002670288,8.49600002288818,7.47407404581706,7.22692311727084,6.92000001907349,8.91666666666667,7.15769237738389
"266","25027754200",9.63333320617676,9.66666666666667,9.79999987284342,11.1999998092651,11.8999999364217,12,8.70000004768372,9.94999980926514,8.75,8.54999971389771,6.5,7.10000014305115,7.19999996821086,6.25,7.40000009536743,7.40000009536743,6.56666660308838,10.1500000953674,7.40000009536743
"267","25027754300",9.30000019073486,9.69999980926514,9.5,NA,12.1999998092651,NA,7.90000009536743,10.3000001907349,8.69999980926514,8.19999980926514,NA,NA,6.59999990463257,7.80000019073486,7.40000009536743,7.30000019073486,NA,9.19999980926514,7.59999990463257
"268","25027754400",9.16000013351441,8.88000011444092,8.4399998664856,10.9200000762939,11.460000038147,10.9000001907349,8.89999985694885,9.56000003814697,8.57500004768372,8.90000009536743,7.69999990463257,7.06000003814697,6.39999993642171,8.78000001907349,7.67499995231628,7.76666673024495,7.28000001907349,9.02499985694885,7.63333320617676
"269","25027755100",10.4666668574015,10.0333331425985,7.73333326975505,11.75,9.83333365122477,10.4499998092651,6.69999980926514,10.1000003814697,8.93333339691162,8.25,7.59999990463257,8.09999990463257,6.5,8.33333365122477,8.03333330154419,7.25,6,8.25,6.75
"270","25027755200",9.63888888005857,9.5425925872944,8.71428570577076,10.1784313519796,11.0816326141357,11.0804878327905,9.31875003377596,9.73055561383565,8.86585364690641,9.03720931119697,7.05384617585402,7.24871798050709,6.81250001192093,8.28235295239617,7.44883719155955,7.33829792509688,6.73333334311461,8.74146352163175,6.80930229674938
"271","25027756101",9.93333335149856,10.0476190930321,8.3305555317137,10.8034483317671,11.315624922514,11.0750000136239,9.45151513995546,9.57777786254883,8.86111121707492,8.99090912847808,6.9586207126749,7.22727271282312,6.79655173729206,8.7766666730245,7.78181819482283,7.39259262438174,6.7639999961853,8.83999998569488,7.25600002288818
"272","25027756102",9.41538461355063,9.52692307875707,8.57108434998846,10.5987012912701,11.5636363462968,11.1319444709354,9.56056336953606,9.82465757082586,9.23906251043081,8.92424246036645,7.27794117787305,7.13384616558368,6.66617648040547,8.32941182454427,7.58939396973812,7.27777776011714,6.82857143635653,9.1400000163487,7.24918037164407
"273","25027757100",9.55000019073486,9.32500004768372,8.69000005722046,10.8555555343628,12.7428571156093,10.7571427481515,9.39999980926514,9.933333184984,8.81999998092651,9.23000011444092,6.78888898425632,6.81111113230387,7.04444450802273,8.04285710198539,7.41666666666667,6.80000003178914,6.56666668256124,8.7285714830671,6.49999992052714
"274","25027757200",NA,NA,9.30000019073486,NA,9.80000019073486,10.5,9.19999980926514,NA,NA,NA,6.40000009536743,NA,NA,NA,7.40000009536743,7.59999990463257,6.59999990463257,NA,6.90000009536743
"275","25027757300",NA,NA,9.5,NA,9.69999980926514,10.5,9.39999961853027,NA,NA,NA,6.40000009536743,7,7.80000019073486,NA,7.90000009536743,7.19999980926514,6.30000019073486,NA,6.90000009536743
"276","25027757400",8.19999980926514,8,8.49999976158142,11,10.5,10.9000000953674,9.05000019073486,9.89999961853027,9.60000038146973,8.5,NA,8.60000014305115,6.30000019073486,7.90000009536743,8.15000009536743,NA,6,8.29999971389771,NA
"277","25027757500",9.12647057982052,9.18823528289795,9.00476194563366,9.95897444700583,11.5114285877773,10.9500000043349,9.41875007748604,9.66799999237061,8.80294125220355,8.79090911691839,6.70800003051758,7.43214285373688,6.56071426187243,8.36666663487752,7.44999997432415,7.49615383148193,6.84062498807907,8.97647061067469,6.74999998410543
"278","25027758101",9.65277780426873,9.51388888888889,8.67826087578483,10.302499961853,11.6281249523163,11.5588235013625,9.38333336512248,9.69090912558816,8.84827587522309,8.85757587895249,6.91666666666667,7.10357143197741,6.64814816580878,8.68148144969234,7.38285715920585,7.13902437396166,6.95428566251482,8.77575754396843,6.69374999403954
"279","25027758102",9.78604647170666,9.94883721373802,8.47313431839445,10.2508475174338,11.4965516780985,11.2434782359911,9.40217395450758,9.65476192746844,8.74166658520699,9.03214283500399,7.09777777989705,7.22708338499069,6.73750003178914,8.36818181384693,7.41276597976685,7.05625000596046,6.50434783230657,8.94255320569302,7.10357144900731
"280","25027759100",10.7678571087973,10.3714285237449,8.5592592910484,10.4999999170718,11.196153824146,11.6684210425929,9.4578948271902,9.93478256723155,9.10434787169747,9.15333340962728,7.65714284351894,7.08076928212092,6.78571425165449,8.6619047891526,7.3695652173913,6.92000007629395,6.313043449236,8.84500005245209,7.51999998092651
"281","25027760100",10.2714284942264,10.1309522447132,8.86428562800089,10.8564102833088,11.3282050841894,10.9235294846927,9.20967741935484,9.77560983053068,8.72564098162529,9.46666671611645,7.1972222328186,7.22608694822892,6.88260868321294,8.49999996923631,7.51081080050082,7.26666662428114,6.42222224341498,9.10606062051022,7.40952381633577
"282","25027761100",9.56153843953059,9.50615384028508,8.62816902617334,10.4161764453439,11.7460000038147,10.9612902979697,9.41964284862791,9.72857145279173,7.70731696849916,9.35581398010254,7.15576919225546,6.89420290960782,6.7208333114783,8.32571426119123,7.40967743627487,7.87105267926266,6.38867927947134,9.34347825464995,7.44181819395585
"283",NA,9.36125181805823,9.13479128494158,8.46243343980607,10.2331605215234,11.1869557993455,10.7232732631937,9.55840428340866,10.3418658193339,8.81040199535031,8.96957697011914,7.09802194653101,7.22333613683806,6.76887774858617,8.45267769128792,7.42624012088641,7.19593360674674,6.67694235703854,8.88484808829012,7.05558732178647
